StudyInstanceUID,group,fold
1.2.826.0.1.3680043.8.498.10004873229099053869093324292195817260,a1124d323b5d409f680c93a30228ccd7,1
1.2.826.0.1.3680043.8.498.10004945927472656027199792075652399585,052fe1f8f59208b92cc44b457dfa57d5,3
1.2.826.0.1.3680043.8.498.10009278692606631573540062909909132231,08b906da4090dbc0833b8c7cd7773484,2
1.2.826.0.1.3680043.8.498.10009639203170750274174707434356622764,1eaee6ad463801f593ce5a9898b599d5,3
1.2.826.0.1.3680043.8.498.10013663742400736029415768216599146542,74bd28d44931521f0e8922cf680fcffc,3
1.2.826.0.1.3680043.8.498.10018552945042470316597008531304016339,c8b53557fba75542443d0e658958e253,2
1.2.826.0.1.3680043.8.498.10018749256316287542884435387067561101,dc18c941561a52b3e258dd41056aa436,1
1.2.826.0.1.3680043.8.498.10021179701366615563817491713738306606,f76fc0ad84adb85ae0975b794bce744b,0
1.2.826.0.1.3680043.8.498.10021288557171866794624317186288618513,27c3efeedd2dfa4029cb987523bf9f45,0
1.2.826.0.1.3680043.8.498.10025765742726180988537955593315007559,04730497cdb0829595b96ef87abc9255,2
1.2.826.0.1.3680043.8.498.10026410865298348818136520318965356394,4ce9696a147d634515c392f25ee139a5,3
1.2.826.0.1.3680043.8.498.10029168398037940681915299760479434938,d05f025b102511fa9853a8ad497923c5,4
1.2.826.0.1.3680043.8.498.10029520033957968044048068502185417806,37a33a9b2853cef32c15711406001d33,1
1.2.826.0.1.3680043.8.498.10039686090738454718354181337513293981,9b0ff5ee474a3bd095e305192e0d9bdf,1
1.2.826.0.1.3680043.8.498.10048842414095994814596043262132965018,6f960346a9e1483a81b38da7806dd612,4
1.2.826.0.1.3680043.8.498.10058298717414171145622092128156266866,18a83e0d3965a766c0d6f38255971c30,2
1.2.826.0.1.3680043.8.498.10059200627175320481920009076697103801,6562d647c847b5643d63ddd2934e7f80,3
1.2.826.0.1.3680043.8.498.10061120822929703004201627784850458401,ab742be1af3ee20f2f2e08a43d20c76d,2
1.2.826.0.1.3680043.8.498.10064642360075735959136394136507408269,45317552b350de0183e8fe8a7ef72b5c,3
1.2.826.0.1.3680043.8.498.10066945398485042741116657288959323922,447de357cea41ef67c63bf092437413f,1
1.2.826.0.1.3680043.8.498.10077497528995409346950814927366582736,a2847c6ef624e684a8220dba5be1f542,2
1.2.826.0.1.3680043.8.498.10077803906105306230229342168184970097,09a69402ae8cbebe0e85b00e3fd9df34,2
1.2.826.0.1.3680043.8.498.10081117556977868957150377234052259018,a711ecbed7849c35f4a9c1ffc9106557,2
1.2.826.0.1.3680043.8.498.10085187975213640798228717119613397941,2e99a1dcf96ba0d4e944fd4d39a4e9c1,0
1.2.826.0.1.3680043.8.498.10087350795575215080051569638065974347,cd6ef139156e551caadf946f1e2d8b66,3
1.2.826.0.1.3680043.8.498.10088120558600684332737135714636269365,11991463db4341b27fec4d865f5635a8,1
1.2.826.0.1.3680043.8.498.10088707526476055079083082931629995449,673a6b27ea7fd62555d0e33f2d5da452,1
1.2.826.0.1.3680043.8.498.10090136633727522725960302994815319097,24257d4d5e609e01c4a95ff7ea1bd5b6,3
1.2.826.0.1.3680043.8.498.10090631811016939819371208464230332678,97cda202c8f7a3e3b97077a7315cde7a,3
1.2.826.0.1.3680043.8.498.10095687747295410396510538520594649149,12a6bebe849b839b133f314dd37e9f04,1
1.2.826.0.1.3680043.8.498.10096063158753121251217031021181036863,8d83ea1110ad2a6ff13f7dbacde364c0,4
1.2.826.0.1.3680043.8.498.10096216489317602387766193675918767557,77e1688fe1fd9273d732930a50c8cf4c,4
1.2.826.0.1.3680043.8.498.10096919689272424388113819845481617364,e29a8f97e7e7fa6757fa3a43dbf4d32c,4
1.2.826.0.1.3680043.8.498.10100718559177860518999368876392117659,c416f0dc56f4ddeb5b3cba54b8b35178,2
1.2.826.0.1.3680043.8.498.10112440805412493412191181061985753636,46fe6243c5c3d64f878329c30ef04649,1
1.2.826.0.1.3680043.8.498.10118623027360228027776975311765133100,d0cbb8fd8f2d5054764f1012c12c7e63,3
1.2.826.0.1.3680043.8.498.10120841513315425967980213160839994882,d9dc9ace418b612808867d0a6d48eb7c,2
1.2.826.0.1.3680043.8.498.10121558854084271154265851933273260339,8e52c6c0d5445a7e1b764b1e739bc5a8,4
1.2.826.0.1.3680043.8.498.10123751739767586025744123799948754343,ddc85837d80e19e48cdb3f29e9f0ea52,3
1.2.826.0.1.3680043.8.498.10124063607403942330156450768015985834,c415d528124b2177470b8e4b929091a3,3
1.2.826.0.1.3680043.8.498.10124701778993602117271554854098856833,aa867cd29e62782c7442f56defc96e1e,1
1.2.826.0.1.3680043.8.498.10128954897472795975323353442305671586,38d9d7c1ecdcdad9e2ef2c11f852dd04,2
1.2.826.0.1.3680043.8.498.10129462959695121379466274688956171166,99aa4f9cd36929e21b218ca0c61d16c2,2
1.2.826.0.1.3680043.8.498.10132169498032330070492330913783717864,1930cfe5bba4cddf5cd18296bfcf4f57,4
1.2.826.0.1.3680043.8.498.10133843191898064967257276100779798471,a80e41d7609b706a51bc7ee0d9fd92c1,3
1.2.826.0.1.3680043.8.498.10135587809070718435691939321937314104,d40ed94dacd135e71397e0b7313a0e2d,3
1.2.826.0.1.3680043.8.498.10136486417446492428821313562961937182,d7355ffba4590928a62abd6994a995dd,3
1.2.826.0.1.3680043.8.498.10143536655047216390592811329604738314,156585f0918ce756bb73c0457a877d92,2
1.2.826.0.1.3680043.8.498.10144735099702632881322032871591573824,490d2eebcb9c85d352838a3249eb8903,2
1.2.826.0.1.3680043.8.498.10147180484860577398303524379319212586,f9f8c52d59c15996906d27eecf47bf36,3
1.2.826.0.1.3680043.8.498.10147717839726734017869499799005084725,16ba72c66c727475e4e04eb84917f06e,0
1.2.826.0.1.3680043.8.498.10148037169326559689992758180208780221,f11abc6660f41cfbac0d36d974bf05e8,0
1.2.826.0.1.3680043.8.498.10148517526101576084961355066637531019,dbe7630f98455e3b25e710610e0a9bdf,1
1.2.826.0.1.3680043.8.498.10149967031679082348901055550415519790,5d64896820c554d0e308cae709b39cf1,2
1.2.826.0.1.3680043.8.498.10150914432481980534086434136814789205,262893fbabd90ede16dbea27d3e80f3a,4
1.2.826.0.1.3680043.8.498.10155611590208164695256621422536643320,d3404a6ee941a2f36627fb82e821cb47,3
1.2.826.0.1.3680043.8.498.10157549662917062273945150928668828930,272d7c53cbc764aa958117ffbbf66267,0
1.2.826.0.1.3680043.8.498.10158178668962379857908493434842864484,7ebb42b521671f604edb8a1c437afa4f,0
1.2.826.0.1.3680043.8.498.10159551371305936155888341171022480536,e41a6f934f34c61bb649585e291eec54,2
1.2.826.0.1.3680043.8.498.10161011217774350674534600439166319161,92473f2f7075a2a7c84271bf3c617d11,3
1.2.826.0.1.3680043.8.498.10162168547770229150261479353227398478,b75b2a5c82bfda7bb8677e2e05aacd0e,2
1.2.826.0.1.3680043.8.498.10162720374291180196973998234794414415,ebe001e05f8a45d660d1e0026772b9c7,2
1.2.826.0.1.3680043.8.498.10165669527316708372190215034240922433,3bf0c3e2e2fc78c163d06095833fd280,4
1.2.826.0.1.3680043.8.498.10170898615867673028696505248839028269,a6291e91909f34e7c69884850c95b7ec,2
1.2.826.0.1.3680043.8.498.10181119664728335020976262955776463973,b5bbcf3fd7a54c40aae92e0c05c5e8f1,0
1.2.826.0.1.3680043.8.498.10181291283712008544475048457589664787,2170bf7b0702e6e6644f66e193269546,2
1.2.826.0.1.3680043.8.498.10182565688010898600749222617373997197,cb47f07c75422ba06b9265d3545e9619,4
1.2.826.0.1.3680043.8.498.10183939841890895037058579455663880292,8f58b3e3c8ba8ee09efd2f0627ef8874,0
1.2.826.0.1.3680043.8.498.10189392162056736163704940747328177364,3b09321661d7e3dc6a45c9dedf239bf8,3
1.2.826.0.1.3680043.8.498.10190506315646895064803936408630113507,7ac33a27684be7d698aae615fa01a555,1
1.2.826.0.1.3680043.8.498.10197515493414564227930855210542221039,8440f35247a8737dc2f6d563e3b7866f,0
1.2.826.0.1.3680043.8.498.10197565004992937722841731691775578390,ded01a076edc679e81187d041a3485c9,4
1.2.826.0.1.3680043.8.498.10199522802568420589167284753473646773,36930cebba8c3d4db19b412faaf84313,0
1.2.826.0.1.3680043.8.498.10201197020583611347810070328854760801,af8d9f8863efd06be960ba3fdd1c06f7,0
1.2.826.0.1.3680043.8.498.10201660732108909756259359440298787775,e9a11030a437abc304508a80d0335ea6,1
1.2.826.0.1.3680043.8.498.10205592316907266136938526795826751183,8f191dbcbe96ce609a741f4b01e9dd9d,2
1.2.826.0.1.3680043.8.498.10207134048598925821261298801127950516,3b38602e4bbea1548acdc2af1a368f02,0
1.2.826.0.1.3680043.8.498.10209387047693448282446870911381660585,99c49d360acc7c8ec3a5516df9192e81,3
1.2.826.0.1.3680043.8.498.10211034309703220222647821582770542129,333c1d20c9643364eac4e9bf9019bda0,3
1.2.826.0.1.3680043.8.498.10211815027850731240126403602239595062,ba73e9a24ef3c470b6dcdee273ed203f,2
1.2.826.0.1.3680043.8.498.10218285921271312931891912812808052375,c1500b8d116ccaeb42bb1c0951670c01,4
1.2.826.0.1.3680043.8.498.10218458664774126578027318307405130821,fbbf1a213bae084f7bdaa340a53ea3d1,2
1.2.826.0.1.3680043.8.498.10229223546412441924801428332647762115,7b1689a2d91c47cd2d26ceaac550d714,3
1.2.826.0.1.3680043.8.498.10239418182819270860819533058081041576,8b5fd34b19aafb94a94269b7b6363352,3
1.2.826.0.1.3680043.8.498.10240166440044087554182120832488098189,8fb5ad7e0934e04f8af16e46b3da227e,1
1.2.826.0.1.3680043.8.498.10240237086492917349933491458808329326,30f4d54c2febf6f5575c6c937680023d,2
1.2.826.0.1.3680043.8.498.10241639721703882165429374175491428414,8d83ea1110ad2a6ff13f7dbacde364c0,4
1.2.826.0.1.3680043.8.498.10243300429607935614655219482457289307,9fa55cce39ed97c556adc9b9ebc9d6ad,2
1.2.826.0.1.3680043.8.498.10247930792182001003497189021027466833,3b7f51d1397b9c41bf5e6313cef01df9,0
1.2.826.0.1.3680043.8.498.10252121617380434672930525780360219531,9ba9dabc3eba98ef4199eee48288d921,3
1.2.826.0.1.3680043.8.498.10252163031705285141538200795896549203,b576ff442fbbcb58655f3d78e708c81c,1
1.2.826.0.1.3680043.8.498.10254828365033984708960944586564394286,090c5a93d2fb0753c231c1a52fbb98e9,4
1.2.826.0.1.3680043.8.498.10255067212695306715722782826234429766,9b27d775ca64688d29f3d414960eda6c,3
1.2.826.0.1.3680043.8.498.10256441455107860474283716992657597873,5b6931ab68aa4007b52f2f6862036976,3
1.2.826.0.1.3680043.8.498.10261794102024899290234062909324134903,233b7b93f3f19c4fb12cad4cb0b9f8b4,1
1.2.826.0.1.3680043.8.498.10262024906324456863812446480254600405,67b1ea2981e7ac5301d131758cf88eb1,1
1.2.826.0.1.3680043.8.498.10262784969531507133353458615303007839,4f2a7b4596c8b2ce6cf5d0482a9788d1,2
1.2.826.0.1.3680043.8.498.10271567891603078238024189515805908561,18c527aeb26812fa50a6294061dd07d0,1
1.2.826.0.1.3680043.8.498.10273861326753707436672556008991334542,b26e8a07002ece0659905a90a1612564,0
1.2.826.0.1.3680043.8.498.10274314637471308855247991547659839029,74f544f248bf8b80da55f93a38e316a6,3
1.2.826.0.1.3680043.8.498.10274956886032850418742861294277331382,240985d06d7b3df9ac8a2a237104ab91,2
1.2.826.0.1.3680043.8.498.10275265831651276229168539541982478639,7409b26e96b21e88dd15f54dc1f7f1bd,0
1.2.826.0.1.3680043.8.498.10284263494252700630857173843779724077,0764b85b35f8f215b149268bf376008b,3
1.2.826.0.1.3680043.8.498.10284446538566255572004044331831825072,537706afeb73dd57d7168b74842fa195,4
1.2.826.0.1.3680043.8.498.10287488031206457680758379452936914669,2c4329e297f99081cba61a955d80b41b,4
1.2.826.0.1.3680043.8.498.10299396087685174806129850512856451005,9043ae44752f58dabd5aee9c478a9170,4
1.2.826.0.1.3680043.8.498.10299618611626190927173051117228647808,3cc8d3f66778032653dbfa889a0da5f7,2
1.2.826.0.1.3680043.8.498.10301089872627496769249366231947887097,643397c50f04655b45330bf5cc23d339,2
1.2.826.0.1.3680043.8.498.10304242666970626179776896768140580106,007daaeb520875173705a70b7ced5497,1
1.2.826.0.1.3680043.8.498.10306159113324811538703788080836752052,798dd8312f2420c6564f53df574e7e31,3
1.2.826.0.1.3680043.8.498.10309477218703786877612946261946268132,d02e2ff80059866b5b2dbe67a47ed4c9,3
1.2.826.0.1.3680043.8.498.10310831394568337664174691281092566272,58554981dc400fa8289492d129f8c2f3,3
1.2.826.0.1.3680043.8.498.10312350714164739081126996907250465738,246387e2b977ab58076aae36e0e61968,2
1.2.826.0.1.3680043.8.498.10314240078685804110739316196999571466,7278ec530179e17bd218c7d3e782f2d9,4
1.2.826.0.1.3680043.8.498.10318366890716843554246682186865048846,6b57280559b6b24246ad1d705df9e2fc,4
1.2.826.0.1.3680043.8.498.10321461243762453573005633063753741725,23339b98b194227c7f05c4f2daaa59b9,4
1.2.826.0.1.3680043.8.498.10321556388278642027434955207617064548,715b3447702a8067825fff14d8afa57c,4
1.2.826.0.1.3680043.8.498.10321702681363532511953946967334431952,419d1ee570ae4eb4f946ce706a0e45c8,3
1.2.826.0.1.3680043.8.498.10322724865012212544754724404226583315,df1b0029bc037e342df5fdcbf3d9af0d,2
1.2.826.0.1.3680043.8.498.10322853084122920408377349136830993432,4bf4dcadf6ffe4b1693dcbc54e738677,4
1.2.826.0.1.3680043.8.498.10326352669696598934883805147731461341,4d4cabe3a99a6cfea5952bcee00bfb4b,0
1.2.826.0.1.3680043.8.498.10327608571317884761792196888985963332,dfb893a9200b12d80be8b82f2326d54c,1
1.2.826.0.1.3680043.8.498.10330805760778577501878048995484987687,565fdc0e2fd8535a5cf4a14007cae78a,3
1.2.826.0.1.3680043.8.498.10336221220793312503236159680373829726,95ac08be5ccbcda73d7f4ad25d0d10fd,4
1.2.826.0.1.3680043.8.498.10336300544286006569730381727202519821,df0d59357020f6c66c89088ef6bcbab1,3
1.2.826.0.1.3680043.8.498.10339654093023509742663983374586998753,d4e20886d3e6a5f6744af8b5c740a480,1
1.2.826.0.1.3680043.8.498.10348611327224519953673858098392135936,ba8460c5555c60a961f9eef7049546d5,0
1.2.826.0.1.3680043.8.498.10349368332722015923160611226877741306,945db9d3c80db6ef0ab54c0e3ff49506,4
1.2.826.0.1.3680043.8.498.10351168527688244230248760520733020605,c7302a18e6ca0306385ec88fb8a18f5d,2
1.2.826.0.1.3680043.8.498.10351460911387106879135924409514835385,3cc8d3f66778032653dbfa889a0da5f7,2
1.2.826.0.1.3680043.8.498.10352011938574988727803498915608467179,4dca477db6765c61f6bf37498becf6ec,4
1.2.826.0.1.3680043.8.498.10352044313309892076985642485759368197,639f4dabca74f8efaf563849e6d4840d,0
1.2.826.0.1.3680043.8.498.10354576637002647863048798607011636355,7eaf6ec21a7696ce93cbe143bde2435f,0
1.2.826.0.1.3680043.8.498.10361030765327974510262894062047216433,c4cbed7062be0de290e2bc334cfa6f03,1
1.2.826.0.1.3680043.8.498.10370612191212456931506340727148605247,b2cc98a1e583f3c18ab17e52e9556ea7,3
1.2.826.0.1.3680043.8.498.10371162371589200772388569623043753617,6da05c3a83cefa97cc88f51fd56c4568,2
1.2.826.0.1.3680043.8.498.10374791734880310643587680407133671218,383be868bc919469365cc1d7657b8a34,2
1.2.826.0.1.3680043.8.498.10378535286770237477615181844634903700,27684e2c532d9b0f87e6a95274fef2d3,1
1.2.826.0.1.3680043.8.498.10382074558506016193900889176239337801,bb2534814a9db43f0eb29d4fd49448c5,1
1.2.826.0.1.3680043.8.498.10386894500329189457070808193345170500,9ee78fa1d438919fe637be4dfe47d17c,0
1.2.826.0.1.3680043.8.498.10387227472110643414333498953513810066,afadb11de33eedd093eb241a27389b9f,4
1.2.826.0.1.3680043.8.498.10387383212921524066516723428665512341,8d6485ede2cbb81f1cd48c36b9b5b14a,4
1.2.826.0.1.3680043.8.498.10387876708310019345913209598612198432,ba0b5b3bbf2f20f992567227a923d959,0
1.2.826.0.1.3680043.8.498.10391178814963564201551003358372148419,1ca66e26d97198781816cc2b82ddbd71,3
1.2.826.0.1.3680043.8.498.10395211177230760565674811878437948933,9673970abf674c7b1e2098dbc86f139f,0
1.2.826.0.1.3680043.8.498.10401813253995823397883215400000450724,6792f785028ad2094edd96fb23bbd28a,3
1.2.826.0.1.3680043.8.498.10402431429660337753694827208437698007,cef3987f9e969a24242653596192dcc2,2
1.2.826.0.1.3680043.8.498.10405028141768633100332386157519916334,105a552b1bc9aa91a6fa4465206c4458,4
1.2.826.0.1.3680043.8.498.10407865232593182855530878478701744409,6b3befc8996ebf458309c6449f7c2ed9,2
1.2.826.0.1.3680043.8.498.10409870090434047408497289167124673434,5399917f6438a48d46e92c956279b4ab,0
1.2.826.0.1.3680043.8.498.10415616591430643294142401482460086713,e87fb8dc6fb2f8f30fe5b8830f7f0dac,2
1.2.826.0.1.3680043.8.498.10417042894702157309437002434676100667,979481e145601ff79ffe2d302fc22ea6,2
1.2.826.0.1.3680043.8.498.10418888172081069709796646795446885715,f74ce52c4a0ab8e511a365eff4c9e5e5,0
1.2.826.0.1.3680043.8.498.10419958821528108176389641942168280311,039f626dbfcd3512d9f20cf5e496916a,1
1.2.826.0.1.3680043.8.498.10419993051271996183722192755371692029,9e02c4ff5b59aba33f59e51f10f1bd4d,2
1.2.826.0.1.3680043.8.498.10422130685453254363700365908336246863,92fbfe40ea21c8ab1b7566ac3ddad913,0
1.2.826.0.1.3680043.8.498.10422536395266111565753575369125069689,eea5e2775946ce7ed83c840257dc47d3,0
1.2.826.0.1.3680043.8.498.10423586531262405323219596291234698626,0d05d4fa9d3ca7ab0836b8b6e47377ce,0
1.2.826.0.1.3680043.8.498.10425131723456547056365404016184663035,35eafb7f6b9aa5c6b3aaf35f50688412,4
1.2.826.0.1.3680043.8.498.10427893579790102216163565692202919399,252c70ed242390f7e7dabbbca7478e6e,0
1.2.826.0.1.3680043.8.498.10429032846672074760218668873927822056,a7e9dc414b3f2eee9c66d16c0d8d066f,4
1.2.826.0.1.3680043.8.498.10432568348356281020515782178064869805,6fffd7edd476c0778d5269a017b95a55,0
1.2.826.0.1.3680043.8.498.10434135978927658622039675788413759069,d8bc0ba25857883dc17b1f750991a097,2
1.2.826.0.1.3680043.8.498.10440858363080910322920496514558347561,e2a814efccbdc910550ebbfb42fb6973,3
1.2.826.0.1.3680043.8.498.10442828926117258624043497279351962738,1c54e67798fcc2ea0f00101724e83d1b,2
1.2.826.0.1.3680043.8.498.10445893053733106322562086357169418409,9e5a53c8cf4f084c2966458987f9d3e4,3
1.2.826.0.1.3680043.8.498.10447920208680921688438738178539475509,0df8c64e49cc6a9a832a39ec69a43811,2
1.2.826.0.1.3680043.8.498.10454875772176439944597553400963295397,067cfd9acebb6a0a139f744623a918e9,0
1.2.826.0.1.3680043.8.498.10455589411958266725060942213473374667,c557b5d9a01c2eaf42f43d0057525cbf,2
1.2.826.0.1.3680043.8.498.10459044164648238749799867924228983674,28867c43284002cb8f4e9cba6327875e,1
1.2.826.0.1.3680043.8.498.10459901081962705567398560859229437818,ea3716eb96e7c7fb842834590a89444d,2
1.2.826.0.1.3680043.8.498.10470282959537049979906878778884086884,ae3cbf69bdfe996bb204eb7511a9a8c3,3
1.2.826.0.1.3680043.8.498.10472519452146922631626638652503679695,c6b8700cbee4a6680c5f721f5031ba90,2
1.2.826.0.1.3680043.8.498.10475397432011699698577978597417345091,21447d6144f667fa6b31fe3d197d7045,1
1.2.826.0.1.3680043.8.498.10485026284343436524865922231113748546,0fbe343faea236d73932855814605beb,0
1.2.826.0.1.3680043.8.498.10491012711700179118010977263805828326,5e3e1a82c1b68d6789fafd6ebe9aa61a,3
1.2.826.0.1.3680043.8.498.10492484093480313596330475837639172625,f5517ee3bc84d230e36f9146f25ce1fa,4
1.2.826.0.1.3680043.8.498.10495281520660483987888839682017074584,0e112b4e3aaef37dcc1df72385c4d192,0
1.2.826.0.1.3680043.8.498.10495855084258410825408867079175646590,2e101765cd4c469e9f5ff4c322317c04,1
1.2.826.0.1.3680043.8.498.10499265498716562276605625682538326716,1bc3396fd67ac4f30548a02d0d8aa5b6,0
1.2.826.0.1.3680043.8.498.10501068619333941198079851978532746117,616a461898da5bc4e7fdcaa50bdc8bca,0
1.2.826.0.1.3680043.8.498.10502440129091559437492859441158882078,e456e59f08be5494f8c2091dedf62ce4,4
1.2.826.0.1.3680043.8.498.10505282086293876725410939800054491454,547ee1582a0b2d69d8380769176fdd36,3
1.2.826.0.1.3680043.8.498.10511712617129216774539441890488742560,87cc6fbb4ed0647e8611247ad7e81230,1
1.2.826.0.1.3680043.8.498.10512466806929129734785318932315918522,e65ed69f126606bd6cb38e0f973aaafc,4
1.2.826.0.1.3680043.8.498.10519480654942067141173172019311858213,22e88fcf2aae14c079eec252725a305e,1
1.2.826.0.1.3680043.8.498.10519566075312736546346469231439794627,dfb893a9200b12d80be8b82f2326d54c,1
1.2.826.0.1.3680043.8.498.10521372086358356219840179458708706015,b0f1464ac1b46c835cceeaaf8c4379c9,3
1.2.826.0.1.3680043.8.498.10522585237725235866013737575867341946,b2864c60bcd30e6abc427a5f627b7503,2
1.2.826.0.1.3680043.8.498.10524164196949381411165626176732559196,2cb027e94a201168d0707ef0f75b5c38,4
1.2.826.0.1.3680043.8.498.10530226787566708645477257565528473018,e77a460c11acdbf1d87deb00af0f9b35,3
1.2.826.0.1.3680043.8.498.10532708800468111850607752497432656694,befb6c566194f50bdae1b74d60d055dc,2
1.2.826.0.1.3680043.8.498.10533568124272062696642461303295694739,d6a15a4aacb28431dbe89c8b63416375,0
1.2.826.0.1.3680043.8.498.10534260101860670685224894870019533364,643397c50f04655b45330bf5cc23d339,2
1.2.826.0.1.3680043.8.498.10536557774352716497356905292652597953,8889c1595109043b4af4ae965efa7fc4,2
1.2.826.0.1.3680043.8.498.10537503354035115750949427337500909327,e1f44eedb97460386138ca837598adbe,2
1.2.826.0.1.3680043.8.498.10538502578022388392340022120166213828,fb91aaebf50d5eda16a2fe37fe233277,2
1.2.826.0.1.3680043.8.498.10540882690103231159064894952851205573,ba73e9a24ef3c470b6dcdee273ed203f,2
1.2.826.0.1.3680043.8.498.10540980111087702906123811593906850156,c1c84e429f685c746370c326aa23aefd,1
1.2.826.0.1.3680043.8.498.10541029960718591409318399557079055927,070f63602d80203709f96b4e5449bda8,0
1.2.826.0.1.3680043.8.498.10541215772904358938061268226270989801,52e8e93f613302fe723a26e4de089a28,3
1.2.826.0.1.3680043.8.498.10541227283184832783436242773084724216,baa2e2ec90ab3b7d45547ea701d03d46,3
1.2.826.0.1.3680043.8.498.10542526906255526405613760733936070251,ad68428bf315222cfc669bb790fe9ea6,1
1.2.826.0.1.3680043.8.498.10546313646515875953943156661172963953,b7a838ed0dc4e03e0d23cbfe68611bb0,0
1.2.826.0.1.3680043.8.498.10549360192675575195491716398555148512,bd5ef4b7dc7c63953290b83795ca9eb9,1
1.2.826.0.1.3680043.8.498.10562412345413239960204081248510238736,0553b262ca15d4c46599ef982fd80f94,4
1.2.826.0.1.3680043.8.498.10563016328082326759266280856730347260,4670596a7ad2adebbeaba302bdc3e7f0,4
1.2.826.0.1.3680043.8.498.10574706940531650593705137704922433109,f8def68339718ed40057ca8a349de12b,2
1.2.826.0.1.3680043.8.498.10578013533179563448221888658506023084,ab3b6a55f575457f8534168d7c723ec9,2
1.2.826.0.1.3680043.8.498.10580260109117947709069163110100632085,20163061a7ac8b8d1e80f4eb87df70fd,2
1.2.826.0.1.3680043.8.498.10581718331223731732815674582085184169,2b540a8945467f94e0c5b9792b2060b8,2
1.2.826.0.1.3680043.8.498.10587511485561679190576188107774736852,6968b42ae37f05a462f93145a8cda17f,1
1.2.826.0.1.3680043.8.498.10589889055723532336864750992142411145,434d9ad341aad175612ef81a5a7f96a7,4
1.2.826.0.1.3680043.8.498.10590148272001480024086117269799629816,8d83ea1110ad2a6ff13f7dbacde364c0,4
1.2.826.0.1.3680043.8.498.10590169032156570386146081157598789893,5f492bae13c952e2e188ae52ad2d7e84,3
1.2.826.0.1.3680043.8.498.10591507262178959553431147886647585916,9d0ea2a15761ddb1bd2d4b43975996c1,4
1.2.826.0.1.3680043.8.498.10593694750925047629619718537436931628,caa066ca643828cafb54e7433dde272c,3
1.2.826.0.1.3680043.8.498.10599128554628698518723223547497007137,f35382db4f19ff2eb2cee9594af1537e,1
1.2.826.0.1.3680043.8.498.10600654987896381983520458496207741798,db2ed97e6f483fb91837383bbe0a5662,3
1.2.826.0.1.3680043.8.498.10601062881015669567737602031338578146,c1f44d2953f17d8321591d46c63bbdaa,0
1.2.826.0.1.3680043.8.498.10601711635138681269270505152909539290,9f98f192708888bddb2a04144ae828eb,3
1.2.826.0.1.3680043.8.498.10601812195848580582490508608655011196,41977868e7d3e60af4278124b007f467,4
1.2.826.0.1.3680043.8.498.10603952065748622499432940419853732241,87b76e42a6ba5b4cc330176a2210d00d,3
1.2.826.0.1.3680043.8.498.10614508096225944703643482200835890514,c30360a126a79666aa31d10da5e37e8b,1
1.2.826.0.1.3680043.8.498.10615816709018712955642546871639043403,e0bc65f4099cc3d8f5b2e864e94219c8,3
1.2.826.0.1.3680043.8.498.10619486897279334206912764495067756449,4cf0b3bbd56469fc9390fc9c1c4527da,4
1.2.826.0.1.3680043.8.498.10619967804774235096151367674093177430,40bad23ef6cd4efc008844018970f8df,0
1.2.826.0.1.3680043.8.498.10624417936475721846835761375334601839,73ab0350fe814c94ee0e46106b420f00,3
1.2.826.0.1.3680043.8.498.10626071553432761206594400919097854593,ff29707884ba85742748e480f6341811,3
1.2.826.0.1.3680043.8.498.10626411974489938664325062396760010912,8eae7e7bc2d4bd1d108110268b3c6c0a,0
1.2.826.0.1.3680043.8.498.10627019153481144392726933328057818971,2776d09e82ab9b37707d2b6d5298cf36,0
1.2.826.0.1.3680043.8.498.10627795990821506536342369227971125477,8f0f46a9aa345df778fb16921de99a66,2
1.2.826.0.1.3680043.8.498.10631238417904652761254062374051500506,cb4e8a1e87679564b132f692a7d058e5,0
1.2.826.0.1.3680043.8.498.10632177122947017620482277062226288392,9c1a8116a98fe46e2af9884b74271cec,1
1.2.826.0.1.3680043.8.498.10642286343421893916348249679230632066,a023eccbea2c3507ce344f941e5dfd59,0
1.2.826.0.1.3680043.8.498.10648346793256473462304051626410900340,73e6afcbda74fa505d6292239781b8d3,2
1.2.826.0.1.3680043.8.498.10650751856837517181090589171468851374,45b4d3a8bf820e1dfee69750ae959f39,3
1.2.826.0.1.3680043.8.498.10652685418462611085839874321267337079,cea26fe2ab37b93c91280469a5f9d321,0
1.2.826.0.1.3680043.8.498.10652764425372125015319160977894047658,28ea5e9e4e772d209934412f7f34016b,2
1.2.826.0.1.3680043.8.498.10653432159060774337155662807644609967,3fee0e337e8060d74f0c59cce9badedb,2
1.2.826.0.1.3680043.8.498.10656388982978239967297620214873636996,3b8abdecba3908ab6533172b6e7bc0bc,2
1.2.826.0.1.3680043.8.498.10657506540109137829814058249895525831,e75b4b43d1bbec2263b3920f017b0efe,3
1.2.826.0.1.3680043.8.498.10657584461509809047185519742966035356,31763f852f9b3aed8ed5715da476844c,3
1.2.826.0.1.3680043.8.498.10659781998801845781246073928620795082,fa870c9528a950bae42a3fb87647ba99,0
1.2.826.0.1.3680043.8.498.10661650555947788912511478165000737040,b90e4d2792fbaa8d94eb6c2dc231fdf7,2
1.2.826.0.1.3680043.8.498.10673300644364559354643106316993112731,de3a46bc3e89c27f0592a65cfaf7c6fb,2
1.2.826.0.1.3680043.8.498.10674673641872871321890995010616205087,e9f8cef35f09a1a2de71050debe65a9c,1
1.2.826.0.1.3680043.8.498.10675139840690240606562530926349987331,44eca0e0b922a1e092e7f71a77679bcc,3
1.2.826.0.1.3680043.8.498.10676253869668012791900504544106495589,7ad14c87da3f5196cb28b3d340cceb94,0
1.2.826.0.1.3680043.8.498.10684020894033412667820478260168097071,268f25685debba60c3c95c1fa50c3ba0,0
1.2.826.0.1.3680043.8.498.10686407053180376367066321489809395592,3f4f78987fa1eb85bbe1b0cc87b2d6fc,2
1.2.826.0.1.3680043.8.498.10688670034893539180306173203903350286,01d8c9ff8b5c3a4fa2604214d6d65569,3
1.2.826.0.1.3680043.8.498.10699348333280906956391277892869999716,65e084f1b9fa5cf96ef582f3a6d6fb7b,2
1.2.826.0.1.3680043.8.498.10702284568670902901846767166679293654,0bf1a88ba4c38985b8238f0ba044762a,3
1.2.826.0.1.3680043.8.498.10704240846075023334288326143979277080,25e4e5ab550e0dfa03b1241e6c824940,2
1.2.826.0.1.3680043.8.498.10713285016170190922777298047146228811,30ce2592d9ca9705ad909c49c3401f90,4
1.2.826.0.1.3680043.8.498.10715956446507906169485719013515169244,70d436f8cefbae6cad2cc0bf218ecef2,2
1.2.826.0.1.3680043.8.498.10724604223190030113012801427752979879,89c9d9e79f950c48456fb8581fd1c1e4,2
1.2.826.0.1.3680043.8.498.10726624821670417064567481545750543282,72141b216b6bece4d09097f336d4df16,1
1.2.826.0.1.3680043.8.498.10728448245470003618625208276233778895,c54d03a6841d1f3fc4069bbd4043207f,1
1.2.826.0.1.3680043.8.498.10729725525284633011179038668107963557,90b43047ee8b66f864f805cc16306c76,2
1.2.826.0.1.3680043.8.498.10731612202208916303411280624156291171,312fcf2f24b26fc699b421e8b44e22ca,0
1.2.826.0.1.3680043.8.498.10736346409444614168571281812134757732,de8fdc7e0c092a81c2f1fde1a7bf8fae,3
1.2.826.0.1.3680043.8.498.10738640862162795323010965765443420384,991d836fd8735f4ea692025ea78c3b1c,4
1.2.826.0.1.3680043.8.498.10739653650865735867752564520952904802,e10e4ec14f4fb4490a55bef64ff1c820,0
1.2.826.0.1.3680043.8.498.10740857795874468664161171813136103519,ae650e2337bc7a1f8a00edab08539324,0
1.2.826.0.1.3680043.8.498.10748806810865802591313438958975301375,4c42a5ef203f2cf8774620180e6aa750,0
1.2.826.0.1.3680043.8.498.10750145216793948201921667945805555093,32ef0ac50f2fcefa1f458a234a146805,0
1.2.826.0.1.3680043.8.498.10751346650129497348457481341700957445,8d83ea1110ad2a6ff13f7dbacde364c0,4
1.2.826.0.1.3680043.8.498.10751624265599812767108610284996090628,19d96043f36c6f9394b247f741d8017f,2
1.2.826.0.1.3680043.8.498.10756245293186761042431460535210737327,fd77894f22950ea5a9b174a8b427f9c9,2
1.2.826.0.1.3680043.8.498.10759288702627176691392048851622294054,f053cfe11535df69a5538804e03f06b2,2
1.2.826.0.1.3680043.8.498.10760847155803463653759690525160815826,a18eca557943e2e599b863c0f8c70606,0
1.2.826.0.1.3680043.8.498.10761658878615069270304502752374858610,8f801ad02b55a46dc6ef2a498ccc3e64,3
1.2.826.0.1.3680043.8.498.10762741411077456296656623422020928762,221da459b19f9224e1f850240c9ac512,2
1.2.826.0.1.3680043.8.498.10765617676329232046176300833850901740,5327ee32c1569f5457edcdceac11f20e,0
1.2.826.0.1.3680043.8.498.10768305343887790230989914438483009428,fb4fd6da4a814e27b217f83004e3e5dd,3
1.2.826.0.1.3680043.8.498.10769126730281890056368854871900324448,427d1f56c967fa34faa72fd5fbe57271,0
1.2.826.0.1.3680043.8.498.10770877369291591553624215762368014357,22ee33a7e09f23c23a55a1a27a3a9007,2
1.2.826.0.1.3680043.8.498.10774147135673365265606645781662088745,7099d69d0a065e24981022e2f79eb73c,2
1.2.826.0.1.3680043.8.498.10777331080659372520952742261140923555,43757ecf34be8258d63fb179d37bdaed,1
1.2.826.0.1.3680043.8.498.10782963448708192069959366583555573334,efa980d67501e5abf9fcc5864108859b,3
1.2.826.0.1.3680043.8.498.10783501127779906316117667790784040770,c083f303c8551271180863adf24fb79d,2
1.2.826.0.1.3680043.8.498.10790689419760453870458170966064168002,8d83ea1110ad2a6ff13f7dbacde364c0,4
1.2.826.0.1.3680043.8.498.10802653832050736637820225444196833450,3663f074618e5dd72e2e4b8872433e39,3
1.2.826.0.1.3680043.8.498.10803283287658556463524649793955055077,3e6a706762b30168310329d7e407b1b6,1
1.2.826.0.1.3680043.8.498.10808663384878038371710260386807468588,a900be00687e7dcc9d6702a318286689,4
1.2.826.0.1.3680043.8.498.10812894672739619566834776054635588406,fe56e616af1757ac9afa363dbfef94e4,2
1.2.826.0.1.3680043.8.498.10818980124981334596808438908811623528,203c72d5308abb78794b003b12ed2cc6,4
1.2.826.0.1.3680043.8.498.10824420630965162625242888916805538597,f36459c991a23466450e16be26bd08bc,4
1.2.826.0.1.3680043.8.498.10829579914809383212986717269028170263,b42b02d13aee8fb645193c1063f4089a,0
1.2.826.0.1.3680043.8.498.10830288389793651695251406408666084306,ca626384588ecbee5b6ddbf40d4007c9,1
1.2.826.0.1.3680043.8.498.10835889400414225749339608096119636738,072e2c8c23ec6f215ee6f78dea9f5498,3
1.2.826.0.1.3680043.8.498.10839126901366636822676830560774505865,b65a0a7b4fe510ea84b5d9db2718244a,3
1.2.826.0.1.3680043.8.498.10842906919708856642000130208791281263,d3aef29eb8a02fc2d0ec3b367bd5646c,0
1.2.826.0.1.3680043.8.498.10843463954622076609489312662891432839,3f78a23da343dbd6ae03762d2aaf792a,2
1.2.826.0.1.3680043.8.498.10843917293035279597622029625809500972,9b6519fa621ebec13c4e20e18e1d4712,0
1.2.826.0.1.3680043.8.498.10848350333764008140459854470293737650,8f6373777833e156ab40921d2adea790,1
1.2.826.0.1.3680043.8.498.10850742579000782417673172155504794301,6c0bbe2d1ef38b433c08841434a424a1,1
1.2.826.0.1.3680043.8.498.10851562687641986545442408470139368318,a72e800a28913809cd7db566b567ac2d,4
1.2.826.0.1.3680043.8.498.10852517092524464338210061305792376636,b3bc5f8f3fe4223569373a6acea476ae,3
1.2.826.0.1.3680043.8.498.10854012268828835845581966634225522931,53cc70be4406f245b5715f7255c51e0a,1
1.2.826.0.1.3680043.8.498.10854223557359336882116168394037581766,dd3d052806f5561dff3a962bd9560e20,0
1.2.826.0.1.3680043.8.498.10855290714402117092990651362697310270,ce17dec8562376ace8cd87f16f7872a3,0
1.2.826.0.1.3680043.8.498.10857485602186206735293765836065270655,e4b96a8865917eaf21aeba671d3abd1a,3
1.2.826.0.1.3680043.8.498.10857771747813858957718058322384884551,4daccd5bfd4f19f19c2c868d9fae3a9c,1
1.2.826.0.1.3680043.8.498.10862481204237376580557516731952961213,de1acd254b9afad1b07154723922b470,2
1.2.826.0.1.3680043.8.498.10867622488467375444427908425709367385,a93b068676763f7e0f250a61440854de,3
1.2.826.0.1.3680043.8.498.10876177342063734507664188801203192617,3b94f2c9f976b224804bd5c5bd784005,1
1.2.826.0.1.3680043.8.498.10880553082640412137979450100928382021,b6ab678beca0b6382aae38804c797bf4,3
1.2.826.0.1.3680043.8.498.10884987036948550523442514147204321748,04f69532861134f9845ba257d0bbc87f,4
1.2.826.0.1.3680043.8.498.10886583574130697346788286647281863932,292e482e44d8aa88d9c65c19b378bb2c,3
1.2.826.0.1.3680043.8.498.10890699078723972693302029683905114834,8aa174f637c084f01f8f132130b2c51a,3
1.2.826.0.1.3680043.8.498.10895521387894821238259709507311341758,bc28d3391700c3ad19e3c9c4b846511f,4
1.2.826.0.1.3680043.8.498.10896245499713818848442117831482755673,c2406f2371a5bdcb0277fc04587434f5,1
1.2.826.0.1.3680043.8.498.10902166579916526176697193295886992412,1f349918c84da22bbfeeb378e27ee9fc,2
1.2.826.0.1.3680043.8.498.10903003118372337016190215211789983264,2f5bd4eabffb31716e710a7a0a301d9b,1
1.2.826.0.1.3680043.8.498.10917389623891555306584069980815338466,16d84d6d82ab1e434a96abc6db103efe,0
1.2.826.0.1.3680043.8.498.10917606677895195837968927716728385881,8691f913e838728efac558f932d064be,4
1.2.826.0.1.3680043.8.498.10918580785296934228715514366408269433,6969c9bf07b775c0b19182d084b50af8,0
1.2.826.0.1.3680043.8.498.10919665962088003807153039302898262235,b2cb91e749da674e4ef1b4fda1e2af38,1
1.2.826.0.1.3680043.8.498.10920269679387171659375091645187772303,1baff2e6330574f35bb5f535280f82b9,0
1.2.826.0.1.3680043.8.498.10924685588962763768106617368647678902,3c39d8ac7746375468102fd06604083c,0
1.2.826.0.1.3680043.8.498.10924995713871537837233985073507509566,80692b46375ec8e866483d2c247db889,0
1.2.826.0.1.3680043.8.498.10927716750119165925963563081261605359,3d9ca68c12bd4be2cdfab7b148d57e73,0
1.2.826.0.1.3680043.8.498.10930374192038896613513882597332665403,23aecc10d0eaf4b234453b745332e273,0
1.2.826.0.1.3680043.8.498.10931111730564885182398163970692599398,32dd10c2daff4fac3e282801f69255f7,2
1.2.826.0.1.3680043.8.498.10932818400202426453525918723737011737,3562efdc6f2324ca9368882332e62d7b,3
1.2.826.0.1.3680043.8.498.10933003998197427979325590791540457658,3290a41903029d7e16b53ec92c595bdc,4
1.2.826.0.1.3680043.8.498.10937181824204907065071760564745305722,6b0a3c5069870b9c4a65a12fcbc61bef,0
1.2.826.0.1.3680043.8.498.10937504474673840994058935502377258768,4dfb2172f6ed429f87d20f6e7fbe29ad,0
1.2.826.0.1.3680043.8.498.10937585701850306334458420860276069606,90d340f1007e5182e3704b20b8c5b5d0,0
1.2.826.0.1.3680043.8.498.10938719716535758543863717421521822626,221da459b19f9224e1f850240c9ac512,2
1.2.826.0.1.3680043.8.498.10939964887585312209861601414669494409,e80aca1155e230997ea98061f39b9fd3,3
1.2.826.0.1.3680043.8.498.10951328287594724738476663200798896670,5333e564eb1a47094349941a4c669593,3
1.2.826.0.1.3680043.8.498.10959153852077371752490787490374555514,790bbe9953dee287d726cc0caaa3ddac,0
1.2.826.0.1.3680043.8.498.10960770430559425421609885784366918575,bc4b28028191e8853f269b213e321c4e,2
1.2.826.0.1.3680043.8.498.10964287649604862436796341368993301245,0dc6d927c664d41e829231a79368b8a7,2
1.2.826.0.1.3680043.8.498.10965573028231658307306828073340279415,11b4ba5bf1ad93cb90762f2ae7b8c1e5,1
1.2.826.0.1.3680043.8.498.10975347305662629858093628672419901528,b9fb8535a4f5c6a6ab7f02611c49441b,0
1.2.826.0.1.3680043.8.498.10979105661314213697886164132444977106,35eff37a786b23f5392b94de87bef787,1
1.2.826.0.1.3680043.8.498.10981062990502278795793220223076241424,ea0c2bf200e51ddd60ab6d18e6c7bb7d,4
1.2.826.0.1.3680043.8.498.10983416091338854252058678062116243962,a9d891005ffe80c896f052169833a0f0,1
1.2.826.0.1.3680043.8.498.10992875360571368325079907908221899699,88ea3f9511d8caf1eec22a69009a9cf7,3
1.2.826.0.1.3680043.8.498.10994554560803816407362754025763036100,6abb263faba50b4e2da2e282e70d2f78,3
1.2.826.0.1.3680043.8.498.10994848378662155711176898659205016445,138cae4a0ecd19639ed29d8ea8902a62,1
1.2.826.0.1.3680043.8.498.10994854354532517072359864903910225174,922a08205f36468076c02708f9bae19e,1
1.2.826.0.1.3680043.8.498.10994899269366718796438389394954844979,927e725bdf79ed629bd84d0503f9c637,1
1.2.826.0.1.3680043.8.498.10995980880227536691827030731644023480,8d83ea1110ad2a6ff13f7dbacde364c0,4
1.2.826.0.1.3680043.8.498.10998144118962608870602180672090998054,7e63c47d2668d3fe1eba70a3efac92cd,4
1.2.826.0.1.3680043.8.498.10998405409474759941744305665540376339,394c7931bb82eb5f2d6239f513c9d59e,2
1.2.826.0.1.3680043.8.498.11006241238894862275805535376070111510,c7d78e0e18472a0c6816fb475fbd848e,2
1.2.826.0.1.3680043.8.498.11007527194601989039620198927241696256,edc7c8ca246e6ce284e72d26ec31fc7f,3
1.2.826.0.1.3680043.8.498.11010004366885474301784150582039137111,5edfd0360837966b51fcf69045d04680,2
1.2.826.0.1.3680043.8.498.11011061033863592500429481719734134286,268df31400bd09c861b87722f2f90818,1
1.2.826.0.1.3680043.8.498.11014091506864318694851337553197477906,bbf97ca8aae80866a3c61d73f776a08a,2
1.2.826.0.1.3680043.8.498.11040296449332764126530525726037541310,5919bfc66d5aea7f728422a3d3dc81d0,1
1.2.826.0.1.3680043.8.498.11041694833778404465582610810664391088,87f312c4241143d69e5f34e9d9b45c23,1
1.2.826.0.1.3680043.8.498.11043081829401721095803441219553837608,1de13bb4f0dfd4e2dbe1298bcaedbcac,3
1.2.826.0.1.3680043.8.498.11043543420859531726426521315399258528,d027de39542ffcbc70df395a9df2e22e,3
1.2.826.0.1.3680043.8.498.11043926695471016727738735328317975282,226c425ef756d40d616fc11ff027b814,2
1.2.826.0.1.3680043.8.498.11045459770905584149950259201414074545,f96480abf4a3536e204a5dfdc4a420c3,4
1.2.826.0.1.3680043.8.498.11049882927267755769995376553330493298,5085bf5f128b9a7c981a1b4d1e0f9025,1
1.2.826.0.1.3680043.8.498.11050604958275820465127935558416408008,8c3f9b63e0bb1ca128344b9ed38d46ef,1
1.2.826.0.1.3680043.8.498.11052656375391331522834364601050945860,2c63701c06b1ea9f5498fe37eb4751f8,3
1.2.826.0.1.3680043.8.498.11052720536194493057619720620119095739,b6ada47b358ef8590fde85849da31f61,3
1.2.826.0.1.3680043.8.498.11057883757434391643878168168845592475,5adb424af63d3da974b439ec8fe4ce0f,4
1.2.826.0.1.3680043.8.498.11060834081463491262807709963877480026,4bd7b8e38cb5c2e9d418b867ae68d412,2
1.2.826.0.1.3680043.8.498.11064977170395595339882840534354229547,76e3a137295f47383d66b2d251fd2351,2
1.2.826.0.1.3680043.8.498.11067200656721609390997819562401839124,899506c3856dd2a666cfdb5be4e49722,1
1.2.826.0.1.3680043.8.498.11070900122260301212131296598983372089,a0c577ee03e501d0be246261a99ee4b6,1
1.2.826.0.1.3680043.8.498.11077406555624926104628200252710914930,36788f0836d871bf3de4c855bef98e3e,4
1.2.826.0.1.3680043.8.498.11079556243110299049578981210837702995,56fe148da363834b23537111cb06c0e5,4
1.2.826.0.1.3680043.8.498.11080651962904815250736183346281427445,58226a6513be5803af14386ece5a579f,3
1.2.826.0.1.3680043.8.498.11084010833221855396433326769153950681,758f9c84a58036d9cc3fc6631907dbc7,2
1.2.826.0.1.3680043.8.498.11090884548990390279582832205294943635,15d7941d0f79bd0fd5e859b66cb1958a,0
1.2.826.0.1.3680043.8.498.11091958567356981151034727948765010881,8a0d29c707d58b86b8c881ddcfb1f64c,0
1.2.826.0.1.3680043.8.498.11100224438877567316062152508871079233,c051324fccafd696cfad64526b01e9b8,1
1.2.826.0.1.3680043.8.498.11103894265181149878864749992746236768,60204e9ecf7e2de1bd67f7cf7aa4e507,3
1.2.826.0.1.3680043.8.498.11110575656494405149601490027444484170,956c9bd38eeb2f684f73f9f3c62774c2,3
1.2.826.0.1.3680043.8.498.11111022632180183697497694737350901427,0c173009560037d0059fc3a269bf63b8,3
1.2.826.0.1.3680043.8.498.11113442398569287228475456000446876768,709b55f7bd07c2eb12718b36042961a0,3
1.2.826.0.1.3680043.8.498.11119324966854127911591363740049886324,7ad214efdc900193b871761c7d267b5c,0
1.2.826.0.1.3680043.8.498.11122485005317809892694992204053124213,4c08564a9ec49ba2001b7255cb32e2a0,0
1.2.826.0.1.3680043.8.498.11123446342116837882811834332727990911,7947ccf679c56f18b5e5ced6c878fb29,3
1.2.826.0.1.3680043.8.498.11125718814639515292482773418372267821,f5956f41c43915473f2a5ea5eb5c269d,4
1.2.826.0.1.3680043.8.498.11126383719852491587081347886000714259,bc52432515410b88d2c496cbf9d72e98,3
1.2.826.0.1.3680043.8.498.11128099896284546522122813576483001027,99e444bb75ff1902e5e32ab142cc4732,2
1.2.826.0.1.3680043.8.498.11129751904857491327872353316480050290,064a55f3fa5c120a8619a550e6f158e8,1
1.2.826.0.1.3680043.8.498.11131210140372132238166068091728877219,a3b46318bdf3550e15be5be61ab24524,3
1.2.826.0.1.3680043.8.498.11135115047200279264914390528987153419,4bb96f78fe0b6120e3297308d0aac1c5,2
1.2.826.0.1.3680043.8.498.11136723251983227230447257874027263286,bcf1d027d122201b985e819d7f13e18e,1
1.2.826.0.1.3680043.8.498.11145632111083286399683467139301564425,d23877a7a5152da138ff75b68023bffa,4
1.2.826.0.1.3680043.8.498.11148939654362681630811787929668902046,037ed66f05f12d65ee8eaae6b68f7f94,0
1.2.826.0.1.3680043.8.498.11149530279799223497509928655010867960,ff8e6aa0cc425e73311137a359eaac20,1
1.2.826.0.1.3680043.8.498.11150193626240150189232364321568347937,cdc104e8a4b1bf9034ab6386ea585a0a,0
1.2.826.0.1.3680043.8.498.11150597567791052354257165699079348456,2525d11f948958ef4117e801e028163e,2
1.2.826.0.1.3680043.8.498.11150751959089942633754454715290410758,9e01fb3f49c6ddef8bc917b676788d93,4
1.2.826.0.1.3680043.8.498.11152585968424897353533125085307104033,af31ab0a0302841de29982df585e59e5,2
1.2.826.0.1.3680043.8.498.11154238555579687338157479416363307605,f54f4a76a2a5f1bcbaabdcbf84dd86d8,1
1.2.826.0.1.3680043.8.498.11156884483511690263238401598901614096,2d2f51a670f5438a0911af9878a79f60,1
1.2.826.0.1.3680043.8.498.11159546221032123495135103648570690656,311fd95fd7741155585524ba6ed2a538,0
1.2.826.0.1.3680043.8.498.11173951743276817877673759975853741079,e34c5f10b04929f172d02a8ff5691444,2
1.2.826.0.1.3680043.8.498.11180457573346204459956051956213528997,869e56073e0656dc6b6ad3826ad038b4,0
1.2.826.0.1.3680043.8.498.11183915112115196028799391678356464392,abe49315dd231aa830a364205effa1f1,2
1.2.826.0.1.3680043.8.498.11184968672176462852561645279750399747,305b7b8f2c99b9b0d740783e839f54d1,0
1.2.826.0.1.3680043.8.498.11190292536746235063218740991532759863,0c946dae1173e042a92c4ed842ae82b1,4
1.2.826.0.1.3680043.8.498.11191015483427903713800997920940844550,bca987958cb153298039fdec42535261,4
1.2.826.0.1.3680043.8.498.11192287547210248515805146368662883131,7e1ebeb94105d259b2c06fe358b2d57a,0
1.2.826.0.1.3680043.8.498.11201589885283493748455257854104771618,77716654980397d808610c4a48fa05b2,3
1.2.826.0.1.3680043.8.498.11201741528059502111642265469347871878,824c2a4e06dfb0c8bede09170c6d2a86,1
1.2.826.0.1.3680043.8.498.11207013225631251718312189933025529824,99623c3c55caa060b72529634bdeaa6c,0
1.2.826.0.1.3680043.8.498.11208107516750574657838495761140109258,73092d17a04a8b10f14fbff2ef1d4a5f,3
1.2.826.0.1.3680043.8.498.11208663314213048426907645330143931419,74df2ec02727c698db5f6fb1c56d5047,2
1.2.826.0.1.3680043.8.498.11210361780779474361817208167009080083,e7b7690eeb77128ebe5fd2b72223833e,2
1.2.826.0.1.3680043.8.498.11211598263863419448236436640277320409,294442c5fcacd038de2c9a0319554a4a,1
1.2.826.0.1.3680043.8.498.11212667888429022863778740306223585731,f98892c4d6ee3567d496d31b07957458,3
1.2.826.0.1.3680043.8.498.11214158717183172156320144105486247892,305082daab169c9bb241a79f0a4ad651,3
1.2.826.0.1.3680043.8.498.11218351123386367961865331646414911627,8d83ea1110ad2a6ff13f7dbacde364c0,4
1.2.826.0.1.3680043.8.498.11218782547268547937641080283066300678,9b3eebb4ec77b916072eba547c567689,2
1.2.826.0.1.3680043.8.498.11219813299300915347039206446596901205,4aa0b25606d3e6f90e3eec6028792146,4
1.2.826.0.1.3680043.8.498.11221318524515817857172161854667955115,89c9d9e79f950c48456fb8581fd1c1e4,2
1.2.826.0.1.3680043.8.498.11223691171233118900160265287691267884,f8d31b7422bd9b1a4c99bfd88a66a429,0
1.2.826.0.1.3680043.8.498.11226582925516370364253861721606580867,ee4165af8e1f66948e5a2cb30ef6fe1c,3
1.2.826.0.1.3680043.8.498.11229566047228169850473554486278603754,84787300cb3fa00480bbb85fcab1d819,1
1.2.826.0.1.3680043.8.498.11231822445970527276203191047278744341,94350e51ab553f5b58b03c23b8dd265c,2
1.2.826.0.1.3680043.8.498.11232674915186872899189440191805868376,3a8eb166b4678973fbd819be08f6209b,4
1.2.826.0.1.3680043.8.498.11244115315611630362929576340631670750,aa28f29739b0d102c79bad59d6305372,2
1.2.826.0.1.3680043.8.498.11249981834802444119817546155435759007,47991df29d0fb30a8cc486ffb2ce82f9,3
1.2.826.0.1.3680043.8.498.11254890841796835340329521299102281678,c058cea4ddecc8e6b29abfb8fd0fff58,4
1.2.826.0.1.3680043.8.498.11257168136762043265165109052826442974,bc83e2c0c8654e4471181bf667c8b4d7,2
1.2.826.0.1.3680043.8.498.11257869433929994221899994675448655047,32a4f5b93da2092b99ac3b2545efd834,0
1.2.826.0.1.3680043.8.498.11260248089108026217929330361529065683,0abf841491a3d9dde536f2ca55d0ac1e,4
1.2.826.0.1.3680043.8.498.11262944211104069231500934582412003273,e75f0156bb954adb3d7297e59a5b520e,1
1.2.826.0.1.3680043.8.498.11264140845869814478794346490273061499,fb3d9d0f791ff0e85f66268032f8e4d2,0
1.2.826.0.1.3680043.8.498.11268635423021790546063903457498005204,7ea71bbcef13d6d572a170c1cc6d7f00,0
1.2.826.0.1.3680043.8.498.11270845320057097450047912107461684885,77a5d897a3108aa334ba10493f0276d0,4
1.2.826.0.1.3680043.8.498.11275711698468745807758222802302685022,39a226eeba7f1fbbdc3df981c7349547,3
1.2.826.0.1.3680043.8.498.11276674006815021828943434205349220551,7ba4aa0b641236e8f5d0e878c3041a8b,4
1.2.826.0.1.3680043.8.498.11276732020240247755618413418003401291,91cf2913ae180b3899e7d6d9415f92bb,1
1.2.826.0.1.3680043.8.498.11277078989123345865112116288626381353,071c3755d01f0b72ac72d0c572a97cfb,2
1.2.826.0.1.3680043.8.498.11277278232377185347750793496260885546,7ce179195468d34bf1bc8c247f3621f1,4
1.2.826.0.1.3680043.8.498.11282162920338602001456704018617788412,dd011a2af3b22ab325d387b468813794,1
1.2.826.0.1.3680043.8.498.11282706861378379965012380644125662529,d1f250dec1dddfdc12bdf19bacaa3a77,2
1.2.826.0.1.3680043.8.498.11287173314232027941677698384842764593,cae8837cee0ebd32014038c0b8bcf099,4
1.2.826.0.1.3680043.8.498.11287937729196958426538087439102017580,04867bc45abee174fc8b36bf62100a84,0
1.2.826.0.1.3680043.8.498.11291875173369366854889507729635968509,d7fe1fc9920bf6c54db7484160405130,2
1.2.826.0.1.3680043.8.498.11294885816514924203337081832122619605,99f48c0e4a89468af1d785fb97db4f8a,0
1.2.826.0.1.3680043.8.498.11295899132697862632905938037090529644,7f92cc764f680b5178900048868b54ff,2
1.2.826.0.1.3680043.8.498.11296867854260286881418279496022384461,72018922c4818a1b324e4e5ab2f23681,4
1.2.826.0.1.3680043.8.498.11298099571581989006135838942599921393,744b079276119708bf6ba21b9197419c,2
1.2.826.0.1.3680043.8.498.11302750434639976191333636496428935632,c33a719c8d368b5549a2cb776f222b30,2
1.2.826.0.1.3680043.8.498.11307870660160563329996058267938398411,57a2a516da3064ec51f71b886f6173b3,0
1.2.826.0.1.3680043.8.498.11312798102268182343541500463824266929,9c8b943e32ec42f763be288fc2718295,3
1.2.826.0.1.3680043.8.498.11314687816975146963598226343179928616,014080b5767faa3d899d80ac97eb1c09,2
1.2.826.0.1.3680043.8.498.11315871586936178043350206344448851055,78ddb3116dbb5ce0bf951cb204cd196b,3
1.2.826.0.1.3680043.8.498.11316091466685605758061778045311969672,971a4dde01993ea6d735ad392d4fcf29,0
1.2.826.0.1.3680043.8.498.11331824020096159502562313322049966712,015e9d5ae24b13f99df980aaf1afa185,4
1.2.826.0.1.3680043.8.498.11334486185870324597335039163116965763,2dc25eb3984cabeec93d81f62ba81e11,2
1.2.826.0.1.3680043.8.498.11334776960319816844935217444817103072,87a2e85c8d02b88a802e60b55c040e5a,2
1.2.826.0.1.3680043.8.498.11337616353935430160375524217870968575,23176fda6eb9bb1c6cf7cc2120171cab,1
1.2.826.0.1.3680043.8.498.11338962847958062668991874160027887372,79274441cb72cafba28d58015417f84d,0
1.2.826.0.1.3680043.8.498.11340429352365972769264064439788186260,7c5a469d72c09132f1393648ff5b3186,3
1.2.826.0.1.3680043.8.498.11345369648571407541082013397591193473,930688c2283b2ac5da3240d87662c2f6,4
1.2.826.0.1.3680043.8.498.11347466940974045182979684641300336177,b5c2cda6dc203e1596ca40c3cee76188,3
1.2.826.0.1.3680043.8.498.11352722814008170661344291337061231555,8c01d5b4a445f36989bced418732f500,4
1.2.826.0.1.3680043.8.498.11353976221682532422630231842008146722,d9d51fc9a0a00d3d066604d237585028,4
1.2.826.0.1.3680043.8.498.11362547519125634779422991321337283241,2ac5fed4005d0d1febff61654329d7f4,0
1.2.826.0.1.3680043.8.498.11369844885381156110080055326139875897,8aa0247d816340b2fd021dd2c4c755f0,0
1.2.826.0.1.3680043.8.498.11371400503360468962117579439852064607,2d716866a3655c8752a851362c6ca1ee,0
1.2.826.0.1.3680043.8.498.11382021393803389951964005983002209238,1a9876629f1f780251c9282327738b3f,1
1.2.826.0.1.3680043.8.498.11383056981606331444758741778014516431,024d2cabfffb4c1169f28db96622a9c8,3
1.2.826.0.1.3680043.8.498.11385845157446557781575804962818981994,3a39fe3983948b1b205e51220f703405,3
1.2.826.0.1.3680043.8.498.11386074316342852649653530230563922899,184faa37df50f2fbae8bc3d984847b3b,2
1.2.826.0.1.3680043.8.498.11391095418955817124325938917797687542,f20244609ecef03840dc8d98ae2f848a,4
1.2.826.0.1.3680043.8.498.11394861774586578112386386342670500749,77105ba19d512965800f3cc1d06d747d,1
1.2.826.0.1.3680043.8.498.11395349736725035422736613041202251830,87e9d99124b505ccabf384136322223a,0
1.2.826.0.1.3680043.8.498.11396451979734570993257791565721573849,bd382051cd0e0cd0b95137bba4e262c9,3
1.2.826.0.1.3680043.8.498.11402325536521359105285323485008939602,6ba48c9b6ad6059ce51419a5bbaac8a5,2
1.2.826.0.1.3680043.8.498.11406304618685790128709325242250648417,3402527ef4b0470fb1b39909648663a5,1
1.2.826.0.1.3680043.8.498.11406381777983128446583783158882827226,be77fdc675eb8b52cbf39dc885b7d2d7,3
1.2.826.0.1.3680043.8.498.11413427362266862411525989114324631512,771144a32a94c7de1609e33367820c94,0
1.2.826.0.1.3680043.8.498.11414215447313658600502835138277811260,b80c2b5940f9f0b2ee8d802d978dcb93,1
1.2.826.0.1.3680043.8.498.11420670844338686032030860787688858057,b77a68781a46a60a68b85760b559a8a3,1
1.2.826.0.1.3680043.8.498.11425019165071014217290822852865654127,183e263560ae43a00a5ca15d46cd1503,1
1.2.826.0.1.3680043.8.498.11425683153901568541658945026861110110,954df91af64ad64949ec6c8625411738,2
1.2.826.0.1.3680043.8.498.11428482061412578159115168314865188597,ff4bf283c4489bb343ebd39ed38d65ba,0
1.2.826.0.1.3680043.8.498.11432815311029789072253610823554308183,0bce38db90e7d12d2f50d484f2c1ec5a,3
1.2.826.0.1.3680043.8.498.11440214477653629899108986507154583794,f17395e193eb21cd703ccc401c5d0fd2,0
1.2.826.0.1.3680043.8.498.11440217845998767853986099058965644463,219fec917f12f927c5ed51b21bda7fb6,3
1.2.826.0.1.3680043.8.498.11441489276425334980205891153179893797,621686a952d1f87ef7d7b87d12edb21f,1
1.2.826.0.1.3680043.8.498.11446264194433135282793848490754001623,fbea6a75a25348c85217dc05c6ae4dca,2
1.2.826.0.1.3680043.8.498.11448326350892044215419380818679679579,dd048e13c9ecdad45b8ca874901edd50,2
1.2.826.0.1.3680043.8.498.11448865770537436004548718998804636234,d00b4b248b641a9b5e2e96b077cc5af6,4
1.2.826.0.1.3680043.8.498.11451448731901996559834481853733404099,98495872999a09e555e8f964ededfb4e,1
1.2.826.0.1.3680043.8.498.11451981256762378203455481812714370193,03d3c27e6e0caed4cd5d3fc28429678f,3
1.2.826.0.1.3680043.8.498.11455388290952699607973723923118848769,93015870fce70e2e2d81d8ff6c3b27e3,1
1.2.826.0.1.3680043.8.498.11458488293461896930750018852127694875,a1821692fa7157374146a019f1f3bb70,1
1.2.826.0.1.3680043.8.498.11458715255296685383451160973781612197,07bd2e10b8217fa176034cf05b47f6d3,4
1.2.826.0.1.3680043.8.498.11465586454035959390661499120751232686,ba5d2c98f831038e52d13e4008dd8a6a,4
1.2.826.0.1.3680043.8.498.11467955500991327547315970867313333592,e338da3f79e20cfc7735dd169207c420,0
1.2.826.0.1.3680043.8.498.11468812519969607938527116557104410121,fe0219df427afbf3d10efb1ddea34ba5,4
1.2.826.0.1.3680043.8.498.11471148332557464549579838595592736047,4a180d42aeeab5599cac9a33cef53a52,4
1.2.826.0.1.3680043.8.498.11472441320199233244785757534656853558,b6724a825e8d8b9140e2186ab5659466,2
1.2.826.0.1.3680043.8.498.11477000011453869751231224714283666904,64e9c4dc6bd6d6e86cc37325c3aa5ae1,4
1.2.826.0.1.3680043.8.498.11477583622065195478886525904745372063,fd6ae2eaf79577044cdb078a0ae63e5e,4
1.2.826.0.1.3680043.8.498.11482325994550095339373157256174349858,e4ab73eaf449ccc09a4aa783edeb9dd9,2
1.2.826.0.1.3680043.8.498.11487799220518102363643849548556099719,93473a4de7caa6d3deb7cc6163727705,3
1.2.826.0.1.3680043.8.498.11489881286208501558797333161632486099,c26d9648f3ad6f14e44c54312d9eb95b,2
1.2.826.0.1.3680043.8.498.11495133447993934376048707763538781434,e2893eacef0384014df20eaa935382b1,0
1.2.826.0.1.3680043.8.498.11497761063752461132736045914751707046,732edaacf84e5465696cbdb4733913cd,4
1.2.826.0.1.3680043.8.498.11498239309891927151456629915927889165,e3da41d17c9289301497fdc2e373f026,3
1.2.826.0.1.3680043.8.498.11498505068787084440256890724559761815,e3a056886abefe2b65037965d958c5fd,4
1.2.826.0.1.3680043.8.498.11498845504486569595587386245872511981,729e6296f78a4682ee5fb8d5f16310a0,2
1.2.826.0.1.3680043.8.498.11501070108039994411346060488666341726,b36d50dd9d965cab0065acc674b7fba1,1
1.2.826.0.1.3680043.8.498.11504079342934513987748646905909982588,15ddff2b936f9192eaaf41e689cc0d5b,3
1.2.826.0.1.3680043.8.498.11506642732332295874076832453198901115,0b014e15d41888174113f6bcb0718cdf,2
1.2.826.0.1.3680043.8.498.11506856887791286395737465774061395929,204b5b2a35eff4cf68572e29841331bf,1
1.2.826.0.1.3680043.8.498.11508340006652282767645009271305921426,41d82bc7d0dadb574d6275f061fdf86c,4
1.2.826.0.1.3680043.8.498.11515987024418648685676369132061127664,336ad5305e9280ba22ef21dd07639ef3,4
1.2.826.0.1.3680043.8.498.11516498203727058146656616413699979433,48308d10137e1b083a4e23bd451d9f60,4
1.2.826.0.1.3680043.8.498.11516842786271998149681118182571061813,b01b3a3a541181515f76b160015c3a8c,4
1.2.826.0.1.3680043.8.498.11520508017843738484108845144418061602,e25e125e04a4c3901e2b3934fe2b46c0,3
1.2.826.0.1.3680043.8.498.11521971289581057766555206729274639736,82cc8f1a027fce02d0f9f45098fe72be,2
1.2.826.0.1.3680043.8.498.11529405479134457001825038259936796388,4726b1ac7880a565c7aba8fcd3263f48,2
1.2.826.0.1.3680043.8.498.11530446425918247469882351709851883983,bca3222761999238631bc12fefeacd22,4
1.2.826.0.1.3680043.8.498.11532517984322509215429681648257299355,25da8fc3644dbd232e1fd2757754e789,1
1.2.826.0.1.3680043.8.498.11533971444023236216745801026152089075,95640b86d284ef8cdd7c9d67a4327c98,3
1.2.826.0.1.3680043.8.498.11542298537902846156898976374522470463,2d91b9daad13b06048a567f6eb7da405,1
1.2.826.0.1.3680043.8.498.11543622448213658856759993374276266341,091b82e2f394fb2a8726604e304141f8,3
1.2.826.0.1.3680043.8.498.11545541207342029419461179316053148974,e0d159745f26f75277da8a386be715ad,0
1.2.826.0.1.3680043.8.498.11546127923715190914128277599849591183,c0e52b567a65132a982e8021290ca292,1
1.2.826.0.1.3680043.8.498.11547192037231064935759879673500408149,c63b1ebc061a6ad56932fd1ad488ba02,4
1.2.826.0.1.3680043.8.498.11548045715264151632153040089882701935,8b4939cfa234a53ba6ff5094e3d3024b,2
1.2.826.0.1.3680043.8.498.11548839502674800051973767797346682106,0c8b7fd3ce20fd1b625d013ea1bf3cfd,1
1.2.826.0.1.3680043.8.498.11551347885357242022697196552822735795,d5334af7e9631451a103870bc8812a17,4
1.2.826.0.1.3680043.8.498.11551770225828320378339882849245348148,4388d39f3250892771b66d0168dcdea5,1
1.2.826.0.1.3680043.8.498.11557620559191469069130827959098335840,ab345de02936a7859bb551f670ba3103,4
1.2.826.0.1.3680043.8.498.11561519302314146020052258325459371962,acfef005436a859bd75c2ac4889019e0,0
1.2.826.0.1.3680043.8.498.11569355546217846610131708883985793793,25203995947192e0dc08560c90bf0c70,2
1.2.826.0.1.3680043.8.498.11569601172991867969672947467467392425,f8467c3cc6598f6c22bf60ee507fdbf3,3
1.2.826.0.1.3680043.8.498.11571057273590444914079281238002921868,fb606ec46fd3fcc8a93b771655abe58d,2
1.2.826.0.1.3680043.8.498.11574480940878399452466699512074769686,ddc30103826fa0ac37b0566ff6bf3e92,4
1.2.826.0.1.3680043.8.498.11574667600340420151274680172753922967,38a9a84d03000615ee73355dc9cbcb09,2
1.2.826.0.1.3680043.8.498.11577630811395858629711985689258647804,862314f9dde5a68399d6e76e300e2766,1
1.2.826.0.1.3680043.8.498.11579571696748051185342754881791715610,fc9954f354f65ef8b633ff8ee10ec10c,1
1.2.826.0.1.3680043.8.498.11583098598455610459898849451117846552,b131ea5ed811cc079fcd61b4acacdf49,2
1.2.826.0.1.3680043.8.498.11586616391541918134110642641868079265,c037117162879b0be6a9f26f36152a86,4
1.2.826.0.1.3680043.8.498.11587989960888698769912899464470116193,b67429244aa1b1510fb0590a542ced3d,1
1.2.826.0.1.3680043.8.498.11590096889491409910425456896187293515,3c11fa26ab5876ccf8d3e567b1ec1cfa,3
1.2.826.0.1.3680043.8.498.11592056376890319271545710970155310824,286a3a4b3758a56b2ce9c7ed41ff436d,2
1.2.826.0.1.3680043.8.498.11592838054859712596515534341207971997,77a73c1dd276668d4a3e7ccfbf8e2b93,2
1.2.826.0.1.3680043.8.498.11595338216297251382188195835520492789,56628d743361541897aa9be06c530efe,1
1.2.826.0.1.3680043.8.498.11596665780617412984766822528862741584,b1fe8745761f61298e57f2084a1f3fac,4
1.2.826.0.1.3680043.8.498.11596866241403598097171345671773992202,3e5bd29bb999f08ced21863bb864447c,0
1.2.826.0.1.3680043.8.498.11598606533748611505510113033734692457,4b93aa8b3dc03d50dff98b2db056af54,3
1.2.826.0.1.3680043.8.498.11599387556469808488160280438305325860,7b2a50a992bd280512b7aa4c2f5843df,2
1.2.826.0.1.3680043.8.498.11604138460812393624691789275263090511,18f2ef63426581f6f9828c60b7d52ba1,1
1.2.826.0.1.3680043.8.498.11604298807403466096392316117803661479,6792ddb0741a5c7215e6f59585188d09,2
1.2.826.0.1.3680043.8.498.11605266731872772432220415835172557961,b93103fbe471df1cc30ddb68f107530c,4
1.2.826.0.1.3680043.8.498.11610176134207131408691324676304640501,8bad6bb26276f942e3d695041a64c5b1,0
1.2.826.0.1.3680043.8.498.11610585947047502123824835405421129552,feab866de4a6add5e051435ee9299e8d,0
1.2.826.0.1.3680043.8.498.11613637647831801354398273334552399874,f33bb30c0aa713dd4340a3fca5ca2d8d,1
1.2.826.0.1.3680043.8.498.11619883329923252065839671636992770849,66b4bc49d145abd546e35c0276161216,4
1.2.826.0.1.3680043.8.498.11625598825018422177242262569319579378,978c4808b66120e8c50900bb76d3f732,4
1.2.826.0.1.3680043.8.498.11629659616217352895144469980856259097,666f97a891d27c90628d42022bc5f232,3
1.2.826.0.1.3680043.8.498.11641274367861998748475337224297076397,b0517a129e78e5b2c43ff76736517d26,3
1.2.826.0.1.3680043.8.498.11641866550826314411250696478180861612,b05dce59705a5409317edf1ac58a2d1b,4
1.2.826.0.1.3680043.8.498.11642228346306175407288158335830376197,028cd46ca260fd97d5caf3ea1c1642f1,3
1.2.826.0.1.3680043.8.498.11642678020345468499556230871411308014,ef500ccddb7c9d5d0c16d08d5eb72c97,1
1.2.826.0.1.3680043.8.498.11646465814751330102194657154003685957,460f19071ee68d5e6bd8b846e2aa577d,4
1.2.826.0.1.3680043.8.498.11647595587705638372290862475518195181,9de1fa9abf290827f1f342ef0412fd01,0
1.2.826.0.1.3680043.8.498.11651755040149549966484720727140190853,dddf4790e3439eb73cd45a0bbf678486,2
1.2.826.0.1.3680043.8.498.11652570369213315569275956969935617843,8be6dfc9a5cb9777d0603721571225b2,3
1.2.826.0.1.3680043.8.498.11654064547593365398103107850228629066,1d66d5886927ae56af269c57b9b8920e,2
1.2.826.0.1.3680043.8.498.11655692245049710970881619360721342623,642b1beeee6b5be0d37c9d5a6e06654a,0
1.2.826.0.1.3680043.8.498.11659861228342609979638095779959188093,b9d8da9fd6a6154b3c1150c0adcaeace,0
1.2.826.0.1.3680043.8.498.11661333712307504012375232163708358493,56bd1ced38a2f2e052b86b77663493be,1
1.2.826.0.1.3680043.8.498.11669120316759278775792190599036288128,8be75cc78880092e5f9a201f72922421,1
1.2.826.0.1.3680043.8.498.11674925658184069242322832524274428408,baf36039fea68f0d628cfb5118085e05,0
1.2.826.0.1.3680043.8.498.11679044101697033975478370934058085847,a1d1e8003e66ff7c28b82edefe832440,3
1.2.826.0.1.3680043.8.498.11679981444785137570894759919380932611,753ac9c3e5d731ad61e5ed60623e3f0f,0
1.2.826.0.1.3680043.8.498.11682243736539231948790371952356165171,f010b9ad3b6265032be6f6e5cbd19d23,2
1.2.826.0.1.3680043.8.498.11685904538570360040472064238371379681,238cc819621cb3084c990a1f2e9b3af3,2
1.2.826.0.1.3680043.8.498.11689820638581431730501617718741779835,0c1d100b8e7c9dce507d9f43040bd69b,4
1.2.826.0.1.3680043.8.498.11691245281415120685024733512803575288,196932a3663f821f58bfd65add54ddc5,1
1.2.826.0.1.3680043.8.498.11695097367686121784104505410611821860,d918ca447d26255c3b24cf86ccc63491,0
1.2.826.0.1.3680043.8.498.11703195077261884009442719578918319962,4c48958d4747dcece6e64249b300eb4c,2
1.2.826.0.1.3680043.8.498.11706378290185110677863653788588307917,8610f545816af7c1620c0980fe8ba25c,2
1.2.826.0.1.3680043.8.498.11709909941833245598246010905322129256,ba1d695c650dd36a6cd018a33922bf72,2
1.2.826.0.1.3680043.8.498.11716605112302071535035323666308656381,dd74dc4de9516ced4e415440798cf6c1,0
1.2.826.0.1.3680043.8.498.11716730437469973434747875401501334429,a64a8bf9d2f400b9071ed944ed30dde4,4
1.2.826.0.1.3680043.8.498.11719502398697390809777045891822044637,3bdcfbca2fbb6dd9585fc4626ea40329,3
1.2.826.0.1.3680043.8.498.11720535027022778971695130536590302635,582a56e73ce7361cf2102a0fab4496ce,3
1.2.826.0.1.3680043.8.498.11720664166420613534218395854543939928,6a8af61de8418df0022b767b158587a0,3
1.2.826.0.1.3680043.8.498.11722185671504770687850569082348083612,9fec44219fa0a6cf82e05ad18f653548,3
1.2.826.0.1.3680043.8.498.11723286647024326363349453996818420374,735056750778e38ef044c4c4a74f7602,0
1.2.826.0.1.3680043.8.498.11723945299462627737346907048285143063,9c67eddf19bf690f21f8762f75dc7d0a,1
1.2.826.0.1.3680043.8.498.11725843001854130477287484865097535511,cbfbdef22798924efd44615f64d15a85,4
1.2.826.0.1.3680043.8.498.11726452645519338341002251323463736083,d9e00a4d7c3b754150373f7c3042f975,1
1.2.826.0.1.3680043.8.498.11738872955471637985947490962985266753,80525d8ca5d7fabe39ff20b8036d97d3,2
1.2.826.0.1.3680043.8.498.11751697254880722008245447197446027607,7e8eeefe69ea04bbad36b9de78c7b996,2
1.2.826.0.1.3680043.8.498.11752091432368750506312921028559788225,913995e135e51342d04dad7c6ef96953,3
1.2.826.0.1.3680043.8.498.11753067309373104365558887398441364695,52445904a10ef37d4a93131aba2e4f57,3
1.2.826.0.1.3680043.8.498.11762352496600661264881556836248251400,4209ca9ea8604cc467d459631b15d5a5,1
1.2.826.0.1.3680043.8.498.11762851510866726051342964961256680025,08dc14d7b18ed287cb1a47465036a9ec,3
1.2.826.0.1.3680043.8.498.11770690655120964721059321709525979950,36930cebba8c3d4db19b412faaf84313,0
1.2.826.0.1.3680043.8.498.11771393824519892797114773408583976756,3099a3e82e7915585ceb6407d4ec4431,3
1.2.826.0.1.3680043.8.498.11775352515236862473778507708524782015,da4fa61cd898d39654326a5a88351ea7,3
1.2.826.0.1.3680043.8.498.11776647434143676427722616249587614803,996a65245241724ac7df1be5942f92ea,3
1.2.826.0.1.3680043.8.498.11779387602988880691008088661075117406,7b54487113e90021fe6b5204d2851ffb,0
1.2.826.0.1.3680043.8.498.11783597160745641720078978406968189488,8d83ea1110ad2a6ff13f7dbacde364c0,4
1.2.826.0.1.3680043.8.498.11785138333495400389510795613252286069,6018f153b480560f7feae31f5c82bb00,3
1.2.826.0.1.3680043.8.498.11786296135006283515679011075884245663,dea9b2654bbfe8b693b010768fc42e9d,0
1.2.826.0.1.3680043.8.498.11786582806577871618290342375465595269,8746e2615f01fa51d7fb2356aff6ff0d,0
1.2.826.0.1.3680043.8.498.11791028039098776993164396657149877483,f1b500ec61c14025866ced51b03f7d07,2
1.2.826.0.1.3680043.8.498.11791567830371683660578052737702299124,006cebf7cfbe5fc3a7f4b60d52b239bc,3
1.2.826.0.1.3680043.8.498.11794753699425693678056056340551238033,01f6b0f2a7197dbdffcc020e29bfb598,1
1.2.826.0.1.3680043.8.498.11796547950032543541071896156852778697,1bbcf4c92beff92d45dd9c1db1c78078,1
1.2.826.0.1.3680043.8.498.11798183157109435753679723596499976762,e124075b002267d8c65cfa1b28bada17,4
1.2.826.0.1.3680043.8.498.11799272823743145498601173910069737855,750257a6d4b324097ce98bab54af0a2b,2
1.2.826.0.1.3680043.8.498.11803762390999881908101130422708589537,ae8fc1e833f6eaeb4db0702882eb470b,0
1.2.826.0.1.3680043.8.498.11804799183537166337413388415687675758,acd0946c7e08aadd8180921b213cc0e5,4
1.2.826.0.1.3680043.8.498.11805131119810457174456565128522037991,13303c812e8e72039779f31fba0d6ab3,2
1.2.826.0.1.3680043.8.498.11807494462283790976935891042637502434,fa962d726436d83248155f6e8193af39,1
1.2.826.0.1.3680043.8.498.11812607848520072826145426247813670653,3f92f3346501b32ca6801fb4e5cf8534,0
1.2.826.0.1.3680043.8.498.11814923363609140180293604689814785969,eb49167cad6fa881dd31150aec8c8c95,1
1.2.826.0.1.3680043.8.498.11823120042104793954689778719229868108,0d74754e0e303555e2ce10a595a6701d,1
1.2.826.0.1.3680043.8.498.11830915612184936576804778995164042200,3a1deadfe5ece378bb7bd0fcd9228a15,4
1.2.826.0.1.3680043.8.498.11836929166973549727078374306175992474,7b34d132d9c2cc0fa3bf5bbc09d62975,1
1.2.826.0.1.3680043.8.498.11848828525319749834876185415845381479,9e9817221fa1d4bfad1f6b3a7d5fc3ff,2
1.2.826.0.1.3680043.8.498.11851285389689341495961233129719325417,688049b67cddcbeb4b5163e5aec44794,0
1.2.826.0.1.3680043.8.498.11851412923016044948101698015974810604,1fb458bd64ca22133a92c0d332997204,1
1.2.826.0.1.3680043.8.498.11860731961337988611847638299761007498,319b15fc49cd212673e8630ec7ac2613,2
1.2.826.0.1.3680043.8.498.11863890747360341056211511874563792862,c7dbe3b8763cc36ea7dbdcf191a9f63a,2
1.2.826.0.1.3680043.8.498.11867198902144602395671904591496233129,d3953fdb264623fd03204e3912b08245,3
1.2.826.0.1.3680043.8.498.11868154141292577776796381772987549697,8e4d8a7dc6ce17a35e5644239a7d5321,2
1.2.826.0.1.3680043.8.498.11868389442143514705330687746274512632,34ed9cb27df9de75777f0807e9cd1b7e,2
1.2.826.0.1.3680043.8.498.11871142388984150456249558619289234011,95996ad4e15015009756895ec732b3cf,1
1.2.826.0.1.3680043.8.498.11878847808072119549790690649256090471,c5ff1a6da5c579358486c576c689d371,3
1.2.826.0.1.3680043.8.498.11880385031047315524154761508473409762,a5db285a81dc5acf70fe51fee1640a98,0
1.2.826.0.1.3680043.8.498.11881735311125899170335963782017197184,06648025c90539d83db546ccefe6df0e,4
1.2.826.0.1.3680043.8.498.11887143891500181344364122992066593229,b4f7abea5ee4261a93bd79f95c69f0f7,0
1.2.826.0.1.3680043.8.498.11892908237449514945544380023820626319,46747a2a95cc37e9d2ef7f7b180ccc62,4
1.2.826.0.1.3680043.8.498.11897083656099489353496670273111097794,4c6f3b4f5b450fa73598e4e2c9d962e4,1
1.2.826.0.1.3680043.8.498.11900355716044995266104285198121445744,a50a79b584a8032933f036bc9e4bef31,4
1.2.826.0.1.3680043.8.498.11901474252960403779405194385221103673,6012129053a234921d7c18e0856519b0,0
1.2.826.0.1.3680043.8.498.11902464730418099436837163594625541861,d36e99ec6fe9e63a564cc4388ba21d04,2
1.2.826.0.1.3680043.8.498.11904156585987383639134967886361403369,88e1c053af766bd2395d6c537ced3d65,0
1.2.826.0.1.3680043.8.498.11905397531490569218559534495408776672,116c043f9615a27cd2fb522dd4bac8f4,2
1.2.826.0.1.3680043.8.498.11906266535122698149967624908585010734,2b6ebbd8f573b9a62c51adb6a0d4a591,2
1.2.826.0.1.3680043.8.498.11909779134152823550896593167929611759,e5ec80277c82f39e9cb342a1e9858912,3
1.2.826.0.1.3680043.8.498.11911688823908554151914734938172012708,dc77f6a7e05668324eaf9cc8ffb4659e,3
1.2.826.0.1.3680043.8.498.11912276256810863127132294167870461707,fecbcc0b61daf44105728a9a9ffeb595,2
1.2.826.0.1.3680043.8.498.11912618147674655465071922267060032851,bfa1871a9a43ddb4ce68fb0705923bba,3
1.2.826.0.1.3680043.8.498.11915933561045570822185908784072057715,a62f24b0b571daf26d469233be9176d2,0
1.2.826.0.1.3680043.8.498.11915937982684988073644209606907169581,f08911c42d8a5a7dd5f1d7ae16479166,0
1.2.826.0.1.3680043.8.498.11919420571588879483419578078755803351,8d6f40badcf7a22e7ccf23f4fa14c508,4
1.2.826.0.1.3680043.8.498.11920026019322352546372153111621676066,8355681a96a7512012d003d7661e4d38,4
1.2.826.0.1.3680043.8.498.11920531053482540304184657218030242597,40df408d9fd6d59c5087597d0613e349,4
1.2.826.0.1.3680043.8.498.11923218013055841952315996726408812182,d3baee8fa3ae64188e0d9db39ef4b91f,0
1.2.826.0.1.3680043.8.498.11924999889245769866426422681253524920,6a4df42b51bde3896118dbf404dee280,4
1.2.826.0.1.3680043.8.498.11926412946593048423086380882538180028,cadd523505dd11f28e4aa7afaf1b1649,4
1.2.826.0.1.3680043.8.498.11927352926669104658144933891780551483,64b3be082e0b47bf7f6f2f9858e7aefd,4
1.2.826.0.1.3680043.8.498.11934483804567594363179973225449686890,d2138f4079ea3a1faaa37ba35d2f7a0b,4
1.2.826.0.1.3680043.8.498.11935116791150327546384719051023540185,d6c1c534c5277fe870080c18a2eedeae,4
1.2.826.0.1.3680043.8.498.11935893582662912138522962760478513770,f1a6640a23bffce7df7314433e1f995b,4
1.2.826.0.1.3680043.8.498.11937911933281010146897685679862930140,76f49f2e6b6d07cd420b1024d4bb6142,2
1.2.826.0.1.3680043.8.498.11938864543152001817866013174907274014,37aa43b73b2d6cec16e35dc5a38124bc,4
1.2.826.0.1.3680043.8.498.11944762815616453054528091721553484857,f72bddd5706843b95542182645270852,4
1.2.826.0.1.3680043.8.498.11954711639198972958656966617027374769,d610ab983e1e6bbdea0f01cd1b61d19c,0
1.2.826.0.1.3680043.8.498.11956771495610267604936834092317960600,4f3a54b2ee5270da3d85462dcb3c43c0,3
1.2.826.0.1.3680043.8.498.11957476321850340968244508976719889277,8513ef0c3d51c8023da16999a780cf7c,4
1.2.826.0.1.3680043.8.498.11958117172819754862618612170999909480,72895e90f1041cd95c76e49b7a1016f8,0
1.2.826.0.1.3680043.8.498.11964826300307458382604479841253457304,0ac9d9dc1a7166d4fb30c66532052e1d,2
1.2.826.0.1.3680043.8.498.11964919539297578836040550782883323317,339c685bfe85fc727fb29a0860924b57,0
1.2.826.0.1.3680043.8.498.11977465062890611952998635094033472451,e3afe091c711b0ae802ffaa39f2c51e8,4
1.2.826.0.1.3680043.8.498.11979034558288454336812613626594510186,826e8e62c3ef4befe11a77d142a2fb1e,1
1.2.826.0.1.3680043.8.498.11979906027101464432999416052202616662,3228043d05d4bc003f19130e25dd26a9,2
1.2.826.0.1.3680043.8.498.11980187124986749407584543247586384443,7d6798631cf16bb28f018fe530b4a213,4
1.2.826.0.1.3680043.8.498.11980805687949950504930975019161587970,fa67d8670a578224d6530b5546110d1b,3
1.2.826.0.1.3680043.8.498.11981170645605720774509861722988500673,08221ad839331ac01a20d932a4d64df9,0
1.2.826.0.1.3680043.8.498.11988551795896617815207749665102049499,56547f6a587c11287f3c1ae3ed6d887d,4
1.2.826.0.1.3680043.8.498.11991512352474459753052051071717622771,40383fe8f7819d9699870e37fccffdc7,2
1.2.826.0.1.3680043.8.498.11992172807590757302730513420827032389,8f6373777833e156ab40921d2adea790,1
1.2.826.0.1.3680043.8.498.11999008448480965933785988718780864948,6d3ea169c800c234068e8658e0b7beb4,4
1.2.826.0.1.3680043.8.498.12005327370242618323737652892230673473,00d787dc7a00f886b1e8caecccdf2767,4
1.2.826.0.1.3680043.8.498.12006027138204983547873134458107233878,fec2f57fad5c7a4e0e7c41898716ce61,3
1.2.826.0.1.3680043.8.498.12007335335641704192494936946829650792,b45937ccf79bedc326483f30044e0205,0
1.2.826.0.1.3680043.8.498.12009816058271421855131593296751372723,c10bb4ca8426b049f58bee9ba66be6a4,0
1.2.826.0.1.3680043.8.498.12010150865087936209475730225377000084,0f0e8aa67d09f21f392fcee98f320acc,4
1.2.826.0.1.3680043.8.498.12014959202771141042815134335571931814,3d3af0230e26639a51783eb64c41ae5d,3
1.2.826.0.1.3680043.8.498.12015406188790105426257083591807220760,47ed3417e5ea5260635fe37e3ddc74a9,4
1.2.826.0.1.3680043.8.498.12026457191304650188547548517205757122,99904588d295cfe681eeca3c20e853a3,0
1.2.826.0.1.3680043.8.498.12031315219947933845048665397149229969,2a4e44faa042b88b00167d17f90cbfbf,0
1.2.826.0.1.3680043.8.498.12034579945815402722591687609951730205,2659f565d0f8eb5795571b33de11e25c,0
1.2.826.0.1.3680043.8.498.12036404333388388978317335770611404933,85f8bdb02bc19800541adb42bb8f280a,2
1.2.826.0.1.3680043.8.498.12041392088066705782960819598258792338,98ad1492507e280f6da18f7c252a9da0,0
1.2.826.0.1.3680043.8.498.12041491173612341571223481616114183729,12425a1779a0fbb490ed22efc0b3d019,0
1.2.826.0.1.3680043.8.498.12045300645580015230470991493790324857,39f691bb6fcbee88e7d6f0d561dcb000,4
1.2.826.0.1.3680043.8.498.12050415099056648944934039580585859179,302d314722cfdbaff8f2c1c8b93780a7,3
1.2.826.0.1.3680043.8.498.12051169109587120248372991913002670813,c7c757d8e8ffe32beebe2eaae66f9a27,4
1.2.826.0.1.3680043.8.498.12054099347723802635102026371218576198,38d6fb8a991a69a8f59b126e5f2897a1,3
1.2.826.0.1.3680043.8.498.12063742398421783626420335095128808816,6ddb755501622cb027d57a503e64fc1c,2
1.2.826.0.1.3680043.8.498.12064822036518837577612019712902340953,34ed09399b3ba30ac0eef93698a99849,4
1.2.826.0.1.3680043.8.498.12067625141402105065337444349201280606,cd98435d515c99e9dedfa87d447619ef,1
1.2.826.0.1.3680043.8.498.12068674252637046261029360607215822017,414db5b7d4d5da3e13b95e8d90c25e4c,3
1.2.826.0.1.3680043.8.498.12071998470084955703027522152040042364,e0a24808bcb0e720d7d5783a316c93a6,3
1.2.826.0.1.3680043.8.498.12073401429398042797505820525732905336,817312df5c1898ca360abbe1747c2336,0
1.2.826.0.1.3680043.8.498.12092744899746753313905432642371563786,6f8410f65b88b7d1f9f39446f85692b1,1
1.2.826.0.1.3680043.8.498.12095779329738382018467257299597656491,7813a67a567e904149e26cae02940658,2
1.2.826.0.1.3680043.8.498.12098718763390783455090805975786780205,c063dd6023963c551165eb5b63058c7f,4
1.2.826.0.1.3680043.8.498.12100254887364913022980951672127944515,648c5f06968c37c2089bf23ca54ad7f0,1
1.2.826.0.1.3680043.8.498.12104799278874963688461235330096856415,8f7e6d207a1b9d410fa565fece448ff9,2
1.2.826.0.1.3680043.8.498.12106775587428595108771304868101362618,99e4a91b0133a0ee04ad1dc0940c786a,4
1.2.826.0.1.3680043.8.498.12107680313133383587522762626929218051,8547bc6e678b7789e80732f7233e7782,2
1.2.826.0.1.3680043.8.498.12110510829608190094905588610131531103,4da4e19fea9671104d8f2e61f5988492,0
1.2.826.0.1.3680043.8.498.12117377043894182951345966247899775612,10c3795d72296aacc361ed62f9cb8517,4
1.2.826.0.1.3680043.8.498.12130605331118953242364684736005454581,069b87183834087deca98617f4aca93a,0
1.2.826.0.1.3680043.8.498.12130868132537772155475981935868588761,5c4434d464614fd0569fb897c4a7d050,1
1.2.826.0.1.3680043.8.498.12131866860554871145836544571379633595,3183bc4303c93d727b517dff6efb7ddb,3
1.2.826.0.1.3680043.8.498.12132814192991105841939278718608095213,a6556b13da96b21e2a648cf6313c7eed,4
1.2.826.0.1.3680043.8.498.12135456587022560662140325717612726990,bd5f43ac3edfce3ee3b7c9b0261a092f,1
1.2.826.0.1.3680043.8.498.12137739162059836759686062882514824614,bea8f874b3d5b79aceac8733b3b29b21,2
1.2.826.0.1.3680043.8.498.12139829070290803654867114374799823711,8d83ea1110ad2a6ff13f7dbacde364c0,4
1.2.826.0.1.3680043.8.498.12148236440353424874546037143134438088,227154a659650a19d0d9a79d2e66c486,3
1.2.826.0.1.3680043.8.498.12150502202634860887314001818431257267,e3222194cb2e4938d512a85dfdd5e4b2,2
1.2.826.0.1.3680043.8.498.12153755823296803843819361055386265595,3dab11d0a74bb39494e5027b27783879,4
1.2.826.0.1.3680043.8.498.12154188739734505793699974626991872621,caa35adccb47970fe0b3039351a66208,2
1.2.826.0.1.3680043.8.498.12158630368692962312115489365152319457,6162e2386c98672ce49bbed2c14eff4d,3
1.2.826.0.1.3680043.8.498.12160065317167766993207036411434801297,8c9da6f2a0c5f0a51e1596f52b4e3a1c,0
1.2.826.0.1.3680043.8.498.12165893434332227221101266719291133169,a971b5560ac3bc1e88ba3d020425c560,2
1.2.826.0.1.3680043.8.498.12166081590548185636776183599317715045,150b3facfd72b9cd419b6db4cfd908d6,0
1.2.826.0.1.3680043.8.498.12166235678892893545054546864889743251,911d93d3ec6d902699ab19412d3cb97c,1
1.2.826.0.1.3680043.8.498.12168045829469202472124733625621943469,9b0b2dbc9a9bc18f0fc611dfa787c95c,1
1.2.826.0.1.3680043.8.498.12170753305862973517190756418865414984,ac47acb8c962522a203b9294ab2a6946,4
1.2.826.0.1.3680043.8.498.12171469604213841534511019872648327851,adf0018a771b63b09cc2ebf4df22332c,0
1.2.826.0.1.3680043.8.498.12171790864123519428649395041090102217,e8c983039e0b1f835e9fac8912030184,4
1.2.826.0.1.3680043.8.498.12176466551281285838907773521868954581,83536af7de7b4c23b1989fa86278ce3a,2
1.2.826.0.1.3680043.8.498.12176469158911896593955662590695392044,ce7b0ba6066788f53c11aa988ea29bdb,3
1.2.826.0.1.3680043.8.498.12178921459424917661210327999672203211,f561cf2c498ae685dead2ae3880d88fe,0
1.2.826.0.1.3680043.8.498.12181591358572249491885248089245858515,7b79cb1888b894b2d4ca4c384c2d3f46,3
1.2.826.0.1.3680043.8.498.12182309401920763498667366352681074302,7cb85f59a3c96908e1b113ee63566081,4
1.2.826.0.1.3680043.8.498.12185615973620890770158935333033805789,8c2059f50daa1f73cdc56237b6110860,3
1.2.826.0.1.3680043.8.498.12186494601308291174548814564387764515,9c9c2953ce298b322011108454456235,4
1.2.826.0.1.3680043.8.498.12189863023888657759738596583562992408,029d60f78d49be1bdd2115c31fdd5c31,1
1.2.826.0.1.3680043.8.498.12192455583120681639582915365754780698,de76807e160f53bfbac8be312d4208c7,2
1.2.826.0.1.3680043.8.498.12195007606427082866449558290311905939,0037ac435de6005cbb67aa99e4e7bb26,3
1.2.826.0.1.3680043.8.498.12195090472992304712555822541659656360,1ca970afeb1c8bd1ec6373fec71db1a6,2
1.2.826.0.1.3680043.8.498.12200672323103829956274910258854933266,1a3ad86f6beca6d179c427664d203201,3
1.2.826.0.1.3680043.8.498.12201598444731259697380878112783653796,cdf28315306885dc434d133c4fc76bd3,0
1.2.826.0.1.3680043.8.498.12202865491511254130359509254373393681,c5cdf59899948f4b74be0bf15dd1a56e,4
1.2.826.0.1.3680043.8.498.12207279366369605175255203969558548753,5f221d5dda9e4fa9998c05f34786537e,2
1.2.826.0.1.3680043.8.498.12208986088767216690584621773389997968,de2f7a1b8bf46e2025d6aeafe8e73b38,4
1.2.826.0.1.3680043.8.498.12215902620611618183321984433114460986,2b8d906687c0d1aca53b7127a55cdcb5,4
1.2.826.0.1.3680043.8.498.12219658385745696203053079500246399481,079cf30b9e819108a88ffadb12bdb336,2
1.2.826.0.1.3680043.8.498.12221892384948220776502422531414659289,cdd023e69355f4cebdc60f091477552f,1
1.2.826.0.1.3680043.8.498.12225975251304101975065271521710735735,9ceaa27e77cd790dc652d36691d0fda2,0
1.2.826.0.1.3680043.8.498.12229628534316014336864328244217875465,5513fab34935fe5041a55d4e1f911cc7,4
1.2.826.0.1.3680043.8.498.12232127448545053821926845887026738988,fdc9c7bdb4a9ec68880180171fd4f5dc,2
1.2.826.0.1.3680043.8.498.12238753439953831519247789198174756615,d1bbe05d89f2bedd2d730c019145466d,2
1.2.826.0.1.3680043.8.498.12238865510201989224648662550299925120,dc745a15343afed1ad79d51f637218f0,1
1.2.826.0.1.3680043.8.498.12241413500128553133597113709525575494,0cde8d362fd824b0dd7a1263acdee054,2
1.2.826.0.1.3680043.8.498.12242172267695588655664456078003635837,2015d6db4da809472534f4ce067dd02c,1
1.2.826.0.1.3680043.8.498.12243764506921404196245986681613075136,776f2244b0f8168fc6327597fa24520d,4
1.2.826.0.1.3680043.8.498.12245760386130805526409111049874664817,59101fcf51694e3ffaf477644ff1e50e,2
1.2.826.0.1.3680043.8.498.12246086238999179953298261549112671014,f4dcaabf0d3aa52df8678c68b627b224,0
1.2.826.0.1.3680043.8.498.12248983667596865960950671947508678392,e75da34835a599bb71ed3dec42a45907,2
1.2.826.0.1.3680043.8.498.12256365473385257798561212457071712327,fde684fbfcb0fb6176edaff4889d25b6,3
1.2.826.0.1.3680043.8.498.12257119852150088212071954292747252243,198ff5aa1f58c00b9fd04fc2d471486f,2
1.2.826.0.1.3680043.8.498.12257484608743859456600273083454447341,8049eada340d6d353b388e02b4fd934e,3
1.2.826.0.1.3680043.8.498.12259896940707176389739553110492954399,1a044a92e60f63fdb1dfe671c125c39e,1
1.2.826.0.1.3680043.8.498.12260661730837055872432103268905182876,39062cece97e480d05cb6be8e95a32ab,1
1.2.826.0.1.3680043.8.498.12261175520056712414700866621816882336,22427ac3099473325f92d2477c247d49,3
1.2.826.0.1.3680043.8.498.12264607993101717201407955391437731134,24cde4b9ad9cc2b4e620a0d7edf29795,3
1.2.826.0.1.3680043.8.498.12266054872802015665014176014323258615,d3b93afdb1d616c01fd94d8dbb490a65,1
1.2.826.0.1.3680043.8.498.12266133889557145601371064833389800065,dcd5721ba3b8c644ab3fdeba9c23b5f0,1
1.2.826.0.1.3680043.8.498.12266644932420958618394322959047940542,069ec8309256edc8ac893f6c9d888b1e,2
1.2.826.0.1.3680043.8.498.12267944258766605501055560486655358039,9e70c2a1f3fdd8c98fa7a61bb14c227b,0
1.2.826.0.1.3680043.8.498.12271616365050313084031931009756086606,de488a55bc9ae1bf6f9ea6f0e1b0c8b0,1
1.2.826.0.1.3680043.8.498.12273356591019341319494035708698721367,fc039f348951df408e5bffb3795c9cef,3
1.2.826.0.1.3680043.8.498.12273490180961458167930039242826008249,2a82dae5a13af58976c34d724acf3704,2
1.2.826.0.1.3680043.8.498.12274801503555668613400469130773239683,61b0a6bc688c0b4777a92bc1389d02df,2
1.2.826.0.1.3680043.8.498.12275265458583331749472987758046974406,637e1dc25761943fbb5dc094a35f0a39,1
1.2.826.0.1.3680043.8.498.12280407492991430179266369843997653205,20d56b6a22f9987b82688861b6e06a3c,1
1.2.826.0.1.3680043.8.498.12283662652762881783845275662580546217,eac31a857b6dcbbb30f5b96fe7eb2158,3
1.2.826.0.1.3680043.8.498.12285177271228289867211553575739205132,592186e873a7b1df43cf1b12577bbb21,3
1.2.826.0.1.3680043.8.498.12285469859900617016859868410323043734,c0a6bb695da67bb5840b147cd2061a70,4
1.2.826.0.1.3680043.8.498.12286894057773964720268768529280193085,14e271a4816f1117375a5a90e6c00a5e,1
1.2.826.0.1.3680043.8.498.12294073960417956629256115458135748872,755a3bd44246414016d4a545cf6a3efd,0
1.2.826.0.1.3680043.8.498.12295284437770380354725533247473017729,f0b35ae092f99b3497ab0bc6fc6e8aee,1
1.2.826.0.1.3680043.8.498.12295443776523723913480216844110882937,91eca5c74d6382d33bbd898a1cff5e0e,0
1.2.826.0.1.3680043.8.498.12296624595750602443033689366743784387,ffb2331f9c35f78a925270046e14c61b,3
1.2.826.0.1.3680043.8.498.12300749089664733313051543117302244508,6a7b89201895d5eb2c334c79e79b5d56,4
1.2.826.0.1.3680043.8.498.12301945990161670321760708884248055936,b017caa4a5203149043f1a9c1da6fbc4,1
1.2.826.0.1.3680043.8.498.12303161232396569915032951761728884199,5d9df91529cc74ddb4143cc999b936c4,0
1.2.826.0.1.3680043.8.498.12305281328019552390691110900015627668,6fff9700cc2ea80b7bc138691590901b,0
1.2.826.0.1.3680043.8.498.12305733049746414359748178404911549573,6161768e5e5a856a9608d1db13320cc4,4
1.2.826.0.1.3680043.8.498.12307356432736970350794033171174403632,99ac909f45957ddbb5a36b6f649f5819,0
1.2.826.0.1.3680043.8.498.12308357850075929758995438211317707857,6463c3e48e9c7ef1e121960c7d69c7ca,0
1.2.826.0.1.3680043.8.498.12314729913655626716039376606973474150,dd772f3a776b3d1a61772bb5e879d7a5,1
1.2.826.0.1.3680043.8.498.12322760603170246518010233325038530097,b0dc295d7d9e3c17144fd2233e05eaee,1
1.2.826.0.1.3680043.8.498.12326930847104022196329390608780066947,8d30f5e32cd9aab09b58a68d1704a429,2
1.2.826.0.1.3680043.8.498.12328313245396930020974053819810033945,8bbe8f08e5974d093cfc214ffd2a4a30,1
1.2.826.0.1.3680043.8.498.12331841096593105748526634055968654914,efb58a9544c568e7d2e4996e6b7ff3aa,1
1.2.826.0.1.3680043.8.498.12332727488899501354972751168284397151,c73fe81b12310ba144821e8aa072bb27,4
1.2.826.0.1.3680043.8.498.12333996498811456012744466468462396081,0d8f42e33edbdf111a1d1845683a7974,2
1.2.826.0.1.3680043.8.498.12335573784261147388984372283481919933,3b252fafbef44937688a676ab118834d,4
1.2.826.0.1.3680043.8.498.12345064031074704673835101507426902246,9f627fa253658acfb948fb73a52dec09,3
1.2.826.0.1.3680043.8.498.12347007036329783363431172840583325937,b4d3af7f46f10b925b8de65b0489e7a8,2
1.2.826.0.1.3680043.8.498.12348352904452887226227118450588511578,4da53f3ceab31ce8211a69dddb096c46,1
1.2.826.0.1.3680043.8.498.12348875283993064999589090039392140219,f30c4dec7d528a343379486065db311c,1
1.2.826.0.1.3680043.8.498.12348960754791091583201828167607825033,55fb9028b5966d7b3dea493c5ed761f2,1
1.2.826.0.1.3680043.8.498.12349656752404066719917550972333542508,1fa9960040e08923f4cb09c3e40b6028,2
1.2.826.0.1.3680043.8.498.12352132666379687393012255589355771387,5495dd0a3816b8c043e60ffed7ca260f,1
1.2.826.0.1.3680043.8.498.12354685390005531691919754048141542648,1f75ed5e91138c629188bc0a0869217e,0
1.2.826.0.1.3680043.8.498.12355011301785011370279005103251815187,a2fd5284b7865eb6ee7f41bf483803d9,4
1.2.826.0.1.3680043.8.498.12356611369549236159671896247094661767,9de38ec7de0977fee5c6cdcc4feb8048,4
1.2.826.0.1.3680043.8.498.12361144153852256276011948786791830435,f6b91894de5ca9eb6ca64dfe9ac2b89c,2
1.2.826.0.1.3680043.8.498.12365033663152692616611548717152384269,1779325e17b16c412c1ed0a17ffab34f,3
1.2.826.0.1.3680043.8.498.12366238437963147962850341556508931973,33c034ab1370d64887d098df95c37ed7,1
1.2.826.0.1.3680043.8.498.12373923338033469765189220784089350380,a8dc33da0f0c1c90ab7fd0fe1860fd5d,1
1.2.826.0.1.3680043.8.498.12374183329974116022606010915169117790,fe856c5b6c00a3c8bf48057a0804e21f,0
1.2.826.0.1.3680043.8.498.12377852033407536077897684568488365785,f5e91454284aa870b05e35456839aa53,3
1.2.826.0.1.3680043.8.498.12379570725733005682132316461218878636,0f09caeb4591ea7d5b917b69712113d3,0
1.2.826.0.1.3680043.8.498.12381325071746339154385415220972069782,693bf88bc77ce7ce3931496857fe525f,1
1.2.826.0.1.3680043.8.498.12381909868368799280462187344958674397,906d31cc8c9f19221bda4aa58ba4363c,2
1.2.826.0.1.3680043.8.498.12383716855639375235119728470042467411,beef19e627cdc244ce8cc13dd3e55d94,0
1.2.826.0.1.3680043.8.498.12386255059403233724886571725482313876,9220a780d427961528f320aed55a0a83,1
1.2.826.0.1.3680043.8.498.12387075993162655781372091860026675548,3be8451cf9b8eadafae567fc8bc20819,2
1.2.826.0.1.3680043.8.498.12387241932914995417493041212958089910,89d7ea07d3cefca253b37e0b443a0b98,3
1.2.826.0.1.3680043.8.498.12387667155732116394489547491673280062,28d8a93a364c07248484dfdd503e1e29,3
1.2.826.0.1.3680043.8.498.12390186846317493876612228407734068726,1dad475d69c1c8da24b62d513678dd8a,4
1.2.826.0.1.3680043.8.498.12401147012438969595202076588471168894,156c5d4252798aff5197cd466d696768,4
1.2.826.0.1.3680043.8.498.12406043058701411628555010402350032739,bdb74ab6fc65dc8277be058ed3233168,0
1.2.826.0.1.3680043.8.498.12408186961945791320086301369036829266,620298fa46a5cb2f410f97cf49041f9e,0
1.2.826.0.1.3680043.8.498.12408314059030096510457440879771212020,ad7d68331145845e3dfcd56e122ed166,4
1.2.826.0.1.3680043.8.498.12408933790879905193765468926022393696,26996ee10969fa68e5a7769b1f2f67fd,0
1.2.826.0.1.3680043.8.498.12408945963789246646229147558387793270,1db77d0b7b783b7037bf7631e4117722,2
1.2.826.0.1.3680043.8.498.12411340904876460326022004747253138831,0d3e2430da7ddaf1166e63fc7e4821a1,4
1.2.826.0.1.3680043.8.498.12411396124304166984011280826756258628,f751049a47311c60b70e553235e7aa94,0
1.2.826.0.1.3680043.8.498.12414869188691502885668778427120766321,95612d9a173e0dc54e546825278c594c,0
1.2.826.0.1.3680043.8.498.12426381920136706157912507136730458010,623e5f22e57814029c3b99a56fe14bf3,4
1.2.826.0.1.3680043.8.498.12431272351851438889289190308550697909,e3d9f2445c23f91c1253ac5e0a39bca5,0
1.2.826.0.1.3680043.8.498.12432974885645948103184031984290883090,e38d881d261f2e62b1e8b3e02dc91d25,1
1.2.826.0.1.3680043.8.498.12435506274406010562396858512839065232,77714ade4f4ff4d74a5b9ef0cc188f2e,3
1.2.826.0.1.3680043.8.498.12437154858167700438432674983971817217,256f08abc81edd428ed710f458b5d547,0
1.2.826.0.1.3680043.8.498.12438369033802887819851319347622787876,0a80a0c7bf2919ba95fbc137e24901b7,0
1.2.826.0.1.3680043.8.498.12438775479300781065075835270622538230,cf03a716c6d7caf2906670247e96bd36,1
1.2.826.0.1.3680043.8.498.12448079646359892252441208258836556945,289f5251176b27a84bcbf9dabc7e8256,3
1.2.826.0.1.3680043.8.498.12450858400030959723767712312663176092,daed99288a469edf461f3e5df00b4daf,4
1.2.826.0.1.3680043.8.498.12462498156569316578044317782899399656,076edfdcc1696ba6f14b606d37d9c08a,4
1.2.826.0.1.3680043.8.498.12462703906850759490077163612851243080,4943944c0f43e6db1777435d799f7f4c,1
1.2.826.0.1.3680043.8.498.12471165461877621368840037945454256612,57b3678373c51acdee84267b4e46bf5d,3
1.2.826.0.1.3680043.8.498.12473533314363654795650919604551685896,bbf907f41bd386ae58d4f4cb40e86af5,1
1.2.826.0.1.3680043.8.498.12473755232610784318190599222252893949,33d154a8df4c940a4380802fdceeeb4d,0
1.2.826.0.1.3680043.8.498.12481913908649439189738319460342358360,4a031aaa71d829721b9a77b80f59df53,3
1.2.826.0.1.3680043.8.498.12482482491088588051076210158062455084,4a0c55410be87d92a24adb8fa8110f28,4
1.2.826.0.1.3680043.8.498.12484700311993345120015691857089576898,42be5acfc2bced33132a640f9cc0f1dd,4
1.2.826.0.1.3680043.8.498.12487362549907644519947672428024977201,9d35c044f5aeb9394b49a013143ae7d1,2
1.2.826.0.1.3680043.8.498.12489752598467506094826904655029553699,965e318ecb85b315cd2d6f39a029a48a,1
1.2.826.0.1.3680043.8.498.12490034912643658601552092574630438642,7869edfd6b7a1778d981322fe6435f33,0
1.2.826.0.1.3680043.8.498.12491395125580387847235487841392723348,2dc51a5dfefdd2cb4ce197826b305881,2
1.2.826.0.1.3680043.8.498.12491747080684524905643593142141672951,b874d886cb0b0568c3ef1b65c2478ca4,0
1.2.826.0.1.3680043.8.498.12491796764641306046176352066215240074,e5ea31ee9a7a24467ce2526f71b68ff0,0
1.2.826.0.1.3680043.8.498.12492431885298164225672926785397151525,5b2b822f203eb9940cd000294bb078b9,1
1.2.826.0.1.3680043.8.498.12497144849433082154223897356471317072,0f93b21667f61bef6305608e3dc2a675,1
1.2.826.0.1.3680043.8.498.12499208731138180053966892599139021038,d36449479dca37d5466c26319ca365e9,1
1.2.826.0.1.3680043.8.498.12501925425699863373513819814520995919,144b23d399e455e30d348aab5ee825fe,3
1.2.826.0.1.3680043.8.498.12505035424093604269515328931488770819,3979e8165ad9cb2866dcaf6741edb5e6,4
1.2.826.0.1.3680043.8.498.12507957850103916926719601413279798696,51d2f72e1624e5e70c81cf0ca88519bc,1
1.2.826.0.1.3680043.8.498.12509825237087140646629745447753158673,ce8e7c2a0033ad5a0d80aacda31b60d3,2
1.2.826.0.1.3680043.8.498.12509944331769453135724043962410129357,fa0eab06046b027e72d09d8be84b449f,2
1.2.826.0.1.3680043.8.498.12510856755988712246013743789183840748,b189bb05b574aaa9040cf5d0c4b902a9,2
1.2.826.0.1.3680043.8.498.12514357232100339485873453417784586592,744985fca66eb4794ba24df9e16844f3,3
1.2.826.0.1.3680043.8.498.12515322634403509077334846234426636136,d4769f78f149d1fe4e934ebab762edb4,4
1.2.826.0.1.3680043.8.498.12518297594498173981937681848554641851,0a090a139319b2e17b12a5ad638dc19b,0
1.2.826.0.1.3680043.8.498.12520203592477518476890010185037272575,da2ff5c937effbd426e5db07773b3818,4
1.2.826.0.1.3680043.8.498.12522620957277632939731546099134770342,31d509c22badb5dd50e934d8e339d130,2
1.2.826.0.1.3680043.8.498.12523676732876902778577970655429060858,dbad723f603ca3163e32becfd3366ef7,1
1.2.826.0.1.3680043.8.498.12525752631743097782762806859112218620,a3649b28373f376e72d912b560c4ad9e,3
1.2.826.0.1.3680043.8.498.12526590714362529606046044104426807158,cb6aba0362cdd4bd5dd01340aec7858b,1
1.2.826.0.1.3680043.8.498.12526876471494728147635430816990398219,8060dde2553ba8450a375e9f47004eb9,1
1.2.826.0.1.3680043.8.498.12531442175319757740745664049001806494,d05b66f1bca2f37f230ce3bb05273f41,1
1.2.826.0.1.3680043.8.498.12533105585687352326867082376911240942,00c9004be4f76740094f270fe1a381c7,1
1.2.826.0.1.3680043.8.498.12534628800787651008876070514080610643,089582889c74bbcaaf655affb558513d,3
1.2.826.0.1.3680043.8.498.12547308734950397389859712060653254111,00763cb7341e0bf6e68259340a2475d2,4
1.2.826.0.1.3680043.8.498.12548176380550230498070609559486512004,e26150719ff9a37aa8e0b7bd1f220bc3,1
1.2.826.0.1.3680043.8.498.12552701911592685137269544109687472988,7a95a437dacaae7048b9637c28944a7d,4
1.2.826.0.1.3680043.8.498.12553010776519233077752150342664160826,5bc3cd37a0f713ebcd7fc3bf4868039f,3
1.2.826.0.1.3680043.8.498.12553455350653672209409408595948190982,9089259519c24bfd90ca5a700bf2436e,2
1.2.826.0.1.3680043.8.498.12554824497579383319980187351290254727,d3c591dd26c5019865d0db76e9e0d303,3
1.2.826.0.1.3680043.8.498.12559687473583953266143897736224215680,765023cea91edf0300d69dea1f4f46bd,2
1.2.826.0.1.3680043.8.498.12563940497360871791097093821926086616,efb5a67244edb2ea79550a0c9d91fd81,4
1.2.826.0.1.3680043.8.498.12568337973304376222940287737691898395,b9350e3c961022efaed67d468c7672a2,4
1.2.826.0.1.3680043.8.498.12569762036474456642024618586300354737,658af7d8db576606001a88a10b04f147,0
1.2.826.0.1.3680043.8.498.12570576337098834311171883034999327454,502cb2e80ddc5cbb2a8548e8381dfd22,3
1.2.826.0.1.3680043.8.498.12573518342767030025851169814440863785,4421cf8d3edc0189c45dd42e1a123e48,2
1.2.826.0.1.3680043.8.498.12574270269124650675934073761741661292,d15bf920e1e7441be4a2a632a3ef5c03,3
1.2.826.0.1.3680043.8.498.12576055921678075813718486704978381993,0c96d31d2fb706034b81ada7784e9900,1
1.2.826.0.1.3680043.8.498.12577828789206467631166875572423539298,5eb90602f64d02cd6c6d45d32cb58cfd,3
1.2.826.0.1.3680043.8.498.12579738538063674380235672702328412431,3d7a904734e6ab15b5906a4ab2a09fc4,0
1.2.826.0.1.3680043.8.498.12580232188757225504172709417466515184,14426df7cb8f78f3e09bd411b0705132,2
1.2.826.0.1.3680043.8.498.12583872770399266463538638801797827468,f9763a2752b809a62e18df6c33f7b880,2
1.2.826.0.1.3680043.8.498.12598627296066406747921546933391681918,b4879f3182ac88187d48d9654b824b96,3
1.2.826.0.1.3680043.8.498.12606136253498337506682547306933254691,b53bb15fd498d362aad1e0f7bd12ec99,3
1.2.826.0.1.3680043.8.498.12606657226568558340797193167488111973,591dc970262154fdb77e3bf8dd467e4a,0
1.2.826.0.1.3680043.8.498.12607203615180268117341271176820357242,6125e128827cef47d8adf43182547eb0,3
1.2.826.0.1.3680043.8.498.12607659092357834912029375690348886159,0707d9f59e32fcd38ee1833bb2940daf,4
1.2.826.0.1.3680043.8.498.12607959449008110729566106776800628990,9a4f687ba1cddc18c315d4609338f48c,4
1.2.826.0.1.3680043.8.498.12614097867016983076979065551985251584,ee00adcc1afb0bf57283dd5d005b1c04,2
1.2.826.0.1.3680043.8.498.12616376042564380071463081913949255574,33c7a9caa2550126b00b8e115d75561c,2
1.2.826.0.1.3680043.8.498.12619895582462244920124420363095282842,9678e1ec48b9db2cb68392de0c5b7dc6,1
1.2.826.0.1.3680043.8.498.12620718517255799151283445360332799702,08f22e1ef1e08a45e99d686e08471605,3
1.2.826.0.1.3680043.8.498.12625250919597111075072308824921101918,42131f4653dc258d196a37ecfad50397,0
1.2.826.0.1.3680043.8.498.12626383124142146001532197239671686442,6bd8b98007ce546f506e1418ded475d9,3
1.2.826.0.1.3680043.8.498.12629372332421954368597330267888483345,a6651cb461046ae98d324c36bd8e2123,2
1.2.826.0.1.3680043.8.498.12630423349626505319792444053874011718,77318e203d17e2abf1e3cc03434c32f5,1
1.2.826.0.1.3680043.8.498.12632084649033412400763943977604348172,5c6b267c76da36009c822bb5558687ce,0
1.2.826.0.1.3680043.8.498.12632129640405661298623288977632682289,0eb5bf5909bff369159779303fdd77c9,0
1.2.826.0.1.3680043.8.498.12637591861595747322913829625646935491,2649fa701c483bc754be07e8f05a2d49,0
1.2.826.0.1.3680043.8.498.12638205949145637289277744267473965719,f0471effaf2ff2b470cd6b8b1579ca71,1
1.2.826.0.1.3680043.8.498.12640439197386154384526090653248054582,c71fe30f3d4495fd616e81019f2aa80b,4
1.2.826.0.1.3680043.8.498.12642641661988102031826128876502303807,f89fe9de3e557d6b932797d5052dfbdb,4
1.2.826.0.1.3680043.8.498.12644400073937544865441360809610886635,95ecd775a63cea38b8896d27328cfca0,1
1.2.826.0.1.3680043.8.498.12647791319443598318497312837147189300,4489584e9f7ce28b935982a884cc63d2,4
1.2.826.0.1.3680043.8.498.12653936535855858693516515692319733265,b4401a6c680d4df43a9762de3e1feaa6,0
1.2.826.0.1.3680043.8.498.12655324218817524683138594937984186560,0385a4ca68f182710ec60ec85086e27b,3
1.2.826.0.1.3680043.8.498.12658572494577556884626613972035441625,5e6517eaf6e84f43d708ebf5fe9e64e2,3
1.2.826.0.1.3680043.8.498.12660901572462562819575002681831361427,51f1e4d0c7efacc6321d7f3925cee293,1
1.2.826.0.1.3680043.8.498.12668708646283106269005674386248135220,7b583df802aa4edf09571a757d71a7b2,2
1.2.826.0.1.3680043.8.498.12673561338227595483297605409292531492,15b3a6078e60d94f1680b760b2f8d90c,4
1.2.826.0.1.3680043.8.498.12674069717230126880288353271062347095,80ff972ab6154832bf1e7c6672836812,2
1.2.826.0.1.3680043.8.498.12674930973831274527829261576087154644,31e94524d122e3e546fb6371ec6d474b,1
1.2.826.0.1.3680043.8.498.12676359576477452816896379524598090410,6bf6616229ed445bb60106819e9dc460,1
1.2.826.0.1.3680043.8.498.12688954493547892047021455671738310186,eb6354628c495955c1771c0b902087a1,4
1.2.826.0.1.3680043.8.498.12689874339887047433232628649886917274,a95109f4d69e764ebbd2efbc273103fd,3
1.2.826.0.1.3680043.8.498.12690080124553846006638565600585469969,9d4f0072df6d6ed27b8439a88fe04dc1,3
1.2.826.0.1.3680043.8.498.12690803821768205116702487219908820630,1d2f1db6963b03acc7ef7218444259e8,2
1.2.826.0.1.3680043.8.498.12692579161952587215276483587686562922,8d83ea1110ad2a6ff13f7dbacde364c0,4
1.2.826.0.1.3680043.8.498.12697859103448296208701081683487338111,3fb6c0021f14657b21bc89e02fffb8dc,3
1.2.826.0.1.3680043.8.498.12699751030439008569144814819343161608,eb468edc0bce2002f4ecfd0f45f9eb61,3
1.2.826.0.1.3680043.8.498.12700591955254168977239658917260628326,e94c57183784eadc53148386e82decbf,2
1.2.826.0.1.3680043.8.498.12700981063762577397919340901063297803,b743c15d57918afe2e8bcc8b2c69721a,1
1.2.826.0.1.3680043.8.498.12701097867143790763644826659974337046,993a04ef6b6efd3f9ee645633ce73aeb,2
1.2.826.0.1.3680043.8.498.12704063145595847725421427571860589471,59b9c8cfd1849d0d75a460e1a968622d,1
1.2.826.0.1.3680043.8.498.12709854414521475738435319009767427434,30baac1ce2449ff6b73c01f557611c5a,1
1.2.826.0.1.3680043.8.498.12715067947657150279232238280712066972,c0a4f66c0ab1806272f4eb9bb403ae63,3
1.2.826.0.1.3680043.8.498.12715130507546263968763238702574191950,19ef39531beaa8f1eb7fdb5651c523e6,1
1.2.826.0.1.3680043.8.498.12715402081094788880283826571710131940,36930cebba8c3d4db19b412faaf84313,0
1.2.826.0.1.3680043.8.498.12717728703860353055063551162640833849,b64361a639ca3d2755da6e5259fb8cb0,3
1.2.826.0.1.3680043.8.498.12718966639501121738042125605376714231,b07af03ed7b1ab482c673e21ed9d224d,3
1.2.826.0.1.3680043.8.498.12719397512102459853075227679498459688,9b17ce600b99eef105d0189d401da509,2
1.2.826.0.1.3680043.8.498.12719455674338091089495020475033082405,c0a6bb695da67bb5840b147cd2061a70,4
1.2.826.0.1.3680043.8.498.12724250000565012779853884787450109956,d2a14b498bb059700a8e0980f171e053,3
1.2.826.0.1.3680043.8.498.12725832336445568031849006413563892122,0961bf067f21f9de341710c11ac53a9e,4
1.2.826.0.1.3680043.8.498.12727488524631885827798129418558343386,10a91806516ae8f96eec33ed9774af1a,2
1.2.826.0.1.3680043.8.498.12728397615513347615111391662798012012,2e68f4c4ded8afdf7078f268dcb348ca,0
1.2.826.0.1.3680043.8.498.12731497178056855493473947157407264492,abe357d939077ea525afbc2ed7711230,4
1.2.826.0.1.3680043.8.498.12748840878706905309050091576449488666,ec6efd37b3f9e978164a04e5101f5d71,1
1.2.826.0.1.3680043.8.498.12754381146006839341912662615844567067,f04b985decfa32555a152db3bc6ab14d,0
1.2.826.0.1.3680043.8.498.12759704450656741777120047828560448622,9ee8db0dc971d8ff46a817d7d022c7d8,2
1.2.826.0.1.3680043.8.498.12761906443846433581503942530016459978,4758c477bc97bbaa1255b58e0520507e,4
1.2.826.0.1.3680043.8.498.12762076104929080571464647825161185643,12dbadd50d0925554e9a7e32596d9571,2
1.2.826.0.1.3680043.8.498.12762900657007480138202359874575403361,35825bf94abf7289fb740c54c823b313,0
1.2.826.0.1.3680043.8.498.12765434812409174436720333864278447770,9026a0f5f053c08ef14ccd8754db241d,0
1.2.826.0.1.3680043.8.498.12769221625850663248477857087347890908,7310101ab5023cbcb4b287839b3afb67,0
1.2.826.0.1.3680043.8.498.12769887673556938425710414718385118283,3d199b57b2f12275a23d25f34f61f8fa,1
1.2.826.0.1.3680043.8.498.12771448321084229688831202344007889535,9926521409bf7292dd13548185b4265a,3
1.2.826.0.1.3680043.8.498.12775050278338123442507219047972133270,2faa7662e78ed13a8a87c24a6d3d8d6e,1
1.2.826.0.1.3680043.8.498.12775105605170844918620305197829216665,de4de5bb7e9a28f2f6aa68162902f3f1,3
1.2.826.0.1.3680043.8.498.12775769262869064592411499834441472333,8a297575455a9aee52a7780bbe2d6dfa,0
1.2.826.0.1.3680043.8.498.12778920060586364664953350981285170949,3882ffee25e906655605f2822f046c37,3
1.2.826.0.1.3680043.8.498.12785377697188564760194569072434828180,1664c5f982fcf965038475f154b515e4,0
1.2.826.0.1.3680043.8.498.12785620442256422697216192462703273802,dddd10d7f864809b80a71043a8c2de95,3
1.2.826.0.1.3680043.8.498.12785792890626338008419452097492192088,2f3418553327ff4c7aa55cc7e4df2c6a,2
1.2.826.0.1.3680043.8.498.12790542912560396272981117250277568532,3f8036ad385b6bb224546a063ce7b09f,1
1.2.826.0.1.3680043.8.498.12792431109288033212787919118858331455,0b73688b27d29871e5ba1afd35a020c0,1
1.2.826.0.1.3680043.8.498.12798419553759200632295966180228523212,88dc5628c63ae4af567db1cdc1e7872d,1
1.2.826.0.1.3680043.8.498.12799849540231315910448269889175806934,207b30461187224287c686f31d328892,2
1.2.826.0.1.3680043.8.498.12800130397185143653180509040746675358,3139d273951acf4103f6810e310506e9,2
1.2.826.0.1.3680043.8.498.12801308844398614687904447633432197492,595a4d02be3a34bd49f8547bea4dd0f0,2
1.2.826.0.1.3680043.8.498.12801643268939133682891906705186571010,0a83b0c9f03e343098dddf132d0b6429,0
1.2.826.0.1.3680043.8.498.12806792356922865929896103306611295151,9ee4be7805e19eedc5ba4e1e7f7bd0ca,2
1.2.826.0.1.3680043.8.498.12810074901642984174782853829149619043,958a43de933e5399ce67443e1e6d2bcd,4
1.2.826.0.1.3680043.8.498.12814598731776085957663058326979908652,e46730285d5d7a89c94910ebc1029edc,0
1.2.826.0.1.3680043.8.498.12815132582382825980088023336277934996,58ad8bf80e39e87f4cc97538041dfaab,4
1.2.826.0.1.3680043.8.498.12817753008281742621758605755308036035,fddf2374edededf1c409ba6843fc5328,4
1.2.826.0.1.3680043.8.498.12818010040786942613541254450332754046,07ccfce02ef295c009ca42896985c23e,2
1.2.826.0.1.3680043.8.498.12819437506700585448407291050085063174,9344addef155de85ab4af1879d891cea,2
1.2.826.0.1.3680043.8.498.12820051821104182459960036809430047569,38f28c6dcdfa7b469281f336155bac35,0
1.2.826.0.1.3680043.8.498.12824438254096860470348581093672563751,9be76b6b02760df1b0eaad8ffb56c5fb,2
1.2.826.0.1.3680043.8.498.12826828527176716109949704557150950675,854503229a574db0f24b984819a50b1b,0
1.2.826.0.1.3680043.8.498.12827120140904847104302376671076396695,8c883b6cff27fd46bc17391d54ce7a7f,4
1.2.826.0.1.3680043.8.498.12831769902826114242555323443809541052,4cd179c5872a15b672188a4aab7188dd,2
1.2.826.0.1.3680043.8.498.12836702174475748025129787471026627810,cc3c75c62bf53ac7c92faf41423ba08b,2
1.2.826.0.1.3680043.8.498.12837030643153472711780894512565629507,0d8a7c4d847fa6d4a5596840a23c8bbc,2
1.2.826.0.1.3680043.8.498.12839498544183083639548298117995964432,20e25b0c59d9ee65ef692c7e96e40c57,3
1.2.826.0.1.3680043.8.498.12862782592303338109631225504988756108,df02cf0df0c24ddbcb4c22c60e6c1049,1
1.2.826.0.1.3680043.8.498.12864336642218457767597053831458716404,45f8b431d12ff7f76ac2485cc87f60c5,2
1.2.826.0.1.3680043.8.498.12866937766198610064474201436305532400,e7ba0da3d81415ee3d8cd2b5be61e888,3
1.2.826.0.1.3680043.8.498.12887544771002132349592859410979448655,02ce5b76d7923a4546ef77da55a90452,4
1.2.826.0.1.3680043.8.498.12896740277483734090633132494285615502,0496cd9c879ff8c48a31612f6ef80074,2
1.2.826.0.1.3680043.8.498.12899995703999073968090810947564075608,1f17c6ea96638f11b0d181b907cd46e3,0
1.2.826.0.1.3680043.8.498.12904190317996738774518258536997285832,9c9fec9813c06ffce6089c167b286978,0
1.2.826.0.1.3680043.8.498.12907457183137517669505067507754394039,d8e530540f716c1d88e7eb306e4e3348,3
1.2.826.0.1.3680043.8.498.12912436233176216254115594260643600155,f0453729e5c318eaa07db6f2fa47a858,1
1.2.826.0.1.3680043.8.498.12914677763148740041755977075799271057,7a4cd173650e2500892b4d0c736d8709,3
1.2.826.0.1.3680043.8.498.12917504242141830416624247604384969664,608bfe3d3f056a504d91f87b201d91cb,4
1.2.826.0.1.3680043.8.498.12919303621342250989179219420795277559,32d5518104aaa703eca3218c22a84f04,4
1.2.826.0.1.3680043.8.498.12929915324982999692857962099866616265,bf53d418be742e81b36e66f212f54864,2
1.2.826.0.1.3680043.8.498.12936296973456045538701035923586653502,6879eb8465cb7307efed8f0750015e6d,1
1.2.826.0.1.3680043.8.498.12938500386086171684983091332136233036,3ccdc7aea795ed41e60f35615746479c,1
1.2.826.0.1.3680043.8.498.12942677240800343332600884989364651588,daaeab27c8521fcebd5f90dabfa2e10a,4
1.2.826.0.1.3680043.8.498.12946163460972553911280889205685745877,a4ec09aa31211a4f7d7eb3f625d52a33,4
1.2.826.0.1.3680043.8.498.12946789387115203718210904958275579544,a731f7a48b4d2aa60571f05310747d95,4
1.2.826.0.1.3680043.8.498.12949322114105642048256996295428966924,b1d4c1d48c184c6dd349935ccc3d3337,3
1.2.826.0.1.3680043.8.498.12950639892345812884896649629409199101,02ac372b090044ecf557c8fd452bc1a7,3
1.2.826.0.1.3680043.8.498.12954163390367261226110152166469167935,4ba178d519cc8fee8cd729c62e55eaba,0
1.2.826.0.1.3680043.8.498.12957252711278416684461267069498115130,f69a1a8d0b594257204a0fc5a416577d,2
1.2.826.0.1.3680043.8.498.12957752106697316015996777476239762111,603faf5fdb1988cb7df18494d58889d1,4
1.2.826.0.1.3680043.8.498.12958999546496283565938189274771483491,9e087e672aaa75dada64680d008102cb,2
1.2.826.0.1.3680043.8.498.12961116776122838195555132309258963046,5c1a31e2d4d93eaf0e2f91bcafe51048,4
1.2.826.0.1.3680043.8.498.12965787822216495014894819598440431626,28fa74bc889ce2bc4a96fb4948d36c85,0
1.2.826.0.1.3680043.8.498.12968535455086298222684461157825070395,1cec2511f924b70db6c5a67a195eab9b,4
1.2.826.0.1.3680043.8.498.12970315889871740202726744767179863179,8a20e22c77488f46ff1f0b9f36b83544,2
1.2.826.0.1.3680043.8.498.12978172997053500029791786614906570285,c0d1b1fc8b57780993d427dcaf6700f6,3
1.2.826.0.1.3680043.8.498.12978510157202852202776899910529174803,de2bc550f67b8dc9e9a2c2cf6d66d714,4
1.2.826.0.1.3680043.8.498.12980448935316870673341494036873313299,f0236e85ba59bda90c6f128b0b914240,3
1.2.826.0.1.3680043.8.498.12981413356524881858859912294078498486,4ba4fd7593d9f565f9a85eb6aebbc931,2
1.2.826.0.1.3680043.8.498.12982826264059547618124186257414818172,c42d376100d074b9350a427aee1a2196,2
1.2.826.0.1.3680043.8.498.12985683732818911488433522743768046254,a77eb69c91f8239c9c102b88f383f75a,0
1.2.826.0.1.3680043.8.498.12986028147682493711912242081052787346,9f35aba0414532187407447b87f617d3,0
1.2.826.0.1.3680043.8.498.12986517636774565418070546261705439006,3d1967a641ca92ae04082faf34453a59,1
1.2.826.0.1.3680043.8.498.12987428318535758055829100395092244687,ef636d6b42396d09146d789edbe1ca3b,3
1.2.826.0.1.3680043.8.498.12992013816638129896738209015383985569,25c3ce3be44b53a7ed57d5db4ee35564,2
1.2.826.0.1.3680043.8.498.13003520962744192762179786723724282013,8d83ea1110ad2a6ff13f7dbacde364c0,4
1.2.826.0.1.3680043.8.498.13004048880335015585285100185910148808,9228fa4c125619959ad68dd16490ecb7,3
1.2.826.0.1.3680043.8.498.13009271274636013067662786774946029285,04d92250496e46248565c9713dbbe998,4
1.2.826.0.1.3680043.8.498.13015502057686077045104167339480215528,89f7599240ec44216ddc5f20417991c5,3
1.2.826.0.1.3680043.8.498.13016684730504329799460698013153308088,b2f4e20cf1f7ea5fc08e48ed4edc69d7,3
1.2.826.0.1.3680043.8.498.13017199074506191657941905498813292773,343c5c3752547b9d697f811702b9fa27,4
1.2.826.0.1.3680043.8.498.13022266764623819477228425331705640702,edba23f3d2aaf371628b50a79d5e03ff,1
1.2.826.0.1.3680043.8.498.13022585036130454941964190427558363602,1689edd1bf1a43843540f1da3e698ef2,2
1.2.826.0.1.3680043.8.498.13024250150960117282590397343184827466,58890d43570caa028de82dabdf63fa2a,3
1.2.826.0.1.3680043.8.498.13024625496981667037628275235696732200,19634afab2fe37871614a935ca6b62f6,1
1.2.826.0.1.3680043.8.498.13026024768908635083636086393662414870,dda2d29ee4139c4e5f16fc03346ac525,1
1.2.826.0.1.3680043.8.498.13026463185033527579856819607371375594,1b7764cbedd5f657761ca9b5f842250b,3
1.2.826.0.1.3680043.8.498.13027024577729659065187419038453181852,a917955681a4c5a9d0a459726b4f46e6,0
1.2.826.0.1.3680043.8.498.13027502247317650159940595684214701589,eff094efd4171e4145d0068e4bef0159,1
1.2.826.0.1.3680043.8.498.13028226019192925363616760332442456953,2a7a304257cde5097b317492af316faa,3
1.2.826.0.1.3680043.8.498.13030662056306690969977140713179461363,8999f8cd3477b8916bdba61ac2a25b8f,1
1.2.826.0.1.3680043.8.498.13034169434311535671044673510644711229,7b53eb108f6406528ab4b19a0e3b5f0d,0
1.2.826.0.1.3680043.8.498.13035632998746261521316395720102873141,099d6b0275e041a2ac59862ccb7791ab,0
1.2.826.0.1.3680043.8.498.13042847643086819857036458569632034999,018c059bb971d34d2b7cf9cb17e5c788,3
1.2.826.0.1.3680043.8.498.13054766954092919774634499780241210835,6d3fdf78cec0b1320385ed65862401d1,0
1.2.826.0.1.3680043.8.498.13062438493893996542058869514390908492,23019be427a527a63da26aa3d5147a5e,2
1.2.826.0.1.3680043.8.498.13062978180647549151946243290102173508,cbca4b1f405e46f40375badbc117ce09,2
1.2.826.0.1.3680043.8.498.13065120731888368919957856813755701101,ea487d553a476469bd469b8a8c90bd0e,0
1.2.826.0.1.3680043.8.498.13068696303639759696458130704554709416,adda61061ca9518fb66857cac6936c01,4
1.2.826.0.1.3680043.8.498.13069081594164738319108129224400751974,5f596ad8dd2e045db15edb7519de0d7a,2
1.2.826.0.1.3680043.8.498.13072908567275370866813748886351904593,5023e408afe4469d8aeaf65c2ffb3d56,0
1.2.826.0.1.3680043.8.498.13073387272228394257811861905056479438,ed30761993b3fcfada3b5894515a8093,4
1.2.826.0.1.3680043.8.498.13077357855769903335728068420884303993,99c5744aa82ad452c7c46df7a111332b,1
1.2.826.0.1.3680043.8.498.13078009378379325641560321462188164769,fc8d57eb18f58f7cffaa37a45cd93f3d,2
1.2.826.0.1.3680043.8.498.13078551660783737720660607567713996703,c69c95217898592135093b461251093a,0
1.2.826.0.1.3680043.8.498.13078834627392793401892111941627273421,386c572babb2aabf44b48857da1cd113,3
1.2.826.0.1.3680043.8.498.13079170182386765602129976624023222742,7aebbb91292bc32a5677779055437372,2
1.2.826.0.1.3680043.8.498.13086260989634665810181105278930088749,9a2d11f8a8feb788538be3d040239f6b,3
1.2.826.0.1.3680043.8.498.13087770868099843948960419968576882974,76d51615be87c295a12f67dcab001ee3,3
1.2.826.0.1.3680043.8.498.13088550794087945662322609097092458487,8c7b409d239a9200b49755221659b381,2
1.2.826.0.1.3680043.8.498.13092094949394905924922534008771583745,5a09e05d268c03dc05d867864ccf5fda,3
1.2.826.0.1.3680043.8.498.13093528938282977263747792690249036456,90ac1f8c80c9e82690f136e429512088,4
1.2.826.0.1.3680043.8.498.13093751810869039645959119469231437894,e60ee1caf00739231190139ad6938017,1
1.2.826.0.1.3680043.8.498.13096288495834275184930201615129174987,66f25399596d076f27c07360c69e3d5b,2
1.2.826.0.1.3680043.8.498.13099702881219862576749493772702888064,ad3c3e233e27e5e970f35c17010eaf78,2
1.2.826.0.1.3680043.8.498.13102058401501684064017656674827527261,7d6798631cf16bb28f018fe530b4a213,4
1.2.826.0.1.3680043.8.498.13103513835731355705707295729643672786,2e2d7d2dcd5bff677f3a77e619d9e03e,4
1.2.826.0.1.3680043.8.498.13108275880471592702987713766776683590,bbba549da962b5b0da111dfc8eb0a235,2
1.2.826.0.1.3680043.8.498.13113623966675790946816351311283701141,797f8270bfdec6dd9b62d95ff6962864,0
1.2.826.0.1.3680043.8.498.13114228294359876639109410575915394712,bc01e32d0fdd3cc2fc25da8d5a7ee004,3
1.2.826.0.1.3680043.8.498.13114693814781737495494700902699619138,90ca0a775566f0f89e27ea7ae7cfee2c,2
1.2.826.0.1.3680043.8.498.13116941594523500503401720636978356127,c47b774258cb6708832eadba793ebba7,3
1.2.826.0.1.3680043.8.498.13118325043138522704531128725514354285,ceb425d00cada18f842920f959507e0e,1
1.2.826.0.1.3680043.8.498.13118532243906060645114391749986421707,2d967a4f0d859995ffb42076e8426f87,3
1.2.826.0.1.3680043.8.498.13125910783461518266627225743585018143,006b5688a90ccd9dd16f41a413838b49,0
1.2.826.0.1.3680043.8.498.13126070481622692281046898445918832841,9b98dd6a06c427db0f2dc045a5b4abae,0
1.2.826.0.1.3680043.8.498.13126380916005729420163981055214890048,89c8dc2f661a6be0086364d8ff2b6f8c,2
1.2.826.0.1.3680043.8.498.13128352910661672966143173193241171100,dcb266af2ccb999c25add45527ed7d44,0
1.2.826.0.1.3680043.8.498.13128506994126383651503283021834372142,da38cb9159c5b17ff9627a0b989466f4,4
1.2.826.0.1.3680043.8.498.13129258242739880102472095242703169773,b0ca89523dae203078f2a007bf018536,1
1.2.826.0.1.3680043.8.498.13130534736322715018024786213131944607,36b46b8d28d975f188c4d0050a9ce856,4
1.2.826.0.1.3680043.8.498.13131420451380633781538717117200087258,89c9d9e79f950c48456fb8581fd1c1e4,2
1.2.826.0.1.3680043.8.498.13133755791254469039849289186598412660,4f06fded088fe36edf07a29ce5205ca9,0
1.2.826.0.1.3680043.8.498.13135567399913958681613600650440761032,294b5c53227f09a49f397484883e129e,3
1.2.826.0.1.3680043.8.498.13136367866260644484250529322937554927,5d56990313e1f55c2c6be1f9fbec2d3a,4
1.2.826.0.1.3680043.8.498.13136392756016978765204420377500607545,73e50a3ec28a345f0b2b978ba0e4b068,1
1.2.826.0.1.3680043.8.498.13137510961466386836387239510287919268,62476c27330c7bb957ddfeee10394a3d,3
1.2.826.0.1.3680043.8.498.13137549927896953291645459480590055925,305110538c2afba60d347dd8c5aa6901,4
1.2.826.0.1.3680043.8.498.13139684164906828131777150061532685584,0c91b0bd698caf4f234315b10c072a8b,2
1.2.826.0.1.3680043.8.498.13143446880514535170343243531129864116,0a3a33b56580b6cc9a725985afacb8a7,2
1.2.826.0.1.3680043.8.498.13146466304138609448483938844487385775,c6ad0a0ae75c70c3f273d12092169a25,2
1.2.826.0.1.3680043.8.498.13147249459968468500804358644901642270,18de5460a03cea44876559c521f26943,4
1.2.826.0.1.3680043.8.498.13148805278538458401210722493048566510,d5fec1b30bc05d1f5961394f87715d4f,2
1.2.826.0.1.3680043.8.498.13150780733560495803861509587935093776,9a452167779d7f27c1c1628711a63f04,3
1.2.826.0.1.3680043.8.498.13150794288945922409613136250303663502,8cd0a85e457bb6bca274c6705664b5b1,2
1.2.826.0.1.3680043.8.498.13151845892175420505816340845155354956,bc1db013b592b6d0430bcccf706af8f8,3
1.2.826.0.1.3680043.8.498.13152690996267297597178587721720788387,45c37eaecf6fbc1fd37992ef6a3ac857,0
1.2.826.0.1.3680043.8.498.13155572156594271049520969168607160312,3841f2f4f38bdd36d0a7a630338c54af,1
1.2.826.0.1.3680043.8.498.13157776420553094741176082047621957775,f5baefa646176b6fcb47f917246d90e3,0
1.2.826.0.1.3680043.8.498.13158227087287104386790063637592969032,de827ac5326437b695e883488aab41e2,2
1.2.826.0.1.3680043.8.498.13158644154518335426512578922874968296,5045d3fcdb96965eba4fe00646e003b3,4
1.2.826.0.1.3680043.8.498.13162284470388627411596358366248494046,2e80f7afa4fd6cb9e676c8ca2406699e,4
1.2.826.0.1.3680043.8.498.13162479706670045075896993021883562680,932ba6eedb9bd674968af8855c6755a5,1
1.2.826.0.1.3680043.8.498.13163727085668231782866823012535268245,4104bcf754f9be16be8bc6f5f8cf591d,1
1.2.826.0.1.3680043.8.498.13165770394160595162984722917452661205,045ad991765ae4250a59972bef401b26,4
1.2.826.0.1.3680043.8.498.13167727300538353052482338786183678684,97dfcdd555722464a36707962533eb3f,1
1.2.826.0.1.3680043.8.498.13172295193446466338347273836250944090,2e69a1927782e15d0804a6822ab658dd,4
1.2.826.0.1.3680043.8.498.13173050135651736408720687361834045815,41f7383b44acd84b63745a7f7c2dd22d,2
1.2.826.0.1.3680043.8.498.13173781757294564816839795307893228067,af588f22790daff7c6463164011bda2e,0
1.2.826.0.1.3680043.8.498.13173926977743814814616127342102020710,4954f34568c4b56ebd99e5b0472e5688,1
1.2.826.0.1.3680043.8.498.13176146790594027813190776550419533937,ed916f33eff559e3550d7595c5444325,1
1.2.826.0.1.3680043.8.498.13179169600887013946657470830682778717,0101a89bd7b501a2902ac1c8f6542675,2
1.2.826.0.1.3680043.8.498.13179829911816163852815103052496326166,0ea1c33db80651829f2195005e9e0411,3
1.2.826.0.1.3680043.8.498.13197409499722328227876152940338160369,ade81df88279c80f8936bf3f5cd09cda,1
1.2.826.0.1.3680043.8.498.13199635020145400856987271814458645896,d378b85ecc0dc247bf96eb8633b591a3,3
1.2.826.0.1.3680043.8.498.13200225436827306542001129042739578441,45b1cf7a70ed057a03140e6a165af550,4
1.2.826.0.1.3680043.8.498.13203246712933982189680087013566455075,4f4f85c3ade6b8841c891d6dc8637aaf,4
1.2.826.0.1.3680043.8.498.13207489724395276840990928372610055495,8ee5135285e60e4feaac0bcc4db798ad,2
1.2.826.0.1.3680043.8.498.13210084125872700841685814144002495145,cfb5c72683c4b5cc29ed1473117898fa,3
1.2.826.0.1.3680043.8.498.13211838518836535713919214396985811434,fdb15b537124f2bd8f080048450ac553,0
1.2.826.0.1.3680043.8.498.13212280182729018182073794487313115605,97d29dd6bbabe6ed1502f428cdc9ccb6,2
1.2.826.0.1.3680043.8.498.13214267416673058581197714011913363750,36930cebba8c3d4db19b412faaf84313,0
1.2.826.0.1.3680043.8.498.13222515831888962408632292783773537312,034889f4d711295843e095d22d2640e2,4
1.2.826.0.1.3680043.8.498.13224933005220329091792052916905776921,53acd5c7b8d75d64594e4cda17e14501,0
1.2.826.0.1.3680043.8.498.13226961394403558608712498872213808226,72c123872de7accb371e8be4c391b9f1,0
1.2.826.0.1.3680043.8.498.13229563888378977350299319159748823477,e17bdeb718f34c13b66473d5a99ae53b,1
1.2.826.0.1.3680043.8.498.13232501202175905676335982676386953813,dfb893a9200b12d80be8b82f2326d54c,1
1.2.826.0.1.3680043.8.498.13234278816788324761159326624155958655,4037d60259fe31aee2fb3dfdf6835782,1
1.2.826.0.1.3680043.8.498.13240749152416621711688053465035013133,037ed66f05f12d65ee8eaae6b68f7f94,0
1.2.826.0.1.3680043.8.498.13242536312535334908597493894251783308,3cc8d3f66778032653dbfa889a0da5f7,2
1.2.826.0.1.3680043.8.498.13245409855393847268063261203253424169,d054112231cb831f5a09bbb8c1d30e8f,2
1.2.826.0.1.3680043.8.498.13246496699722524712272293738359002501,8411006e026553e9aca0e1c6cdfaddfa,0
1.2.826.0.1.3680043.8.498.13256173302993031630968402868348974108,bb1bab0e69a372ebfdfed8ef621df627,2
1.2.826.0.1.3680043.8.498.13261595972961358158990410740461308054,4d301027e80cd7613e139770a5893346,4
1.2.826.0.1.3680043.8.498.13262053361139017457941697384315610025,e9ea6100f435e7d1b48e475c5b6d0e4d,0
1.2.826.0.1.3680043.8.498.13262473718294425031790270527413368245,19855d09fca3eb24c7ae243f3077a3d1,2
1.2.826.0.1.3680043.8.498.13262583253812134425581922368942846684,df230aa63f759783135edd66175695b7,0
1.2.826.0.1.3680043.8.498.13263128568157735797391439005687112733,b30001b7d6ab43771a41077b9e18a8d0,0
1.2.826.0.1.3680043.8.498.13267708980958529833316446819156908381,e0cbc443ab03b521805544338c66565f,1
1.2.826.0.1.3680043.8.498.13267780356245120052411517053322874891,2577b03cfa17cd34536cbc8d631b3f83,0
1.2.826.0.1.3680043.8.498.13269841239774089690227054060975903636,3abf7d1dc549468c17566c89455f2862,1
1.2.826.0.1.3680043.8.498.13273890409523605456488117581706115075,f242133d63228458e8db4b1220411b93,3
1.2.826.0.1.3680043.8.498.13280017707177438711374726939683941320,0fa40b1913bc3ac3f51ed831c58e6fe6,1
1.2.826.0.1.3680043.8.498.13283411144589724334502427926341646116,f3a20d611f4dca0fefd7c2a02f20c950,1
1.2.826.0.1.3680043.8.498.13284123714012951608998434802430211634,38ab3e9bcd67cd2472d3d21cb56fa5b3,4
1.2.826.0.1.3680043.8.498.13286048014183811835847662577023535662,ff251e41c3f801d5187fbc5fab3f5900,1
1.2.826.0.1.3680043.8.498.13288244567806030859347115222642155186,ff2335e211f06cb463a496c8c6d371fa,2
1.2.826.0.1.3680043.8.498.13290698873574296175460151724606672982,7108fe35c2a2e73e5cf27928abf9ebcb,3
1.2.826.0.1.3680043.8.498.13291943370279119939499960846843879156,e8f84653f7ef1d2592d7d3d1430636a0,0
1.2.826.0.1.3680043.8.498.13295231176137292542631413614945667314,5fbbb60dc33dc5799307b71d948f3dd7,2
1.2.826.0.1.3680043.8.498.13295633458001436592005068637719195786,235c2039fe237af6063857e332d2c6b7,4
1.2.826.0.1.3680043.8.498.13297973188397662905314777604089528518,a98c20a951c64bf45fc552e9dfd6900d,3
1.2.826.0.1.3680043.8.498.13309299049346932814529962458932580753,ae0a2bad55eb6f243549129e7394ceb6,2
1.2.826.0.1.3680043.8.498.13312139694018789912028129989483016875,f4ab435a377a2986654c6abf36a327f3,2
1.2.826.0.1.3680043.8.498.13314276151860609710431717811242659651,6811e3983727f9992fb61f8acf042a3b,1
1.2.826.0.1.3680043.8.498.13319886927127591971322856062062654146,484f53920065e1cbc64f6e63af820bf0,1
1.2.826.0.1.3680043.8.498.13321746459276191365724686301267421531,80a44cec206c7aa75cd2f7e7187bac28,4
1.2.826.0.1.3680043.8.498.13323187196249612936800308722675884644,eb496efbe06dc61db4c0aedbfce00539,2
1.2.826.0.1.3680043.8.498.13328029743559327467301971917273397645,f96c42d7bcc58eefcf6a52cf0d8a652c,2
1.2.826.0.1.3680043.8.498.13330694332190836651711643932953274573,28e20fa7fe981dc8b936ce9bd46980a9,0
1.2.826.0.1.3680043.8.498.13332521365069604440230185026865466121,37f24cc62ed5aa395a460678d9ca1eca,1
1.2.826.0.1.3680043.8.498.13335129881737731410081002627729200903,642e476dea120355dcda7f10f28758f9,1
1.2.826.0.1.3680043.8.498.13335786652653204791740906118815827207,e49b7410a3492859418f6652dc64a5da,0
1.2.826.0.1.3680043.8.498.13341507176140340924941654608476073030,7df9bfdcfdb706c87a8f43b8f70a4ae4,1
1.2.826.0.1.3680043.8.498.13353249891620291438488727876474802879,ac7496f6a8e1290cff0d43c2fc71d594,1
1.2.826.0.1.3680043.8.498.13353409340862821090624127486679097099,7f01006a935c42ae05dff1ef8c61f237,0
1.2.826.0.1.3680043.8.498.13353966209257569249620562863006006441,cf0af91c2f1b1f603e8824e31af8af8b,0
1.2.826.0.1.3680043.8.498.13357923062946813820390731946535198170,f7216dd5d134c2c50c6b7cc78ba7518d,4
1.2.826.0.1.3680043.8.498.13358702230966891064267033765095124604,2c68c6c3893e4136e193bd2e9c1aeaad,3
1.2.826.0.1.3680043.8.498.13361877959630120404875545203408927433,76398dc7291aaee9c2d590a034dfd5cd,1
1.2.826.0.1.3680043.8.498.13363562142644508091380459785810556567,163fe20f9508de6f718c8245876a0d14,1
1.2.826.0.1.3680043.8.498.13363856251607349805111249441972460575,7e735f81ce33ed330b810855749c0551,1
1.2.826.0.1.3680043.8.498.13367691581890020433564928882602648123,efcd2ca231c153fbbdd6cfec3a9ee84b,0
1.2.826.0.1.3680043.8.498.13367740087756379568826046059252678700,05dc4a911b88785c2770fbffbc4ddb04,3
1.2.826.0.1.3680043.8.498.13368881691140330168876825436602977388,ac306a4af20d9af748fd4b3c2addf052,1
1.2.826.0.1.3680043.8.498.13369443704765101449274062863864122737,a6c4463783d7b1ac1348c6a85efb51c5,3
1.2.826.0.1.3680043.8.498.13371001997511542011416510364359588752,bf6e58bc261da8b033669057ea83e3d2,3
1.2.826.0.1.3680043.8.498.13377426362348493372112241208607685717,a42421234acbdd8b32691d4ef90df3b5,3
1.2.826.0.1.3680043.8.498.13380735447520796902327272696579348141,bc65db22d5bb7c843b4f54d7165f4b55,0
1.2.826.0.1.3680043.8.498.13383972749798909973472489456126521194,e80c9a45a504df0fc811679166465304,0
1.2.826.0.1.3680043.8.498.13390551515761269433524925969561757962,144e3b0ca49fc1b4ef91eb6c2435a86a,1
1.2.826.0.1.3680043.8.498.13391735462825209934041441767886593395,db73fd243fdc0a299c7e2ba81358bad0,4
1.2.826.0.1.3680043.8.498.13393268272072264469105890769640363680,33853743d9cedf212c6cb83288c4e1aa,1
1.2.826.0.1.3680043.8.498.13399254446600380420635633478666850540,cdaac90ede83fe24031ff0064af8932f,4
1.2.826.0.1.3680043.8.498.13400273795954308944359576841942016981,63b7bdbc3ef796105edeb98fa85cc112,0
1.2.826.0.1.3680043.8.498.13405120554981098042415743645998258385,bfa130b2f9cd8c085c7789dffa57af65,0
1.2.826.0.1.3680043.8.498.13430522388784978790587514142693914965,15de2c797c879a9304637f6af618d970,1
1.2.826.0.1.3680043.8.498.13440909104569690641314836192184434461,dd0622d2513df46325722f6d952f20fb,2
1.2.826.0.1.3680043.8.498.13455212888114594010716499984611216646,2d4a59834719d4c8ab13b7f4f731ba44,1
1.2.826.0.1.3680043.8.498.13459473184684263663596121399737033933,0a87632f33c17835a0fc6fe06c5dcfae,4
1.2.826.0.1.3680043.8.498.13460078631594032326006554321483799928,ffd8183158893b53e7320e88f20f83ce,2
1.2.826.0.1.3680043.8.498.13460268079835549295338279322112693785,064075e9624aa22532ca5b5ed95ab795,3
1.2.826.0.1.3680043.8.498.13461073016327661159616957998589287085,80fde2878fdbb0faff0d621391e229ef,4
1.2.826.0.1.3680043.8.498.13463672277039459152171414002273376185,f63b5ea8f7f62056f30e990cb800a213,1
1.2.826.0.1.3680043.8.498.13505671694940677161128783863912245059,02d8eb6b636a0d63dd240ba08aff7bf1,3
1.2.826.0.1.3680043.8.498.13575953449958751965232580597585303226,eaad55e7ea784f29b2fa7ac5ebbba0a5,1
1.2.826.0.1.3680043.8.498.13597463452741791628023738080583139636,f5f3dfe5ad6c194bfb4c886bdde1d6c7,2
1.2.826.0.1.3680043.8.498.13616982533395291590655841043722813973,717f7aa0d70ff85ca034ea2b075e7b19,2
1.2.826.0.1.3680043.8.498.13660439785395658826946769630921591235,fdaecfbfb3aa3623fd7ca0fec89a45bd,0
1.2.826.0.1.3680043.8.498.13695989890112408005495264068064110179,ea02b4a164385508389879d25eaa3c5d,3
1.2.826.0.1.3680043.8.498.13737588520456064856233576393747389054,ada1b6fc8d0e80b85f3f727901fc2540,2
1.2.826.0.1.3680043.8.498.13762716088334302039143651507177887969,36930cebba8c3d4db19b412faaf84313,0
1.2.826.0.1.3680043.8.498.13829111847660458141056077151781118782,7ce434c31fed92c42cdeb6a51dc9b220,0
1.2.826.0.1.3680043.8.498.13843368750899904654034226115826130084,c122d8bb7af39037262386e62df6d1b6,4
1.2.826.0.1.3680043.8.498.13879163301346984697246311226647565712,08aa91ed181f8e2cd3690228f70d75c6,1
1.2.826.0.1.3680043.8.498.13915367834258386094001181500560177470,9768bb69bdf437ded38d2e4fc1cf7134,0
1.2.826.0.1.3680043.8.498.13958765761660666865188384031150827763,064d75b9cd71bbbbc7bacaf2aa2a4e3d,4
1.2.826.0.1.3680043.8.498.13972325309264527611989585341636140156,59ded94bc1ed01ff8ec98833de7e1b2c,4
1.2.826.0.1.3680043.8.498.13975027824128345697756313869165838055,4bb1d12bcba7b42fc7d0906935fcdbf9,0
1.2.826.0.1.3680043.8.498.14024129019390041106306062001538710978,c339f091967f7314948ecadec214911b,0
1.2.826.0.1.3680043.8.498.14032903253348079919799627243690484791,86c723188f481ec190fd1361bf23b474,2
1.2.826.0.1.3680043.8.498.14061227335828384505403558788548348446,6209553f162d9bc42376940dfd525b2a,3
1.2.826.0.1.3680043.8.498.14066537811671722419109228137841995847,26dcee19b2cc94bb24f0126095034211,3
1.2.826.0.1.3680043.8.498.14117402902169664329719927863268363596,52800fcae1ac7ecab2cb7a128cb1737b,1
1.2.826.0.1.3680043.8.498.14137431039800236510749401303688858447,5e103a41d9d9a273566ce04a8e7094c3,3
1.2.826.0.1.3680043.8.498.14188540532926067083914263496492255704,fe773e022c1bb81c37a29b35d0ee42e4,4
1.2.826.0.1.3680043.8.498.14218113768651197803980865495163189825,17e29048ea739ee8d93ed33b4d16dc1e,0
1.2.826.0.1.3680043.8.498.14229598279617168024212382336641104878,0782c049b1a348b6cb3c990d34173a9c,4
1.2.826.0.1.3680043.8.498.14236519693915284584208989450687591759,7b6d024176b37ee7e939873825fff47b,3
1.2.826.0.1.3680043.8.498.14300107110014472682373589824643789093,11d9cc08e3cdb9741eeb05dd4afffcab,0
1.2.826.0.1.3680043.8.498.14325424371811230497993759959862738838,1043d2b05853ee75288568f0f99f069a,4
1.2.826.0.1.3680043.8.498.14347036698014475959973071477777915575,8d83ea1110ad2a6ff13f7dbacde364c0,4
1.2.826.0.1.3680043.8.498.14377917653321813299237274871837695586,9a5a69ab6dc028dcee9149b644ee3744,0
1.2.826.0.1.3680043.8.498.14400292895187181989838122627394761532,d1e3aca4172b2956dcd32db2cf2671da,3
1.2.826.0.1.3680043.8.498.14453847272947043746856632410254555895,6da0cf05fcc7de9ec08a8e2a5eaf180d,1
1.2.826.0.1.3680043.8.498.14472261871417480346162193127520918127,04036cc622397bc863603662c40b8759,0
1.2.826.0.1.3680043.8.498.14477978091360159774052709992034078166,648fedeb41b64916ef471f3104ee9f00,3
1.2.826.0.1.3680043.8.498.14479913217228604289584726096114526268,abd39ab53009fa7969b1606789116fc7,2
1.2.826.0.1.3680043.8.498.14490539215064287912254286565666891557,4a2cfb10fec0b34fe4f6d693638dc8b2,3
1.2.826.0.1.3680043.8.498.14495028403937132710814780922642512791,2640a055c917eccfb8069dafe72b96cd,4
1.2.826.0.1.3680043.8.498.14511862461248267537051973802039959211,537b18528128cd0f2b9a20bd906075e3,3
1.2.826.0.1.3680043.8.498.14558486491688263090686005096911018438,c1969c28bc6d81c9ffcbc735f5bd6fa0,4
1.2.826.0.1.3680043.8.498.14679140388328648617386311272361396555,66936137a9f68960765f5eefdc40718e,3
1.2.826.0.1.3680043.8.498.14728068688166107022558957899468489735,5cd59dcc585dd4606c124aca119881f2,3
1.2.826.0.1.3680043.8.498.14744714658078107007743063095375646143,25962a0684e4cfd0ed744dd605ddf1fa,2
1.2.826.0.1.3680043.8.498.14770617961376953596780345652892307570,38d9f996ffaf1d48a7cc522be5a7afe1,4
1.2.826.0.1.3680043.8.498.14776241668061173271058268311868302014,086dddecd1171fa38e232ea46a027f7c,1
1.2.826.0.1.3680043.8.498.14806659119591146961784818305031900863,5d0c2aff19019705e2a362859c28f18b,4
1.2.826.0.1.3680043.8.498.14845527334849156639306067473358712770,cddca48853727f3eb5d528e06d3da544,0
1.2.826.0.1.3680043.8.498.14850534390650184292244380816212794996,b87370d60646c5530551e3491a0bffbe,3
1.2.826.0.1.3680043.8.498.14958560978176121375035839707004667832,d595b1aaf3009277e55e9e602db64188,2
1.2.826.0.1.3680043.8.498.14959561028578335448289993045623217861,718e79b03d946e9877fb385093bd4095,2
1.2.826.0.1.3680043.8.498.14959732862523218997149041503831001633,2aa6f3ea3f7bfdef838de9e74aa17b2f,3
1.2.826.0.1.3680043.8.498.14963472809950919852176661973255059069,18e162041d85c2043a5706898fd4d14a,2
1.2.826.0.1.3680043.8.498.15024602758408626305833210011882949904,9f8d748be59e4acacdba70d5fb4c6124,0
1.2.826.0.1.3680043.8.498.15025957400098336605043184930980421418,a625f2d044c7a633bba78df2fdbe44e7,4
1.2.826.0.1.3680043.8.498.15065556607080211420503043544482923211,b0eb66dc943be532525434e4305dd6cd,0
1.2.826.0.1.3680043.8.498.15090991392324602559982474708414427621,ba8cfb1cfd74a9791401bd2e2df544e2,0
1.2.826.0.1.3680043.8.498.15103255966832759925770334719703425755,fd3ad3e59c43f9efab33ff60a44f15ae,1
1.2.826.0.1.3680043.8.498.15133818248365103660456294775831248835,7beee33b483c2fbbd456d3ff90fade98,1
1.2.826.0.1.3680043.8.498.15219410096632334470101257478715035071,4d185023d710a4fa6222db792219938d,1
1.2.826.0.1.3680043.8.498.15219824433491621460467738389345697247,bb4f0d2cec171cb340fc53ec3230ef79,2
1.2.826.0.1.3680043.8.498.15297444019822621504849851092382560980,0b5c976402421792e8710dbd174d4944,2
1.2.826.0.1.3680043.8.498.15326951535563258414956521742264374802,24d6fbe0311dfbe2a86db3975abcf2a8,4
1.2.826.0.1.3680043.8.498.15337067581747365729183643142512558411,beb555c2ce067f04772b111a0f8a474f,1
1.2.826.0.1.3680043.8.498.15360150088598749206650025637914821738,243e409b463cfcf56250c53b42f15f55,2
1.2.826.0.1.3680043.8.498.15376535778246978844757121776560020722,d900d9188e26f2167e9e14ae935842cb,4
1.2.826.0.1.3680043.8.498.15399233309269178192583032682669258885,6bf31fef24241b6c5cfe0dce4eb70de7,4
1.2.826.0.1.3680043.8.498.15428051518761311558410606976607852351,9672344cdc242763fce02db676763652,0
1.2.826.0.1.3680043.8.498.15444316810805746453392291780593934328,f0757bf733882c71444edf39824f97de,0
1.2.826.0.1.3680043.8.498.15468179600399954478612037548577772269,d6bfc2e298306db614c34ee036ee6b87,0
1.2.826.0.1.3680043.8.498.15486463042236628073590077209793828847,b725198d8961b9317436df7c7986f990,1
1.2.826.0.1.3680043.8.498.15522600887743817464976568872439594397,e593b2d181f47fbee7c503ea1ea47a78,0
1.2.826.0.1.3680043.8.498.15539098084847502447238233198010208924,658d3d0553c2520e69ad241ca08cadf1,2
1.2.826.0.1.3680043.8.498.15593638897292057356864060466120253309,8c05b956f00236507705f7bfc31b3edc,3
1.2.826.0.1.3680043.8.498.15595595490910196952568459534537629865,62713526a0dbaa9f54cd1498c82a9b14,4
1.2.826.0.1.3680043.8.498.15599161312748548709240395406977042093,cb57fdb2562882dfe65214a650239a33,4
1.2.826.0.1.3680043.8.498.15630146025588580188363070220779173742,8b22a3c81d91b74c2fe207ad2c39f65a,2
1.2.826.0.1.3680043.8.498.15709232000390534671340322807442769184,ec49a671b93cc099bf1d8c12273f6968,1
1.2.826.0.1.3680043.8.498.15744573360087157139672078937679122840,a565d9fc23565f18c35c0d8cb6c9b21a,4
1.2.826.0.1.3680043.8.498.15851463019383290210760064201595021029,253fa4e243021f68433c814c83a47b40,1
1.2.826.0.1.3680043.8.498.15863325224755490561125835019647303556,b495d4e5324b991e31ad95ce432629b3,4
1.2.826.0.1.3680043.8.498.15969838281154273030237391394632849764,833e2b3ea6fcc5b7e91e138dac9ea7ad,2
1.2.826.0.1.3680043.8.498.16046164723877343553376490423345098256,177aa0b55e161fd6143e9c9e2e7beee7,1
1.2.826.0.1.3680043.8.498.16051798246004436152597344963060310360,69e30d2e70bd33c69201660d54e9c54c,0
1.2.826.0.1.3680043.8.498.16060119389060497136231217718921482192,1f8058873d8d6c9e875dea209be68eab,2
1.2.826.0.1.3680043.8.498.16101435445990180482665354366724730305,8c90cce16c44c84849732f23390c999f,0
1.2.826.0.1.3680043.8.498.16158812105029662172517682642229718094,1ac9d24a34cebe3c869ee877961b5984,1
1.2.826.0.1.3680043.8.498.16164261456077269604929662134371603081,04e34096ca66c77355d93e91afa33724,1
1.2.826.0.1.3680043.8.498.16189833935983604051983090678102023832,e364d8d0665de3b89260e8402c2ece44,1
1.2.826.0.1.3680043.8.498.16200518336931321995379999168737787921,dfb893a9200b12d80be8b82f2326d54c,1
1.2.826.0.1.3680043.8.498.16225091905018667993201414191711776943,b0f1601a3ce31969b54d65089ae684bd,3
1.2.826.0.1.3680043.8.498.16258190393569006141285550986533848849,330142373e08e6d4589e67c1fa25056a,2
1.2.826.0.1.3680043.8.498.16318078762749420171833135145622117452,69061deda7c38402bb0243b300923014,4
1.2.826.0.1.3680043.8.498.16338296537380784459604897543069625390,ba325900c41cee084db0119ba7a73f07,3
1.2.826.0.1.3680043.8.498.16364873390453802195568603605191835957,9a807e7d5a1d772535a81e7b15443945,0
1.2.826.0.1.3680043.8.498.16370303687278282143772106415664171358,99dc6cc17ae16baa8af4c3168c45c3e6,1
1.2.826.0.1.3680043.8.498.16397020531009156965821242117417547331,5d61a103bed937287940933231e28957,2
1.2.826.0.1.3680043.8.498.16469256144078887607437578587242258846,31b34e7b708e060a4b4ac02772f620f6,1
1.2.826.0.1.3680043.8.498.16483470188406187000599644150600279596,85d2d7c138b9bff65ea346ee0010c9ae,2
1.2.826.0.1.3680043.8.498.16527747624688737126118546487228060848,b1496aa54283d203064c1c2349970434,1
1.2.826.0.1.3680043.8.498.16534078612126477228267765508485297367,e7ac91cb107684e5583aafedf6ac90c9,1
1.2.826.0.1.3680043.8.498.16538738179840493095338324009830673843,58f6b549c5ee57ed79131f5c79f6bc95,2
1.2.826.0.1.3680043.8.498.16550793987525699514242241133391355835,27bd9f007644270343cbca3ab0b4325b,4
1.2.826.0.1.3680043.8.498.16581426215518472805200227992550139190,8c22f0b39554f4affae0a0ec8ed40101,3
1.2.826.0.1.3680043.8.498.16589468854653713035210251187012168350,f8562ef0592d71e63eb9d50a977daaa8,2
1.2.826.0.1.3680043.8.498.16657553974040122719239506008948241297,6747e1a019a4375d863237fbaad22c89,0
1.2.826.0.1.3680043.8.498.16666020201961191623151386398626511849,a7dafe3c467868c154e5178b165ce4a6,3
1.2.826.0.1.3680043.8.498.16674237773422474998796191258459643061,bf8bdd6ba2f19d8113c418e622433edf,4
1.2.826.0.1.3680043.8.498.16691383858003633107641297162554868325,d57984d39cd48d0a0fa3e643a89034e6,3
1.2.826.0.1.3680043.8.498.16709565360569239280032743619008187278,19a1d0e84faf7a8ca401faa38ee0055a,0
1.2.826.0.1.3680043.8.498.16709696133689803501344038926512501779,2b16d5cf8b834c8209569f3fcbfc07c7,1
1.2.826.0.1.3680043.8.498.16718788321951483456195507236392554704,1cfb6ea342d529e18a43f1f1e55a7352,2
1.2.826.0.1.3680043.8.498.16724013341359693140331158148551346369,b8615c75ad9bad3903ee74a68cadc43d,4
1.2.826.0.1.3680043.8.498.16774450022563283092653506225603012645,2dcf2fd3d0a37de79c772e83842df45f,2
1.2.826.0.1.3680043.8.498.16812524557513419866531695739014681414,a55c58df0b234bf8eb95bf95cf55d39a,4
1.2.826.0.1.3680043.8.498.16843381581429596234606436682284624187,42bcc6b0dc6005281bfd369fb13e6898,2
1.2.826.0.1.3680043.8.498.16845451648760595922758166878121325861,b2f4e20cf1f7ea5fc08e48ed4edc69d7,3
1.2.826.0.1.3680043.8.498.16862596867845295946732698348903803700,539cae516ff1134d679f204a645a0793,0
1.2.826.0.1.3680043.8.498.16864649493021092944977766326505053153,59309922a804877294c0fa56c2688f79,3
1.2.826.0.1.3680043.8.498.16886658450293145802897654768506439494,fae54df9a0874f09a49de355f254c92d,4
1.2.826.0.1.3680043.8.498.17049315826418217889213226790962592213,b74ceedee2e71a49347c3e3a8478fe7a,0
1.2.826.0.1.3680043.8.498.17056997047488992455301411194938263817,ef6caa86e698ffd5a24aab75a1b9a8b6,2
1.2.826.0.1.3680043.8.498.17070139245390396445395414066427036835,b53e1e7cec88d20df1b2233870901d61,4
1.2.826.0.1.3680043.8.498.17074746747536999918446136673966046653,93cabb8da43cfd06efe911dc2f007e5f,3
1.2.826.0.1.3680043.8.498.17092147498062993594620309531155267119,de02f9d9ed271e536c2a92e5231b758b,0
1.2.826.0.1.3680043.8.498.17093025979426350838724553020541643719,e59370c642940320c1894446ecb2702f,4
1.2.826.0.1.3680043.8.498.17107696939614797679012793547913769707,025d39df78eacd28d16620466e31ac24,0
1.2.826.0.1.3680043.8.498.17123244662958741977525806700986256210,0c5315dab4dc4c7004d58de89a61877c,3
1.2.826.0.1.3680043.8.498.17146868851921828837871671912815843012,17977b297dc512c9be9b0b12185936cf,0
1.2.826.0.1.3680043.8.498.17160610480070701553118850947260201608,a00026b4ab7e99bd2e02c9b40ac53ddd,0
1.2.826.0.1.3680043.8.498.17241550277273207658303011467222594165,611243bcfac83ceb5ed49ef434b9dd0d,2
1.2.826.0.1.3680043.8.498.17265093113586420061761042467476063876,4bfbd278ec9e26cfb54df9cf151d0f42,1
1.2.826.0.1.3680043.8.498.17274490471295558668613733667390457509,4bf08b11625acdfe6eab46d591e0b4f4,0
1.2.826.0.1.3680043.8.498.17336223563862025807066700226971845206,e201f9af583e085c33bbb9107a0524d7,2
1.2.826.0.1.3680043.8.498.17389120886685633448235711042721669823,aaf6325ac130b033c89fac0bf0c8b54a,1
1.2.826.0.1.3680043.8.498.17415936504684075438800895036740822145,030157715244e5d333e6087e67ccafc8,0
1.2.826.0.1.3680043.8.498.17420673628956367425739018933968443620,4a2fbb65d446697c25d330d9197c169e,1
1.2.826.0.1.3680043.8.498.17427902052389033416295416299697276519,cebdf5b8cafddd6bd43d8c4799a8a2f5,3
1.2.826.0.1.3680043.8.498.17517950899674150719043097786728121608,e5dedb96b84ebc4f8c4541b4cfe1dc4e,2
1.2.826.0.1.3680043.8.498.17547781127981007962008163248942714330,598796b8d7fe5aef541f66a2829a20ed,2
1.2.826.0.1.3680043.8.498.17596657287050550465463272509976106854,cc1b0f1c42f9afd252aa2a9775245597,2
1.2.826.0.1.3680043.8.498.17618734998753079190687719289815512319,5f388cbbd7db8559bbbba089e68724f5,0
1.2.826.0.1.3680043.8.498.17662880041629379035049367252086125592,ecc9c78c2b3ce08005cd33e6b29899f7,4
1.2.826.0.1.3680043.8.498.17663005209256897892831319144686413853,ec65681e8a2bed51d533d4a67abcc0a3,3
1.2.826.0.1.3680043.8.498.17691941055331862184525411493110144433,d02284f5c8d1a4f9120eeabd5641593d,4
1.2.826.0.1.3680043.8.498.17741907690913585163443565102293192244,adc7e5fdf1fe8471105462c2c56a98d5,1
1.2.826.0.1.3680043.8.498.17768582402712001917772688462080201650,addac32fe7db49f804ebec1019d6d0a9,4
1.2.826.0.1.3680043.8.498.17769942698581399165275319502954100325,a1acb94fcd49159be3867a9431deb9c0,1
1.2.826.0.1.3680043.8.498.17813878802252660525798053577039470087,7259c5ed2fc28c61bfde6343040203df,0
1.2.826.0.1.3680043.8.498.17836815413824722543229791044312174885,d2b0849e5d11f46b508f7db50b02ae64,3
1.2.826.0.1.3680043.8.498.17844546765907321649997094867791102711,d713b496f8181ad28098f167ee57d9ff,1
1.2.826.0.1.3680043.8.498.17856297841306582866782295284505406916,300f448000fa775d947892a237742468,1
1.2.826.0.1.3680043.8.498.17865613300681542407687000381594067366,aabdef028cabba4b21baa1505f20ec30,1
1.2.826.0.1.3680043.8.498.17909590711893200514107254988453660857,efe212e3eb8f7e56099ee67bf1168e85,2
1.2.826.0.1.3680043.8.498.17931021655186901394796168474942485728,1c4a0f617001508cd78bd0bdd2ca27fe,1
1.2.826.0.1.3680043.8.498.17967978373588651520812399064902037467,483a9ee5648253043993fd7fc2519829,2
1.2.826.0.1.3680043.8.498.17985756708438762670829959560049370730,f490d7f831402843e437c3e76c7d18b4,2
1.2.826.0.1.3680043.8.498.18080511167840608448833484000937072258,7526d82f29aa61088a88a0142f9e3c50,2
1.2.826.0.1.3680043.8.498.18090147030578547920423840630147682826,58bafd90365efdce8652473a53c40111,4
1.2.826.0.1.3680043.8.498.18092766733837308394607532608319746043,478aaafbbbd5fccc27448c5f9c1e7e72,4
1.2.826.0.1.3680043.8.498.18113123512696698441392990570166201548,e219fc0ecca6cc46ca8a1b35427a9d03,4
1.2.826.0.1.3680043.8.498.18114567737638963627123562895002602285,e84b18525b6723ba048fff4e817817fb,3
1.2.826.0.1.3680043.8.498.18175450083338316799857698898702333009,95e69d02b99e9392ccb640a797c2e2c1,3
1.2.826.0.1.3680043.8.498.18176586296602067352845573876750324761,fac1ca204141f267da246b945c60a3d5,4
1.2.826.0.1.3680043.8.498.18199465156572252531439880765733639584,0c4cefd94ba6a409ee141b178323d311,4
1.2.826.0.1.3680043.8.498.18230847745299902998425838090653825745,4b79145bd8c5c04d36e190bbe10fc0d0,1
1.2.826.0.1.3680043.8.498.18245500498843512203508664874652003124,8a565980502bc02db6895a4f16f29b8a,4
1.2.826.0.1.3680043.8.498.18315708641533862849721595991941979080,196cbd66b24b30c854e564e3bb78f352,2
1.2.826.0.1.3680043.8.498.18344563362014614046776037921812502569,940fbe77b983213ce149f7a072e8e592,1
1.2.826.0.1.3680043.8.498.18350185433331570523543207086298834067,32f6416872b72ab9e15dfe4a7bd2c073,2
1.2.826.0.1.3680043.8.498.18389676218363070462526838642303976332,5eb83c28f6a5452cd97cfebd53d0d120,2
1.2.826.0.1.3680043.8.498.18392509497170616983977319528036573378,a425f8af24be7101418eb7eb41630c34,2
1.2.826.0.1.3680043.8.498.18403627643718880914843209837672242908,5fabe3282a3d7a6405d935f9b1a25596,2
1.2.826.0.1.3680043.8.498.18509793799833391995987656714798904411,c5f0d906a6b88726c61b5fb30a97b1f2,3
1.2.826.0.1.3680043.8.498.18518393141873346710197645305647124682,d6b962b421dc5fc2dbfc2117d2f059fc,0
1.2.826.0.1.3680043.8.498.18529656610752887218162968403101035390,6623802547c195d810f2d659fa4fd51c,2
1.2.826.0.1.3680043.8.498.18592535981451766048952107991674227570,e3d25ea6d77e0a6c1259a6a90ff42ed9,3
1.2.826.0.1.3680043.8.498.18614704377104425868545800677445972261,e938b837c5c1f0d53a3f5537b103c788,0
1.2.826.0.1.3680043.8.498.18625377919309205857120774497713011583,bf5c6a27eece304841e721c540360f91,3
1.2.826.0.1.3680043.8.498.18653838887148864162027930218548124748,b16a4810f0d959caf514287729b53d9a,1
1.2.826.0.1.3680043.8.498.18671006890719350655167441375718348829,26769ff1cf6cfa6a12d333bc3d651b8c,2
1.2.826.0.1.3680043.8.498.18680059761479598675335345641208680006,7f92cc764f680b5178900048868b54ff,2
1.2.826.0.1.3680043.8.498.18695727379446620258431748063749176639,07aacb8fc626c53a50d4c619a43127d5,0
1.2.826.0.1.3680043.8.498.18721466442792788108431096912844719622,76e251862bd6fd604781078bb725d170,4
1.2.826.0.1.3680043.8.498.18758199166360428760124471581842191566,754b0095e97257fd3687aaa99f7ab4d1,4
1.2.826.0.1.3680043.8.498.18792568294433896490648198192877693850,24cc657c93456246136aa2f2b428a401,3
1.2.826.0.1.3680043.8.498.18807952338149288346040972005636698334,aac85bbb61773f2c74b2a1e6e9ca1aa5,1
1.2.826.0.1.3680043.8.498.18825393854436144614202928260751418496,8534aa701802b8b922109455df747308,2
1.2.826.0.1.3680043.8.498.18848481788456572234982139368351538716,2b67c55ce8b1fa4f34d4658760bcf338,2
1.2.826.0.1.3680043.8.498.18879049235810379709186936621085221483,1828f4b56f52fc3909a8bee85f52de78,2
1.2.826.0.1.3680043.8.498.18899625751876258520147203904985857313,6bbf675e69eb8076073f27eba22e0a1a,4
1.2.826.0.1.3680043.8.498.18931107448953327254073392032141677797,43bd66cb0db1fa21e7f6c6ec0dc7db70,4
1.2.826.0.1.3680043.8.498.18968967345606818331567480514437075646,89c3002722c71c2e295d873985ff2386,3
1.2.826.0.1.3680043.8.498.18993960105596277135383396226525760874,a93b068676763f7e0f250a61440854de,3
1.2.826.0.1.3680043.8.498.19034825848229751701363461935217290295,5e0b1fa6ca5dfec6b3f8059c29007679,2
1.2.826.0.1.3680043.8.498.19104350033985745058396432133828748480,8a7a1f647cd587775b2f78f743ea0365,0
1.2.826.0.1.3680043.8.498.19124879088354547836118593585646705198,f035d312c9dd7e8280eb3f416b143d51,2
1.2.826.0.1.3680043.8.498.19178214677492694135853596920291058397,ea21ebc2da8acb1e2e934ee1c457b1ce,0
1.2.826.0.1.3680043.8.498.19183011851352129901149443549646899548,f81de85b2ef4bfb6966d8eb06af1177e,4
1.2.826.0.1.3680043.8.498.19194090255958016414082788444327981898,3b7e2580b42686a67f1e688e9775b1eb,3
1.2.826.0.1.3680043.8.498.19197037365998103318720742154440921358,0d67753b8ae93fe53d785f99c04bb85d,1
1.2.826.0.1.3680043.8.498.19198152070740205434848422424805073748,2401a22dce0a496f0a7b94d090f80248,1
1.2.826.0.1.3680043.8.498.19291375342005405073321673638971145777,9f57ad668f65a1fb77af7b182f629d89,1
1.2.826.0.1.3680043.8.498.19342628541833173544083802327412975225,b4a6cab7c17dd32400507687d6801efb,3
1.2.826.0.1.3680043.8.498.19374331384306309057311171252852774841,55945b42f6171042e21b834f5fddf84d,3
1.2.826.0.1.3680043.8.498.19419878169415950073207624537163068568,29578ef67c79368702a1473658345ad3,0
1.2.826.0.1.3680043.8.498.19439950168933299231685815631786334293,16b1cd052f12492c31199e2252a5c132,1
1.2.826.0.1.3680043.8.498.19486520578867272329833751210055639515,93e86451d0daac86ae16e050128ba468,2
1.2.826.0.1.3680043.8.498.19489875090732464985703624680756212359,4db729e31c4920a57570fcaeaa670948,4
1.2.826.0.1.3680043.8.498.19512754570664577075249836633718382506,3bcb1b3f193d260a1d8b8200f73926c0,3
1.2.826.0.1.3680043.8.498.19516545000256238042886469152307943182,176fa456b23f5c4db0a07dd3bef7e084,1
1.2.826.0.1.3680043.8.498.19573195389434178432956976770560221462,b3b74345469c28d5a7d2a79de11514c3,2
1.2.826.0.1.3680043.8.498.19592989024994864431870593504844309885,bf2c65fb2b174ce94cdd0c8d439b8a43,1
1.2.826.0.1.3680043.8.498.19601428113073026637547887698342670296,add3ad0398263121d266d745f378446e,1
1.2.826.0.1.3680043.8.498.19624674714110931897302481276137067638,9b5abdb367f775ba3dc84c93139be8a3,3
1.2.826.0.1.3680043.8.498.19706775737718777290660344285046025310,6656d21e064feccc2e0e3bc575ddb977,3
1.2.826.0.1.3680043.8.498.19722687746450343001601428638894755031,66f75e0c501c1044d3e142ddfdfb058b,0
1.2.826.0.1.3680043.8.498.19788612491138642031531719942303619648,0491da158f2197d23223449caecd409e,0
1.2.826.0.1.3680043.8.498.19813267030974842239752491935957206955,0e4b56c654488a0209351fe534d41786,1
1.2.826.0.1.3680043.8.498.19821498229702528191367700655079805824,6cc894fb296410d47c4b187523a61b1d,3
1.2.826.0.1.3680043.8.498.19830663206351645385520268848711462246,c6f86766bfc684522c570c77f7c0ef3d,1
1.2.826.0.1.3680043.8.498.19832308119617081676615236082965891208,21e72cb87150fb6cdaeb9c7cbb0bbae5,0
1.2.826.0.1.3680043.8.498.19845711038895023426012115550237130530,b2190aa56977855ca96b0150fbdae6b6,4
1.2.826.0.1.3680043.8.498.19871496221665809577186118817075295760,9261b52616abbaec76752a8c00da3e77,3
1.2.826.0.1.3680043.8.498.19887850741193535685529812263489892001,be85486ab77c7e5b632f0bf940993600,0
1.2.826.0.1.3680043.8.498.19895710326297085463251295629948896948,c5dffdb927a54afc9b984f69eca62b6e,4
1.2.826.0.1.3680043.8.498.19925337578871911327225897926650188274,f3267ae95b1181a5c0a5971421239715,3
1.2.826.0.1.3680043.8.498.19965044457637713843792494926652048462,97037ff8942655cb57d78c7a5e5428ad,3
1.2.826.0.1.3680043.8.498.19977273190231806393528180968361858122,951ac9b08bd8d3b1a38ed46ecaa5be2b,0
1.2.826.0.1.3680043.8.498.20023559426196341254845485444587607391,596b9a8b804b9dca60a132bef42a07c3,4
1.2.826.0.1.3680043.8.498.20063306448698185569553477478719533390,62c30947448d5d381f753e90301a22b2,2
1.2.826.0.1.3680043.8.498.20123813962665544845986028832159432587,b4a5ad34cad562a2f8c16581a34a2071,1
1.2.826.0.1.3680043.8.498.20134168618929769962391688049013971830,e1fd2c6476c07d94ce7648a530c62244,3
1.2.826.0.1.3680043.8.498.20156361590688072955579948030116579099,4bbbb8793b1ac7312ae3876ad212ff97,4
1.2.826.0.1.3680043.8.498.20184541870535223885310764061146422870,ac4f8a1f3288ff4055e53a7966057969,2
1.2.826.0.1.3680043.8.498.20192024727432864451309151144591371229,86aceb16ae97a27438b2683b2e750e3e,2
1.2.826.0.1.3680043.8.498.20196165276643741937915346646793735100,ae905de87d91525c93e1abb0c6cdb634,1
1.2.826.0.1.3680043.8.498.20204907530808218314127264658715054041,d584f7eb43f0701d20715a4c63fab07f,4
1.2.826.0.1.3680043.8.498.20232953944759707220316171133595554284,6c0507108d4a33ca93fdcb9d7009e43a,4
1.2.826.0.1.3680043.8.498.20266523169651039493799975212435349766,f26a0d6b5b59fa5ccdb2c4b70ae14b9d,0
1.2.826.0.1.3680043.8.498.20269296702024202621734017056347194499,c97922eb9d63deb3a825afde2a252aa4,3
1.2.826.0.1.3680043.8.498.20301796413163444642416918108994411350,96e568da81b7d0c0d2a000d7a02feea4,4
1.2.826.0.1.3680043.8.498.20375739629244657719385962474248679850,1989c661bd95df5522d4a499cdc1cc0f,4
1.2.826.0.1.3680043.8.498.20411068889491114730824265411248922690,ce25d08a3d7fa197e11096f1d1752abf,3
1.2.826.0.1.3680043.8.498.20427402498958253193571475926580142499,4e6ccbda254ae1be685e9f60cb6e848c,3
1.2.826.0.1.3680043.8.498.20472525526345683475357475395677168372,e502eff3d32d42f41426b097f0537787,3
1.2.826.0.1.3680043.8.498.20488337421252584047930242186072775007,c4ef6dfe24a92ac3fab4ef335c38413c,2
1.2.826.0.1.3680043.8.498.20509336519532058090925280050885010886,a31c37b4a447a1d4645feeb12dad6142,3
1.2.826.0.1.3680043.8.498.20521417572710861366819886462837836465,2b7be788df48e8998449f5d8811e98e5,1
1.2.826.0.1.3680043.8.498.20522330861615570894210641293344468905,a5615639c8ec4daff9fccaab6569f8e5,1
1.2.826.0.1.3680043.8.498.20587514285427671071934631922521946816,81c059f25d939e8ae32833ff8cc3dc42,0
1.2.826.0.1.3680043.8.498.20600318722531772866761132262772105640,19d1f9b9b5344e046aeaa2f4dbaccd8d,0
1.2.826.0.1.3680043.8.498.20640858366001462094044810443654811785,da3aad380dbaff9b8b0b064d5049c2d9,4
1.2.826.0.1.3680043.8.498.20690227395174139480327772367312879333,3a45dea19d81208aa49e9997661a84fb,1
1.2.826.0.1.3680043.8.498.20733151481921261415295204209910573639,a3acb21fdcc83d4aace3aef6d19cdbb0,2
1.2.826.0.1.3680043.8.498.20781255814255169306555078952156148784,abe2d8ddfdfe18266adf1aec587150bf,4
1.2.826.0.1.3680043.8.498.20801986011906346655458394198951999413,f82ceb5fd016a77573487045d7d4a3e0,3
1.2.826.0.1.3680043.8.498.20850785960533583051456342090773230767,d5217b9cd929cd0664858740c474ce65,0
1.2.826.0.1.3680043.8.498.20852351697358589606507109300359572624,d3f62e1e1966ec7289832f6262a56ed4,3
1.2.826.0.1.3680043.8.498.20859518005209632163032213488405671537,15f012fda720e8b1926bc5ff702ca895,2
1.2.826.0.1.3680043.8.498.20933151653103548000061448393771614270,62b72c6717f232f25dac5277fb66cc34,0
1.2.826.0.1.3680043.8.498.20947841686457891570351579406919873254,977ec3adf7c555b97e64cc006eea0746,0
1.2.826.0.1.3680043.8.498.20953536352252551462901259297974956430,d79dd1199cbc8bc912b11e2e7a3dd23f,3
1.2.826.0.1.3680043.8.498.20969353615978236040448556356026349615,3fb035faef22011d73f41d63e788f938,2
1.2.826.0.1.3680043.8.498.21012635480218712816069264326295410954,ac218fc3b2c4db61b9c3e95bdcffa32c,3
1.2.826.0.1.3680043.8.498.21024377993947321291280779867493407199,b495d4e5324b991e31ad95ce432629b3,4
1.2.826.0.1.3680043.8.498.21060274255072711241653174133146945101,77137d6b08c71a25d5c85e4d95c63078,3
1.2.826.0.1.3680043.8.498.21116046804798247223618072736212944615,9f35aba0414532187407447b87f617d3,0
1.2.826.0.1.3680043.8.498.21135201439483157418374033420156525658,7909398c9e5c1afbc069afcece242410,0
1.2.826.0.1.3680043.8.498.21142867813782396036287673290033987859,accf3fd0f47d01e9b6d91c2d5f687f50,2
1.2.826.0.1.3680043.8.498.21239630702461934662855021164119114203,4fd27455d16e186ed2aa982e4af9372c,2
1.2.826.0.1.3680043.8.498.21294732642571417618432023007693943849,3cc058de6e6d77a7290b4664a41d35a8,0
1.2.826.0.1.3680043.8.498.21312254534068992054745674608909722454,38fe5d9449df12de4c2fed206f699e4c,0
1.2.826.0.1.3680043.8.498.21322638458116180116030396109651929596,71d18276b65f948366c44772772118ef,1
1.2.826.0.1.3680043.8.498.21389336408905524316915532623385847283,d643c44c63fb56c6ecc127634d3b2050,3
1.2.826.0.1.3680043.8.498.21403015320378798778538823075316902483,3338f43b28dba87321980037e79cefb5,3
1.2.826.0.1.3680043.8.498.21413285047211074156709106352750752275,d21d3553ed462c551970fa57a42a1308,3
1.2.826.0.1.3680043.8.498.21449012857520712901884874638467532958,7e642b8868eb1af041465c83840786bb,2
1.2.826.0.1.3680043.8.498.21478660341431677113136859217606773871,78584a2ecce93b8be908837f91bd41a3,0
1.2.826.0.1.3680043.8.498.21520719119040558609068952147312604007,a97fdcb049134a5ab6b0534a3912709e,0
1.2.826.0.1.3680043.8.498.21556073772857867149576001337847113661,d1438f6f7a147e1f1f49bc9289977b4f,0
1.2.826.0.1.3680043.8.498.21558570608416990974711670673431746511,4102c7dfa8d79314514971af0b989ab5,0
1.2.826.0.1.3680043.8.498.21584859831565112159503971937497384030,cfb8407f38bb4b97f09ca176bf30deb4,3
1.2.826.0.1.3680043.8.498.21605506484276750075895228202564072044,8f63aa2dbf9f68f05956fba0959a58ab,3
1.2.826.0.1.3680043.8.498.21606196343708804451390109412118036330,385faad17e32fb1d7c92ed526be20c89,2
1.2.826.0.1.3680043.8.498.21634792491972658759276025394685307053,ed35a07694504df3aa6af0cfcaf7763a,2
1.2.826.0.1.3680043.8.498.21636337451527049130190928852193267826,cbb83dea5303caa9f2d00b500ca8c7c9,1
1.2.826.0.1.3680043.8.498.21726746202429506433532477857404854137,08872f49305a269e83891b4b5b2a8211,2
1.2.826.0.1.3680043.8.498.21769352980698937182060933429354012104,155745b61232e2500419518b2ca946f1,0
1.2.826.0.1.3680043.8.498.21798342483930597563659425189400765869,0dd9b8db941e3dc5a7901683dc55db55,4
1.2.826.0.1.3680043.8.498.21862609534273524003153225756948913437,0d69f91e916078a8dd3d06aec2cec6a2,0
1.2.826.0.1.3680043.8.498.21868734450232158209414868901539475548,2c25a630501d42cffdf835e9e5dcde91,0
1.2.826.0.1.3680043.8.498.21874562538764236819894456417694074673,acd16ff17fca25cd0ac61a63c910ca70,3
1.2.826.0.1.3680043.8.498.21904421326144238681996713485932410596,9cfdfa75f417b5f851ee2dfc099cb18c,2
1.2.826.0.1.3680043.8.498.21937000442536121262190458446148124910,4e96aaf524e0561250a37f03703e2f22,3
1.2.826.0.1.3680043.8.498.21954482915702797371609582020715955762,3c3cdd5b8a99f9a7c8684cefd794624d,1
1.2.826.0.1.3680043.8.498.21991252201684723900045301917670383228,37e53ec87dc3e9be67c9d6a3cfd3fb66,1
1.2.826.0.1.3680043.8.498.22007253197523827371600763959266047295,02ce7c95447e81999115f7331fc7d441,3
1.2.826.0.1.3680043.8.498.22025729757015485203756049440674914537,13a0c2968d4b89897a21bea24bc839e9,3
1.2.826.0.1.3680043.8.498.22027914323057444746912555313058666950,be00c341b7de2a436dd9f2b1ed80e8bd,4
1.2.826.0.1.3680043.8.498.22053727963380087706894183799325067544,cab57a6fcab5e69425c783a87d568005,0
1.2.826.0.1.3680043.8.498.22057596860528658818833903685827585805,df4b8824027de83e139502fcc2e0b189,1
1.2.826.0.1.3680043.8.498.22088734384869383587217556574382319654,02f23df1ad170e119de5b23d8a696123,2
1.2.826.0.1.3680043.8.498.22109739962224309418874538994436903404,e6501d8a90e5265ff40d7130a12c1744,4
1.2.826.0.1.3680043.8.498.22119720417177816110156744770171496965,c16b9d68e4c6a5ff01cda1f30b452c46,0
1.2.826.0.1.3680043.8.498.22126824950877890715014783370071292997,0188590bf33480e50b300ccd53d2a075,3
1.2.826.0.1.3680043.8.498.22135282054716841452811687331325271982,e4123bca73baf4775be76ddba2eaa867,4
1.2.826.0.1.3680043.8.498.22137222939487357840166329770642627189,43539a3d979a1c3ad2c307a8cf46e437,1
1.2.826.0.1.3680043.8.498.22249763791584161324425922920269052844,2d39fe9a48526f8124b963a3aeec3bba,4
1.2.826.0.1.3680043.8.498.22263857526032448247006468310072414129,87d588e09b59b1f2589e556e513c5e3b,3
1.2.826.0.1.3680043.8.498.22275537949387641831010030150398063643,11348a73f87ba8cc168d8e202a1b9655,3
1.2.826.0.1.3680043.8.498.22338400095583099753286935111647807038,75642562a09dfca67dabbf8d8139d6ff,3
1.2.826.0.1.3680043.8.498.22357754074308826479280023393343731000,1d9a06ed11ac9a3bf2403effd79d81de,2
1.2.826.0.1.3680043.8.498.22394208178597637441149549895512290013,cacd298bb77e6bee62042cd82cb21184,4
1.2.826.0.1.3680043.8.498.22398041676780235097751294563297953841,85d3f618e36929e19255b8a11eec3d5b,0
1.2.826.0.1.3680043.8.498.22398731807962276404889164827238996005,89c6dc30b0172beb079d3c06ef8389e4,3
1.2.826.0.1.3680043.8.498.22407175411826914385667795929161924645,5085ed22fa814dc8da2c9aa9e36425b0,3
1.2.826.0.1.3680043.8.498.22426390571898968732573184721547490379,d41c8763a2a81a25649440d1216a6545,0
1.2.826.0.1.3680043.8.498.22456525904575663955604077506103354060,3fa9ead0a15f8250d95ce1a9ccb8f582,3
1.2.826.0.1.3680043.8.498.22480218016816209183384996714060953859,c56dc2fb97f0d5bab505f26b61d32ecc,3
1.2.826.0.1.3680043.8.498.22508124641661887430614105328316053644,fc12d81e48e858b0c015098ce0ef9f8c,2
1.2.826.0.1.3680043.8.498.22583985355672251619550173090948161714,c0b2d55b539203fd419967a4cfc84a4e,4
1.2.826.0.1.3680043.8.498.22594249996322566888700984133307337128,4489db5de5487185f0adf7f17b947dfe,3
1.2.826.0.1.3680043.8.498.22594742481654038247097269358877852869,ad832e35d7bd495db9e6949b08c9a1f2,4
1.2.826.0.1.3680043.8.498.22596004572382994883130705870731193046,d85faf27d72dda8e42b6f81cd8f3ec33,1
1.2.826.0.1.3680043.8.498.22617494262793136174349268379191631799,e9802046ff180476520f3d804f04d265,3
1.2.826.0.1.3680043.8.498.22632919018724241015271844108954804020,bbbcf555aa5039a6d748cbbebbcafb90,4
1.2.826.0.1.3680043.8.498.22656222254273662937226093008714426490,f446220fb3610e1c0f26d6dfb0fae563,4
1.2.826.0.1.3680043.8.498.22678957404909201599340396039237525550,9c165e340e459876b5aa219d0c26c4b6,1
1.2.826.0.1.3680043.8.498.22684505799921376181913295621462268931,fbddecc03a8a15b8651172cb0a61b752,1
1.2.826.0.1.3680043.8.498.22803020644232321685575897661362804423,63338df84b2744778d0367966c75eb33,3
1.2.826.0.1.3680043.8.498.22867776500261605752195206933939172136,9a439e9fb4f24557f6c32eb3f09254fc,0
1.2.826.0.1.3680043.8.498.22886251629508830700774506697670139848,20cccdcb6fea27a3abd3e2f0eb566cf8,1
1.2.826.0.1.3680043.8.498.22938598188283919466040132624303635817,82330388a7e4b1cc0419d04f08269bfe,1
1.2.826.0.1.3680043.8.498.22985467719058223198642920273233975053,2544dbe827e954b61c2064aa65ce9c58,4
1.2.826.0.1.3680043.8.498.22990786875064680564672188701015740170,8bb7044753dad51f64a94a8588d7b430,4
1.2.826.0.1.3680043.8.498.23043120269252616884307662769766701449,b0a9884c7b76a42ce2211c29e0fc30d3,4
1.2.826.0.1.3680043.8.498.23046618786812839762801821364158313134,a08fcfaea820db08c1600b34d4a6f559,0
1.2.826.0.1.3680043.8.498.23063675880057833741455102729816364091,5f1813fa59baf0e58bc4b5f040666bd7,1
1.2.826.0.1.3680043.8.498.23065868481290440008286663193810913414,330a2b86686db2adcb860ea719c25b63,3
1.2.826.0.1.3680043.8.498.23073694267101759922738121732233014980,f99e4b0012995c3fa455b86d6146d874,3
1.2.826.0.1.3680043.8.498.23081294963277525274551516232134221416,e5777b1291caae7be6c6baf7dbb130b3,0
1.2.826.0.1.3680043.8.498.23094733099955217022059584418468076048,bc65672959f1bccd714cfe80d33fc2c0,0
1.2.826.0.1.3680043.8.498.23107903961514228607587963030481481744,015d2f68cda11dd91c8d7dc7f10daaed,4
1.2.826.0.1.3680043.8.498.23166300530486600338569917595744444657,0a99d8705a72551a7b5e568e5053fb64,1
1.2.826.0.1.3680043.8.498.23182005205627494484490011351673355568,5b4682d102e67fb2de8540b5b9925517,0
1.2.826.0.1.3680043.8.498.23378338408981699466914366379590099738,4aa14c66e5a5eb2456f54080701272a6,2
1.2.826.0.1.3680043.8.498.23394601328148358087542766577727876635,c0da8fa4a5f3d8e1df83c1cc1ce05ef8,1
1.2.826.0.1.3680043.8.498.23409201792139701921731647470152180932,20d8e3909eae370fa27a188497d5ee8d,0
1.2.826.0.1.3680043.8.498.23422918444346962998731376196027420200,df3f626cc509d56fdec0ecbaf5ccf1df,1
1.2.826.0.1.3680043.8.498.23427198594727947883953289189443006288,edc393c8fea3a3287cdc2b34fc251220,2
1.2.826.0.1.3680043.8.498.23518857399095666263158269685495375084,6c11d1f8396ffab989ab479ba982df00,3
1.2.826.0.1.3680043.8.498.23523176367321534630723586470190430254,1f111b6ff2622162d633e2452fe507f6,2
1.2.826.0.1.3680043.8.498.23677916081296740815989149501889343663,9e4b6a9fdfed2a7b9998d7464e25be09,0
1.2.826.0.1.3680043.8.498.23686732555936573712275826587678502899,4a3748a748c6d8435e71ae38eede02ed,0
1.2.826.0.1.3680043.8.498.23703817737293327679300330167234268929,996ac7c986b943ae3bd771020af882a8,3
1.2.826.0.1.3680043.8.498.23713320796530316370039202981138376061,639fc4726330ab6b3482e47ac10c41d0,4
1.2.826.0.1.3680043.8.498.23719982492392272262684855675016475265,96a0adf7c2f01ed2b929820f4fc4331a,4
1.2.826.0.1.3680043.8.498.23733147518259581649562651915997449088,3cad3cc8bfc5b60f582be25837a781e8,2
1.2.826.0.1.3680043.8.498.23757007145576852496599816072431075057,b04998e4f261cd62a2625ee3c9ddff87,3
1.2.826.0.1.3680043.8.498.23822313132245448173452915228147497501,bbd76c10ed4950a8674595217bd8b60c,1
1.2.826.0.1.3680043.8.498.23833933822461809237193998300076847210,89aae709c32801c32af3be02cfdbfb92,0
1.2.826.0.1.3680043.8.498.23849672490426589132734390202638283865,8e3c968b99d2b5e7e74cca1472e00ecb,1
1.2.826.0.1.3680043.8.498.23911658810234305013984976739924353704,a3883b7dbeb85faa7955a26c83de491b,2
1.2.826.0.1.3680043.8.498.23939313916974849526459717576344063277,0500c5e757f18de8e357375eb02d73da,4
1.2.826.0.1.3680043.8.498.23956169649865635269920565218680494366,c07223d3770df9df20a5de23efe49876,4
1.2.826.0.1.3680043.8.498.23986051274386630509877205174270047762,810f7b1cec11b8ca5332926d35e63b6b,1
1.2.826.0.1.3680043.8.498.24012076387083114283116476459425015413,e58c029347e1dd5dc5a69178e3161be1,1
1.2.826.0.1.3680043.8.498.24068239310155798723127213793623172530,aefd193e0369d921c2c1e7ab14bb757d,3
1.2.826.0.1.3680043.8.498.24101792822866991033671006059283560916,4f7c06433f826585823aaa5a29335bc4,3
1.2.826.0.1.3680043.8.498.24126422042626612740219325272793737656,4263580f5cf01492dbb86285a8508dc3,0
1.2.826.0.1.3680043.8.498.24209643225939781032698894992032106781,8535f9bba81cfe561bf6435f5166cedb,1
1.2.826.0.1.3680043.8.498.24219103446788192052503003052696523200,796fe0bd59ebb19e24544d9d958e0e1d,3
1.2.826.0.1.3680043.8.498.24220732394554303343522053195582322788,60f7341ee7885ae2e759826f9a7d4a18,2
1.2.826.0.1.3680043.8.498.24267153760943721146187182369810590631,e20fbf18da8433c4dfa4eeb8ca91b38a,4
1.2.826.0.1.3680043.8.498.24283484945988825507450239904606754405,01a13bca91b70dc244d35f5b3f8a8ee4,2
1.2.826.0.1.3680043.8.498.24291465113360632954006568021942978765,9ac537874662fa9c125492e046357491,3
1.2.826.0.1.3680043.8.498.24302889622350917085868032747474929504,92e1e6b4ecc476f593b8f47ae7996502,2
1.2.826.0.1.3680043.8.498.24313647347273496316728514161733307557,42d3b60a2476729139cdc931571a25dd,0
1.2.826.0.1.3680043.8.498.24369332907731805266450307536793220148,85b29533603ebc4ae6951447de6476f4,3
1.2.826.0.1.3680043.8.498.24432243084670627958434695475653885175,37d47e41a868014533debbf79cb2e229,3
1.2.826.0.1.3680043.8.498.24478195415117310702720951368429189290,cab04d19de46e61f42dccc275c086822,4
1.2.826.0.1.3680043.8.498.24502332819381293694020055836255028614,1c80f5c90f6713e14ccaf7116b1f169e,3
1.2.826.0.1.3680043.8.498.24529300482982370922479679056174585978,590864a5724c4b2655a102560dc6a424,3
1.2.826.0.1.3680043.8.498.24555528844026121007453886375651403314,694bc1f5bd999d4b0b5b6d85ff90ef83,0
1.2.826.0.1.3680043.8.498.24563801799946310644914912532825629118,4572a8706b204667abfc75770dd3e3cc,4
1.2.826.0.1.3680043.8.498.24588524807799377432185260702152371503,db3e52a605c1f88cdbcb1c9b7f36f707,3
1.2.826.0.1.3680043.8.498.24635589616467409099788838058892886889,40ac8a834ccaaa9fd53831464ec59a05,0
1.2.826.0.1.3680043.8.498.24661137747502154216858169258339731263,36c98146f005fb226e96fcaf3f861f63,3
1.2.826.0.1.3680043.8.498.24679905857546029995247839380830345841,fcb1b49e6095c9d606b939727528c702,1
1.2.826.0.1.3680043.8.498.24680736086205072406257935876858402593,13ea8e984eaabfd528914d20acff54c2,0
1.2.826.0.1.3680043.8.498.24714029982431301486050388345836960910,62fa7f26f8946e9192d84116b3a7c6eb,3
1.2.826.0.1.3680043.8.498.24758830794084473905762034032291806038,4dfb7dd5c5c8bfe055ef55987e110357,4
1.2.826.0.1.3680043.8.498.24808246532191535554375304081795021306,adc608af0970cf7b02c7aeaf5c537f59,2
1.2.826.0.1.3680043.8.498.24826041178550854190310664677274404684,8d83ea1110ad2a6ff13f7dbacde364c0,4
1.2.826.0.1.3680043.8.498.24866943620580666216571030343221534720,519667b4855c3947d544704a2b2c6182,0
1.2.826.0.1.3680043.8.498.24872746733270791851241663716306993824,ceabbadf78115619f165349f2f98d02b,0
1.2.826.0.1.3680043.8.498.24875052319550288230112434151792125187,0727d66c66a12245a317f855ef9a030e,3
1.2.826.0.1.3680043.8.498.24940437326555494150792221007907527983,30b4bd57682d0ddf8f07da396d976932,2
1.2.826.0.1.3680043.8.498.25006652485159423287561656594171884310,a371d72ea40ea5c0511cbbc4f102a6a3,2
1.2.826.0.1.3680043.8.498.25010661650105533302140829168731585935,ae454498f52ef240b31f20de2e804e2a,1
1.2.826.0.1.3680043.8.498.25088333117273619121936521384053709674,8d83ea1110ad2a6ff13f7dbacde364c0,4
1.2.826.0.1.3680043.8.498.25103708168569906591706406794385334861,86478ff653e43c5b7c7e831a3cc5dbfc,1
1.2.826.0.1.3680043.8.498.25107837907285885353845034555062540189,e1e773f4906b8d2b5868fbb37c2be1d4,3
1.2.826.0.1.3680043.8.498.25145588904873072866960435474159832047,4dfbfdbac6cbc9c23f36c7303b791812,4
1.2.826.0.1.3680043.8.498.25156207169523051276979595262558652072,6459c50d0249aabc4b35c30ed90f618a,4
1.2.826.0.1.3680043.8.498.25167060436407065195851060078175404789,5a8ebe83c16c855402d6c4a890d48a6a,0
1.2.826.0.1.3680043.8.498.25188196199869378521949969245728443004,7b98fbf5ba9378e9292a33802526bb8a,4
1.2.826.0.1.3680043.8.498.25196393144875332073285250936506555534,12c40c39b01d9a4210cf0b72fca681a7,0
1.2.826.0.1.3680043.8.498.25206096958520407302630747466352252249,966727e681b8d13fd1a3beb6790fefe2,1
1.2.826.0.1.3680043.8.498.25252553477605568387898480443616118724,c8318e80bcf2bbbab9ad4d32142f8bc2,0
1.2.826.0.1.3680043.8.498.25259588756496584739814764896903786709,caa066ca643828cafb54e7433dde272c,3
1.2.826.0.1.3680043.8.498.25266231062774974303723359806535863810,dcd24ed6b4f4eebc364ac6476dcc4f8e,4
1.2.826.0.1.3680043.8.498.25292715244575997322139502072242615319,b533fe0e5d07c34343a6855bb0672ecf,0
1.2.826.0.1.3680043.8.498.25359770839263995354733835365510047109,681286baaa43aae2bf26a1a3ced03b28,2
1.2.826.0.1.3680043.8.498.25394815405242666778213609728680620077,733c960eea18c0a5b55806a35ded30fb,2
1.2.826.0.1.3680043.8.498.25431207706481141354761246438973384670,2af16ca2b82ea29faf4113570c320339,0
1.2.826.0.1.3680043.8.498.25440342930186170531037102906687829898,6f76651f27e571beecfd768c60dce7aa,0
1.2.826.0.1.3680043.8.498.25480883220477368504575353972328124891,ea0cc22f96d70a217846fe38d94a38cc,2
1.2.826.0.1.3680043.8.498.25487225187305802150215261512092051199,4438d51bd14752c77c58ce00c8ab4059,3
1.2.826.0.1.3680043.8.498.25505153402978560400776672230220616863,67b08f7d54f4ad306a00d029774a3997,0
1.2.826.0.1.3680043.8.498.25512240159357553134500245590935010104,05d04ac46a752c2dafeefc6194c4b10e,3
1.2.826.0.1.3680043.8.498.25549974159486441938843396591725289882,bc255760dcda1fd7c8c70c9194442e3a,2
1.2.826.0.1.3680043.8.498.25550871519416839807700061317524004550,cad6d6cfc47c2ec474e8bb4429ebd46f,4
1.2.826.0.1.3680043.8.498.25558526735614916746398919603493693652,f6ae234fe1a23663976436f92f3529ff,0
1.2.826.0.1.3680043.8.498.25604547074218147115077644853162295379,fcd3502ee3a07bbd7dcf848fe03e0db6,0
1.2.826.0.1.3680043.8.498.25616615589791001678067099907823838797,4d9947abd17d818565f12528d63fd63f,3
1.2.826.0.1.3680043.8.498.25635522141852534580088120697977308505,b0a79ac07d1464e98e97dd79b160aa82,0
1.2.826.0.1.3680043.8.498.25643897330283020467388814112594686690,c5b2c84af78284a7e2e1344e8f2777fe,3
1.2.826.0.1.3680043.8.498.25650384476012633612528314070894186451,f8ccbcfe0eb957437d956340623097f8,0
1.2.826.0.1.3680043.8.498.25663557443141366332431300959089922567,53bcdce6763a72352b121491bdc3be7c,3
1.2.826.0.1.3680043.8.498.25663827732039068221184137540713755716,dfb0c7e18fbc018a1d7e60bde041ad06,0
1.2.826.0.1.3680043.8.498.25679930222284447338484621953345520487,6bb68e2227b3aa4e7b5cfb36e36bea5d,2
1.2.826.0.1.3680043.8.498.25695966186129395049687747156570466645,3275b3c0e8175ce966ee07e2692e6429,2
1.2.826.0.1.3680043.8.498.25697539332996211770844878649053316629,9cbb791e4ae41e63f5c8044df6830e2d,1
1.2.826.0.1.3680043.8.498.25758766525934930593672922246867704103,53143b96277266c509645949b3262881,0
1.2.826.0.1.3680043.8.498.25765711614507755527825654507920391096,cc0685b5a2538ce607fe48bcc51e9ccd,1
1.2.826.0.1.3680043.8.498.25766387275525303860953321689718246405,36930cebba8c3d4db19b412faaf84313,0
1.2.826.0.1.3680043.8.498.25766673238950703352855821505938941878,3655962984354b6657af0bef94d14a22,0
1.2.826.0.1.3680043.8.498.25792216289349936450377008453709520260,c226edd16a62ab099e22483e7fb6f949,3
1.2.826.0.1.3680043.8.498.25815857653380672532983223088817283976,c86b599da5743e5bba53fe6940ecee8a,2
1.2.826.0.1.3680043.8.498.25818541516137783435601858274495597736,67261a7b7efce8f61d4148d9e499aa84,3
1.2.826.0.1.3680043.8.498.25856396695552621816673203639618612020,341c82be18852376182816cd1454f383,3
1.2.826.0.1.3680043.8.498.25899681172115698926926115441929702502,f5961171404193fd056473d94c599252,4
1.2.826.0.1.3680043.8.498.25904473139226718487560978103077541725,3d105dc7046f6b10bb9aeca2e0d0947c,1
1.2.826.0.1.3680043.8.498.25909078145370189195643713208718315003,3e87f854da7fd1c930552fbe756e7e86,1
1.2.826.0.1.3680043.8.498.25928779639851562853500186715690156268,0851867142f3484b77e5d548c5b5216e,4
1.2.826.0.1.3680043.8.498.25953117039631879376428439063599611036,ee4bf665afa00a0bfc7f3afcf56369b3,1
1.2.826.0.1.3680043.8.498.25977532612504997807641730439567378227,a906f08ca652e59424c0f9b8a66deaa3,4
1.2.826.0.1.3680043.8.498.26002972602557466222471260313257965551,307eb4285c9a921cea042a057274a1bc,4
1.2.826.0.1.3680043.8.498.26004572902429209855865822977387283547,852a528d38920e3a2b1b34df0581e9a7,1
1.2.826.0.1.3680043.8.498.26006372873438224908989402529530833528,5708587bedd38189de143a95f6f1c868,2
1.2.826.0.1.3680043.8.498.26023120405608635089544039694812003604,c227ebc3a0e16594b0b9d3eefc7ae0c6,2
1.2.826.0.1.3680043.8.498.26066524302907849854339129271283426208,50338aee5f9919e9899d7383e3fd33d2,3
1.2.826.0.1.3680043.8.498.26072622476167889001255150030772906081,3cc8d3f66778032653dbfa889a0da5f7,2
1.2.826.0.1.3680043.8.498.26150637525321126007832687915610995568,1d7bf8dfabdf639bd568d700f8471f9b,0
1.2.826.0.1.3680043.8.498.26201626427712146573573952548179938304,612122d11a6bc40b0b9323309976b3ca,3
1.2.826.0.1.3680043.8.498.26257425287121280175418060407044075705,a1b26064902d539b703282c5ca6bb2c5,3
1.2.826.0.1.3680043.8.498.26266119962108543565575361589492142091,4b5cba341e25c9edbaf8eb0439d86628,1
1.2.826.0.1.3680043.8.498.26325951519908477683595799515094966069,cd6cd353796ba1761cacdb5cbdb69285,0
1.2.826.0.1.3680043.8.498.26333849754345698117396119042432557445,54881aef3271079384f169a11c79e8e1,2
1.2.826.0.1.3680043.8.498.26351577824204863242390892891061594387,ebdddf662a8583a2c9cd0ead048b3bf7,0
1.2.826.0.1.3680043.8.498.26373657290121957625263322898744712730,45b2772062dde6e902c9bffb878ccaef,4
1.2.826.0.1.3680043.8.498.26408081008482310696738068933718440200,c2dbf61d1c7583289cbdd50b6a8c8ae2,3
1.2.826.0.1.3680043.8.498.26431974442245797095978351976773354669,b6ddf546eb32394ecb03ed5c81fab639,3
1.2.826.0.1.3680043.8.498.26474456265903975319674669470473661691,25b783c002b0e8c25c647919ec26b2f5,3
1.2.826.0.1.3680043.8.498.26485916396240515006042297316506505324,89c9d9e79f950c48456fb8581fd1c1e4,2
1.2.826.0.1.3680043.8.498.26512333939158074470511885252122191522,cc5ef9ec1a2a3dfb31d4ff42645fbb5d,4
1.2.826.0.1.3680043.8.498.26536992666456596813876340849399448897,88efba07fb4280431d526d83f2b83698,0
1.2.826.0.1.3680043.8.498.26542435427465415008860869796504112727,c3efde3905e4aea05fd5a81892149d0d,3
1.2.826.0.1.3680043.8.498.26619973716086136503589916868066348957,8f489d2360d63a253e5f7fc9797d7cd6,1
1.2.826.0.1.3680043.8.498.26651323353208729423825552073457972796,1371a98532324a15e13581f8269ba337,3
1.2.826.0.1.3680043.8.498.26698126402727061400851465377574886112,6de824d8418e73bb9207a3a6ca32bd4e,2
1.2.826.0.1.3680043.8.498.26725172078893286313351418435377708028,dce73c02de61a004778884aba073d112,2
1.2.826.0.1.3680043.8.498.26790702379506190936834447203448882465,229d5bfa5d82a89245258c036576cc2a,2
1.2.826.0.1.3680043.8.498.26792665054823243997838322477587733719,59679e7509dc3dcf40bbf5d04b49b363,0
1.2.826.0.1.3680043.8.498.26842258746390750314059176647398369242,80af1556bfabcb29ea6deb16f6ad5431,0
1.2.826.0.1.3680043.8.498.26843088620128166809417361066548447201,92312a5269b50c28089f00067fb4276c,1
1.2.826.0.1.3680043.8.498.26848412380762311150802301982233072694,2ee61910ea585cc9458c0b24582c87ce,0
1.2.826.0.1.3680043.8.498.26875920364303755911342338961252130512,102c510e982cfe6526321d07aceecf1a,3
1.2.826.0.1.3680043.8.498.26880562799522930458745136318439622601,0051b42db2daadea93c9e177cd8add29,1
1.2.826.0.1.3680043.8.498.26946980494141305258556994153410856428,b0df8b3f6eef1697919bb96aa93bb347,3
1.2.826.0.1.3680043.8.498.26978027400525885904983020900996228004,5f157af67b229cb0c08f2e71f465bebc,1
1.2.826.0.1.3680043.8.498.26989584479346775218799121753035575730,4d83a949bb297bf7fe2dc941a2998616,3
1.2.826.0.1.3680043.8.498.27020884753639915245324093232218617967,4c88d877ff5a06aee7904f90b9930ae6,3
1.2.826.0.1.3680043.8.498.27023892731021470476500135946317920771,095ddaf638e2a8d83047e59bb614f520,0
1.2.826.0.1.3680043.8.498.27025989808002468335294585261291982661,4e0bf916e13c77cd3da70d1c74954c03,4
1.2.826.0.1.3680043.8.498.27034189091164693165076510006436405194,cfcf50234919a1867437eac0da6a054f,1
1.2.826.0.1.3680043.8.498.27059975738703546675398620281849285863,a01ebc65f8d84e600e03bbc01cbf2867,0
1.2.826.0.1.3680043.8.498.27157074709305277871045901905120405881,e01a2761347bcba0e7a5b06cacadf927,1
1.2.826.0.1.3680043.8.498.27161418589407291713644384596541786246,a3ee31defe40cd6119358080b55e3bf8,2
1.2.826.0.1.3680043.8.498.27184343589256623289925252380526385858,8892a21f45af2480e0093f66c6c8e63b,4
1.2.826.0.1.3680043.8.498.27186001621007168581611489439038285508,b383831fd0746a1efbe83fe2be841136,3
1.2.826.0.1.3680043.8.498.27191574009501966309382307682020135126,952a2b6912ef56731868e8a9fda4988f,2
1.2.826.0.1.3680043.8.498.27192678730060203972082511503480566620,b4b26e7fad7bba3491fcdfa54e991704,1
1.2.826.0.1.3680043.8.498.27197413293500684424735285039923168926,2dfaca0c221d7dcf7a876a5e2a0ef302,1
1.2.826.0.1.3680043.8.498.27224327142578332905227939015479767285,751a7133739f5bef8331e9598fc9b0e4,1
1.2.826.0.1.3680043.8.498.27245171350765293537022546751529180545,92d4a18f66a787794bafab6b4e444d33,1
1.2.826.0.1.3680043.8.498.27306039618857661522863167157208122018,1f67e1b877f1572e7413bfbb0d38e6e2,0
1.2.826.0.1.3680043.8.498.27311413427137994435573903541974122355,3c0ccd4e8cbe9790f95a74a098ee5505,3
1.2.826.0.1.3680043.8.498.27319908980978184820438244981035567211,4775f4083645fc256cb3bd08408423fc,1
1.2.826.0.1.3680043.8.498.27324284859290040148888098857880927353,94c9dac8f6713f7aedb4f952f1f5f510,4
1.2.826.0.1.3680043.8.498.27339999385861467858422021400023533486,ac942343e5936fb3c4e2acadd6c03ef8,3
1.2.826.0.1.3680043.8.498.27398034409980350921804398626171135707,9986271c41f5b4a34c33e76f5d4edfc0,0
1.2.826.0.1.3680043.8.498.27422742748182689233651649793019570511,b8cf179e67bb206da708758ad132ed4b,4
1.2.826.0.1.3680043.8.498.27437263843446879932281897446100134924,7f92cc764f680b5178900048868b54ff,2
1.2.826.0.1.3680043.8.498.27456622705361831116491505615162380604,92f4887028078e9b90d286b6f7392a24,4
1.2.826.0.1.3680043.8.498.27460982183399364904497832933739191826,c5cd0e7affadf74a92daf4337e358309,4
1.2.826.0.1.3680043.8.498.27474440682441854303485403899867525864,229bf7f64a1cb0f36fcda0e9c473625c,2
1.2.826.0.1.3680043.8.498.27593710915588175306316595263625481601,cabc113ac7d09324c70a43194b991a04,3
1.2.826.0.1.3680043.8.498.27627190971637735537007595480396264063,13d80cd362cc37b28734d4db70906189,4
1.2.826.0.1.3680043.8.498.27644321991318957631114727895883331622,f85646000186b22740707ea9754dc8dd,3
1.2.826.0.1.3680043.8.498.27653320597564308144389724321115208375,777c0f7060c79ec08c0f9f36ee5d42c2,2
1.2.826.0.1.3680043.8.498.27655410895168998898506695863000928400,b1bff9df5dc1c7121cc008f1f53cac83,1
1.2.826.0.1.3680043.8.498.27656830051511853680197276412365020780,729c5a2de0b03658e72b79a8e22c1cdf,0
1.2.826.0.1.3680043.8.498.27671779587445983390840223475173360482,ea0c7182b98978d46ee9e59fccb92881,1
1.2.826.0.1.3680043.8.498.27681651277422558344520227187021583924,78314843ccafd8f5fc556a30cfbdeb89,3
1.2.826.0.1.3680043.8.498.27710718386318170070605046744941324421,db97944ca3cecea62a6ad354a3bef7f9,2
1.2.826.0.1.3680043.8.498.27723413941379681806317930349613970721,a36a19b8563ceb40361ce15ff1c5baec,2
1.2.826.0.1.3680043.8.498.27723573213501259053792522608339812759,38c6942f06ec0cdd966b40c84090909a,1
1.2.826.0.1.3680043.8.498.27737101979486411869208236811885597351,951d7f690f3d4c420a8eda4626fb6ead,4
1.2.826.0.1.3680043.8.498.27793455627426963285485957211105588905,fa8faf7d2b2a87d17c5f17959d4bcc9b,4
1.2.826.0.1.3680043.8.498.27796604203156439069742212039368371002,4cadb8053a429a30b7e5be2c18477c7f,2
1.2.826.0.1.3680043.8.498.27883371281368994280894952749865160316,4c1580883dc6cab7ecc8eb50abf8cd7d,0
1.2.826.0.1.3680043.8.498.27890860883826681731748268459485259935,f6946b30def808edc7397555e250e337,3
1.2.826.0.1.3680043.8.498.27921111050680927418542588425335218896,de3269e7d35b50d5957255caa4baca16,0
1.2.826.0.1.3680043.8.498.27925145307825795804342879375835424449,920314306f3f1ef36fb80df22001dbc1,2
1.2.826.0.1.3680043.8.498.27934397251575987048967084987994202973,3a29fc0ff88ed79af9a21d76e0547b23,4
1.2.826.0.1.3680043.8.498.27946605663086243142356841956045514227,ce52d0e40079fd8e94ab91fb0d27c118,0
1.2.826.0.1.3680043.8.498.27990965288663885936880638302158503894,a9f5eb66c7e53cdc258609e788ba7672,3
1.2.826.0.1.3680043.8.498.28011057282528460306257420499560926354,d17fa7bf9e9727aefabf86c7df8893ca,4
1.2.826.0.1.3680043.8.498.28023795363827851445172311810918021563,846d1b83582a5f832dc30ac8cee90a9b,4
1.2.826.0.1.3680043.8.498.28028890493668487238845659163252231337,4f9988cc14580c7c58377c5eff1f6aec,3
1.2.826.0.1.3680043.8.498.28040645186226259590182363324146810031,6ad528ebbcadcaf15fe727bfab787de2,1
1.2.826.0.1.3680043.8.498.28045606887691550130031344985830975325,4ee7d0f44d30ca3f154a10f06fb7925b,2
1.2.826.0.1.3680043.8.498.28132506470634542229651932141193521661,c0fdd20ce6732f7d2fd858af92159d55,0
1.2.826.0.1.3680043.8.498.28134711422142706763867845558971485241,6a34f2249b001ff44cc1546fa5a52c72,4
1.2.826.0.1.3680043.8.498.28153286315438977482271934270979508349,a8d7a73af934a2f2cf36c4cfd1385d85,4
1.2.826.0.1.3680043.8.498.28218476802410349760103243990109474475,f4776a295f2c835b100a93b2ccc8991d,3
1.2.826.0.1.3680043.8.498.28220626968612492259133318770141901567,f82be4d2d6a3ce02d494dbcf03aac367,1
1.2.826.0.1.3680043.8.498.28237068093947300427040925444622840795,6a8af61de8418df0022b767b158587a0,3
1.2.826.0.1.3680043.8.498.28269350392124251309834584420564806882,6de834445e4816ef7899d828b19fa539,0
1.2.826.0.1.3680043.8.498.28289838818003822677994912735532050038,43c59cb8d7c05477b375ecd4e7d3e27e,3
1.2.826.0.1.3680043.8.498.28295265939946677460838974253299313798,d04fb10bf23cb6ef061776a2b8dc1658,1
1.2.826.0.1.3680043.8.498.28309626953500461628112343997868050028,ac4571d3bd1382f686dc784abe0b0066,2
1.2.826.0.1.3680043.8.498.28333127304382930639614800697959296306,ec813d736f405c95812fb0ee95a8d6cf,3
1.2.826.0.1.3680043.8.498.28351884945918062351436698411322252525,fecb1102ba37a76f5602ff521ee143c5,1
1.2.826.0.1.3680043.8.498.28360174615866226538417948042981668998,4749330f300faccf219ab2f79c0ac7bc,3
1.2.826.0.1.3680043.8.498.28425280718252632810092859612928047098,b7e1defe5b80eea3373d970f2b5e4e96,0
1.2.826.0.1.3680043.8.498.28481442608487320644829189127206806471,7895070b85bc9b9cd269130e8d6dea0b,0
1.2.826.0.1.3680043.8.498.28488216314048990109149780234417422948,bbef509c0f71bbc14930015730f283d1,4
1.2.826.0.1.3680043.8.498.28490861391717560759667589681288427737,067ec8b28240e8d0199643aa01887182,2
1.2.826.0.1.3680043.8.498.28539130184243787339297053654373783542,8de87cbb0042ca0e9c8a5a57eee77ff6,3
1.2.826.0.1.3680043.8.498.28579372595938810820078670002733005121,8a76c5aa8e988a7fb12f36c81c42f1c6,4
1.2.826.0.1.3680043.8.498.28595729988867300278425411189173775382,b13a758c60dd7cc522b45cabbfb18dfc,0
1.2.826.0.1.3680043.8.498.28626044336302232656987963623687293705,fb455c2faf7c8b15d378030fb01e499b,3
1.2.826.0.1.3680043.8.498.28628472249424790112957421215774036156,751cb0487c4574ac67e427fdba617b0b,3
1.2.826.0.1.3680043.8.498.28634248756653012357434232845788268719,8d83ea1110ad2a6ff13f7dbacde364c0,4
1.2.826.0.1.3680043.8.498.28638490997780173004029312240334483157,216cea5c3ba7995c53b4fd6750cf1a4b,1
1.2.826.0.1.3680043.8.498.28646304373057947277669139986982208473,c02d54e210c727a2a0b534391361a849,3
1.2.826.0.1.3680043.8.498.28655385212214986812679045835025619123,78ae38b7ec91597e9cafb95a95e38b8a,4
1.2.826.0.1.3680043.8.498.28670999234453413675502551916979760344,534f67a603bec426193cc4935811f89b,2
1.2.826.0.1.3680043.8.498.28686498221359515429184385385077600687,de70d72f9cd57072748d4295a987a797,3
1.2.826.0.1.3680043.8.498.28697216332632397717077153882513537456,ce0907ed623125266419d131f8e4bc6a,4
1.2.826.0.1.3680043.8.498.28746954364434312909368235768936980607,2e3e258425cc4f67c6b8661fe34efa5f,2
1.2.826.0.1.3680043.8.498.28770594655815108010532953376271504596,27247dd7fdc9255590b89eca344f7701,1
1.2.826.0.1.3680043.8.498.28779021651975021236045277212517629154,e7b07128b9c9ed95703ecd2ca922c5d2,1
1.2.826.0.1.3680043.8.498.28848511016500781798837621261660844237,646a4a4ee4a6146ce0bf043ffc69a42c,1
1.2.826.0.1.3680043.8.498.28873180831637763124652074775631752918,7a7d121175e85f13e719c8d5a81c9d93,0
1.2.826.0.1.3680043.8.498.28888941572409703700315590339486528256,de0b7031d2ca7fe942d3ec77829291b6,4
1.2.826.0.1.3680043.8.498.28925345859498351203477642741908452608,9e050bedbb2bee00538f5cf63298ca97,1
1.2.826.0.1.3680043.8.498.28944156754203202831026290463520445489,700c76c5b8e1ff75de691f996ce44536,3
1.2.826.0.1.3680043.8.498.28946722216615442736212359468410891872,a453948808388b703492b06d5dfd49f5,0
1.2.826.0.1.3680043.8.498.28951331578236330522646806432827370713,7b86a395a6d3aa035d62dd793e8da84a,4
1.2.826.0.1.3680043.8.498.28954361146470748868500417103935640742,55dde2ee4e3a522fc2af621f23bb81d8,1
1.2.826.0.1.3680043.8.498.29039872266866623711060910233238440882,b74261b9f637c24eb2d2f5a841629965,2
1.2.826.0.1.3680043.8.498.29055892482211392922525222851162308510,63d919014d08b5799a4b648e5bc5d9cb,1
1.2.826.0.1.3680043.8.498.29090158364700006304493717187346344597,992cc929e7af9dbf8a2638df117ad059,1
1.2.826.0.1.3680043.8.498.29227028592609694700827329867343028944,666b29db9c105da974de03fba8abee18,4
1.2.826.0.1.3680043.8.498.29280448517432444306374036429824425668,87a56a7104427c1d086ea64cc4c0d400,4
1.2.826.0.1.3680043.8.498.29292398668403593100514493322849770181,d362fe8eb2544486da806eb99fc0d9c0,2
1.2.826.0.1.3680043.8.498.29294899952044311440141172596030689586,baa7e0630b26f097131d960ffacfb860,0
1.2.826.0.1.3680043.8.498.29343735048224321966824641432873034291,7c7d782e692eebb0081a1b4f12173476,1
1.2.826.0.1.3680043.8.498.29354469534263517460113311852821643665,e302682619d8e85f40a236417d7b0b47,2
1.2.826.0.1.3680043.8.498.29364640434226980751405780979697632001,4ce47a6a464685ec0664465f023c8fd1,1
1.2.826.0.1.3680043.8.498.29371692234061436334815897970798625595,c130e0f26d13d2d29230bb438141d48a,4
1.2.826.0.1.3680043.8.498.29375052467745327893128894062568944496,bbbf3c5a8dd1936b2cceb903c0da2bb0,4
1.2.826.0.1.3680043.8.498.29384016102624554484300773136383156153,3215d22ae8018fcc6e355fbed93a6255,2
1.2.826.0.1.3680043.8.498.29418130858182890216867847991592582370,458bbe7d0dcf2699df5d4957e4af929d,0
1.2.826.0.1.3680043.8.498.29443692810539372078922146461173545451,7509c152fc9992cda9fb2bee7d50f24e,0
1.2.826.0.1.3680043.8.498.29473278891551292295080887778714088878,236252797e715d171837a48a3157ef82,0
1.2.826.0.1.3680043.8.498.29509443439138257275071354031180789464,7e20eae022dfdb8a2015ef0129003c7b,3
1.2.826.0.1.3680043.8.498.29579560656789178333629609998252952856,f0dbbe95f021c7018d80df73591bef1d,4
1.2.826.0.1.3680043.8.498.29735852958813434703969490187047665950,042c3461fa638094b068ef95a61c2ed1,1
1.2.826.0.1.3680043.8.498.29739171278960083313048266628194182569,1457ac5acdf26b87bc30753719136465,4
1.2.826.0.1.3680043.8.498.29741673719687535294395668150749894623,1ec06e29cf636f2741b3b48431b48092,4
1.2.826.0.1.3680043.8.498.29758331841591711520514486913006094054,5184ca8ed892a0b1e12c153f8eb90d8e,4
1.2.826.0.1.3680043.8.498.29764868091238287072166823522853419550,7133d9429d358027e0456b370935ad38,2
1.2.826.0.1.3680043.8.498.29794301133358685635777478470865282350,183a514bb0a394e942ffa49a9bf77517,0
1.2.826.0.1.3680043.8.498.29826129803278661744835136993610646069,bd122f3ba08c69485b08b5d56b537e33,2
1.2.826.0.1.3680043.8.498.29866827083314645739444078187995496049,b73772da564cebfbfb89345d14fb9659,3
1.2.826.0.1.3680043.8.498.29943089198208468441240036404506927883,6872dc497dfd5f315e0bc89b6aaa0af4,3
1.2.826.0.1.3680043.8.498.29971686675947075024168289004002445393,0e937941529ba6ad98a492cdb0b877f3,2
1.2.826.0.1.3680043.8.498.29976611818313906970687136815346573471,6d0309c47c34f7f63c2871e6dc6581e8,0
1.2.826.0.1.3680043.8.498.30058585660043363937345050478072453854,636d09aa2dc75371af48acc8193c6e94,3
1.2.826.0.1.3680043.8.498.30066410959464367576375502522994033142,035cdeba2671b9531f409484e527fba4,4
1.2.826.0.1.3680043.8.498.30104491808697888642424160917715722238,3801cbc0dcd6509385e362d2940f96ed,2
1.2.826.0.1.3680043.8.498.30131339052241668380936148362472245259,6b9121713c1b0b0897399b4d46ab7ac4,2
1.2.826.0.1.3680043.8.498.30150613585152527569197215147135001922,309ad8396543850086824aff4b73a323,3
1.2.826.0.1.3680043.8.498.30167179890902431464942556467698238073,2cc9e318b851498825c5bd5f331e33df,1
1.2.826.0.1.3680043.8.498.30174064884443577177838026250637902388,4a50b5f2194b543167bd445166e3a58f,2
1.2.826.0.1.3680043.8.498.30206987686375669521451035370290737934,e0f12782ad73e66283f683ba0c8e9453,2
1.2.826.0.1.3680043.8.498.30222189977108980260768952691472020722,d7475662dbec61e962616b6cc5cb8842,0
1.2.826.0.1.3680043.8.498.30233578499383083757206211752001832047,3fb557e4d86cc68375655a19703dd8a6,2
1.2.826.0.1.3680043.8.498.30246079718471552972130572444383079911,97dc560af7952fe539d2e0106a0f102a,0
1.2.826.0.1.3680043.8.498.30248682294786626375369374249874501600,724f14180bbabf0fabc8d4ad759fa8f8,2
1.2.826.0.1.3680043.8.498.30252501257451878373370333329266264057,8d83ea1110ad2a6ff13f7dbacde364c0,4
1.2.826.0.1.3680043.8.498.30264599677934095429161619981918944098,92c4ce697674bebb560b020e7b9ad06e,3
1.2.826.0.1.3680043.8.498.30282025087399390929963075109487390046,2c5e2abe6cbe863b625b313ff1a32386,4
1.2.826.0.1.3680043.8.498.30330001893437233719772129404417384472,3546049274fa80e8c81e203bc5372df8,0
1.2.826.0.1.3680043.8.498.30381005430261460472880465705496199540,e51201c05b7f439dcc91212a00fab65a,2
1.2.826.0.1.3680043.8.498.30420245540489522189154634720778032533,e7a33b76d1bb684fec5907f6ecd1bbe1,3
1.2.826.0.1.3680043.8.498.30423643741419627789701272644909134762,bb6e80fd778458431c151e89716a1d7d,2
1.2.826.0.1.3680043.8.498.30435446905709054197096833427672604260,43141990e25ad826377e80c2cbd04803,3
1.2.826.0.1.3680043.8.498.30490857770169699336468319880130884989,9757e4e7152444a140cb366804501a97,3
1.2.826.0.1.3680043.8.498.30517381653283520211188050362394799510,da1769da54f943a7f59f2636ee810570,4
1.2.826.0.1.3680043.8.498.30520444048368652235940346583890702451,14a8c00eee6c02357c8194e2cfddea06,0
1.2.826.0.1.3680043.8.498.30537361712821464927469618193893850465,839d9d4f0696499ad1e4a3c0925eddd4,1
1.2.826.0.1.3680043.8.498.30557810085867943803354292590079995622,c3956df306beed16cafc0426025d06cc,2
1.2.826.0.1.3680043.8.498.30613528335797277620843542280889823612,1120a280385d9e5c6a4b44d1a4484df4,0
1.2.826.0.1.3680043.8.498.30662407196303880392459287553277761223,dd993d12aee3c6000e7e54b81647c24d,1
1.2.826.0.1.3680043.8.498.30672390215843894382866701432377109444,925cd3b5be4d21b2e6082ac3a35bf147,0
1.2.826.0.1.3680043.8.498.30673411238679998084995204090753297949,99ae3b68a146248cd796dff74a3df2fa,2
1.2.826.0.1.3680043.8.498.30690232747840004203140392776057147177,3941477144157c036b5604509dff5367,4
1.2.826.0.1.3680043.8.498.30746167840159843733412534591988948270,8c483c19049ba83a2427990072093ee7,0
1.2.826.0.1.3680043.8.498.30756534269149851281518502475458067520,b893147cf05a6b58cbb193516a24f930,0
1.2.826.0.1.3680043.8.498.30763696628968291934469221453461209579,a146329bd03fc3c81f153e300020afa5,3
1.2.826.0.1.3680043.8.498.30800677497901063887487934675082066316,48284d0a958b883de673014ff91c25f5,4
1.2.826.0.1.3680043.8.498.30832771419882354941430609179589560374,846cd291a87fdb777e82d42e5350c259,3
1.2.826.0.1.3680043.8.498.30836611607735372299752226690388090391,0bfa1c7715913c765001bc1415d4006e,2
1.2.826.0.1.3680043.8.498.30838586189496669675465778955893367497,bfce5414b34226326844baeb24f12f63,2
1.2.826.0.1.3680043.8.498.30842406081180392627544336691360658070,86b959d65127c44d59a2988e6eb95b45,3
1.2.826.0.1.3680043.8.498.30888379005655662168586864728687777425,f6413957ea4eb93698caa60cb3671eb1,0
1.2.826.0.1.3680043.8.498.30942874102560162331831960649006411381,402b6edcf128e62c9c76ccb651c7c0f2,2
1.2.826.0.1.3680043.8.498.30947630416867960170317316514422933066,f1ae2f37470ded181dde479bbc84089c,4
1.2.826.0.1.3680043.8.498.30978547345367837000803077743620171961,b35186ffc3e10049c6b954f3cdb1f633,1
1.2.826.0.1.3680043.8.498.30998941785989496591079894962766360976,a492ce740320b98257ec24a126edfa5a,0
1.2.826.0.1.3680043.8.498.31079821574648958955911441626193848961,fb5cc6c022c22f475fc239174e93cca0,3
1.2.826.0.1.3680043.8.498.31080452089421812812019413302222437434,f3ef9e8c670bdb338012a056ce7d018c,3
1.2.826.0.1.3680043.8.498.31082592133742929889611857821843859701,9295c14f22e6307081272ce9882bd291,2
1.2.826.0.1.3680043.8.498.31099878224304681441631176766255029271,743cf1ea1985061016fb0bfea621aebd,2
1.2.826.0.1.3680043.8.498.31137162827930164367134811210741362416,fc9e5147f003d3c543547cd260f78bb6,1
1.2.826.0.1.3680043.8.498.31145453746697192222724674918300432873,a9c5522b8bed5b572795e44bd5fd7c37,2
1.2.826.0.1.3680043.8.498.31171050331393253655760166990008263793,f72751a66eb762b4a066d5c9467777e3,4
1.2.826.0.1.3680043.8.498.31175171249406459042393597291141275669,ec1a16799224b2046ac60489386f8275,0
1.2.826.0.1.3680043.8.498.31175617350083221245857813741060042777,55b1046624f1ce5064dbff6f1f07caaa,1
1.2.826.0.1.3680043.8.498.31193772347652083986607183406944630716,8cbd1872eb74a8aaa84ded213d4c75ef,2
1.2.826.0.1.3680043.8.498.31218039240665208717816408042644491715,d7e7954d7f7b00ed2db2fd127f8f469e,3
1.2.826.0.1.3680043.8.498.31220970065722563280311764269386457090,2bf2e1d877e3a1bfbcfc34b7c0031b79,4
1.2.826.0.1.3680043.8.498.31257542772176806182696506252925365119,2c00a18e0c65b47ace9e33ac51637298,2
1.2.826.0.1.3680043.8.498.31280487369922340170695453174997912050,9b9fc2ff5134dea9b6b240b3b633eacb,3
1.2.826.0.1.3680043.8.498.31282366761674650660824706600044115805,2e426b42409b2c884d5cf7ef404d3acc,3
1.2.826.0.1.3680043.8.498.31284572943302383501947308874558551301,16e678aec31be4ac593f286a187f0be7,3
1.2.826.0.1.3680043.8.498.31352187408311685267245948214616940728,7076c1bd9ae8b668c70561fd7f97a46e,3
1.2.826.0.1.3680043.8.498.31373064397225665483187291274194812486,098cbaaf874f6605924de81a6628b558,3
1.2.826.0.1.3680043.8.498.31421989235441217674752676866539112529,c9d4c65635662e75c293d70bd77bd47d,1
1.2.826.0.1.3680043.8.498.31461240229123701082444627629841504099,7dc229670132a3c60f187c11991c82f4,2
1.2.826.0.1.3680043.8.498.31482725509752510642857072190147133461,542f75cc4c9571ed14d635538cda9ad9,2
1.2.826.0.1.3680043.8.498.31555333355990829772911515362502000209,0fb139c10fce6b45be4625b6986fb2ce,2
1.2.826.0.1.3680043.8.498.31565705236407722278921437231164204914,022dc6179b22c03e6c45b68c9be6dea8,2
1.2.826.0.1.3680043.8.498.31610133883321894510649078615659708431,3b74e465a16b6f22c538da04725e887e,1
1.2.826.0.1.3680043.8.498.31640159014711750808214354395404624815,acf7914e2b69eb415763428c257f1f84,4
1.2.826.0.1.3680043.8.498.31745644522310786426860265012373331979,6749f64e5026910eefada7cd7c32038d,3
1.2.826.0.1.3680043.8.498.31790457319528233269194462675995569260,51c0e796096dc1579f672fbc505595dd,3
1.2.826.0.1.3680043.8.498.31792234576444017394182974951507838927,d939822073c0c659afad956fe349b075,1
1.2.826.0.1.3680043.8.498.31806829168516955528191705338336428721,226add55af50bc87ac3c3d906ca3903d,3
1.2.826.0.1.3680043.8.498.31827987476038668074615045841102711882,5c3b5b392bd097b4f26a9d481126b860,3
1.2.826.0.1.3680043.8.498.31842732064173292828619477783097732181,5ac43909a5f686218931109d0f483edc,4
1.2.826.0.1.3680043.8.498.31851627014639252866084081561126592250,f7bb5bd2717e04035f4a71fb3a1fba8a,3
1.2.826.0.1.3680043.8.498.31898017986762601111404430885432769100,77c2438db638aad9d02683757eeb8c57,0
1.2.826.0.1.3680043.8.498.31899121807187535405063131351086765296,ab12948878e920930e4f88eeb15ae164,3
1.2.826.0.1.3680043.8.498.31949224274318638796196151105617844024,b0b04c4ab8c5842a40ff9aa7380994f3,4
1.2.826.0.1.3680043.8.498.32043012602421532910420313983803503778,809ad74194beddb7f3a0bfc5ecbe6d8e,2
1.2.826.0.1.3680043.8.498.32078592787308498852570411454111970699,0deddb4b4fb63f8f3164de5dfe6d1fa7,1
1.2.826.0.1.3680043.8.498.32109377199577933060124357239881959602,8845802e3264d62940f0bd70ba66a86e,2
1.2.826.0.1.3680043.8.498.32138869097959653224534642965199855627,ff27f8e0c3e7b28b037d9ec2d668fe34,0
1.2.826.0.1.3680043.8.498.32172672595181417103935593872811182816,4d4cd6fbef7b14a349cad230bb7a5979,2
1.2.826.0.1.3680043.8.498.32179217289301203414651193280580594771,cbfbdef22798924efd44615f64d15a85,4
1.2.826.0.1.3680043.8.498.32226253011052584155674401943276961907,20309f2665957f4eb3c3a41e8dd77b2c,1
1.2.826.0.1.3680043.8.498.32241219263926672894433308808653719495,1ff9d6c2d328157241bd3e095581773f,3
1.2.826.0.1.3680043.8.498.32265622493980668732317541941196894795,703d16135b6eeb6666b49622b21d8ae9,0
1.2.826.0.1.3680043.8.498.32299120582647333604770626110392750631,2f199f63e5ea811927688b98a958eb26,0
1.2.826.0.1.3680043.8.498.32321830776739689645700555055955725945,12ca8dbd6aa739d4794067d3541a6014,0
1.2.826.0.1.3680043.8.498.32328699307307661181881949763360098439,e7dac22201c81bb5ec6efc443429c24e,0
1.2.826.0.1.3680043.8.498.32329374180424300100441619205766536205,463323dd0fca7cae35961e5d02451a66,3
1.2.826.0.1.3680043.8.498.32413534416513678586709935453506443461,479c339df1b83086d78c1cd36e4a0765,4
1.2.826.0.1.3680043.8.498.32417506901165787885027994386927321654,8d83ea1110ad2a6ff13f7dbacde364c0,4
1.2.826.0.1.3680043.8.498.32479930837336533083798155873656743007,594cb5f763b45afc8839792e701f90bc,0
1.2.826.0.1.3680043.8.498.32488933488399304214586978746578986823,38d6f679df940d0c5312f314c99a854d,2
1.2.826.0.1.3680043.8.498.32501049887140121289143479773995481982,d2b0849e5d11f46b508f7db50b02ae64,3
1.2.826.0.1.3680043.8.498.32504785212530110880087745488871181111,9599ff2989ba262afbd4ff9954998cda,1
1.2.826.0.1.3680043.8.498.32513010438338970418994141548516096399,6dd24c97f6892aca17735bdfce81c123,4
1.2.826.0.1.3680043.8.498.32521102053110469817073126425955562934,c0a6bb695da67bb5840b147cd2061a70,4
1.2.826.0.1.3680043.8.498.32571577475600416042179474541176580933,b911145af3c2229559a6f13351e700bd,1
1.2.826.0.1.3680043.8.498.32593583441236180433075435541777683664,9455be161b5f0969db5ebb91f8af9ede,2
1.2.826.0.1.3680043.8.498.32611545463217490575457831874695918229,ad4ddce1ae46d69651fe977f1d90fbe5,3
1.2.826.0.1.3680043.8.498.32624291809937483520460431326945616461,d69e61ccff7631e49eb4eca04d3eb7db,0
1.2.826.0.1.3680043.8.498.32680606387445562892045224227371304764,42ee4c15d1ee377bde7ebadcd69121ca,0
1.2.826.0.1.3680043.8.498.32704159300269838731722725240928883385,dfb893a9200b12d80be8b82f2326d54c,1
1.2.826.0.1.3680043.8.498.32723296226443325838892542529446214677,72ffba6642adf53b960fdc9bac295f0d,2
1.2.826.0.1.3680043.8.498.32742383730417896527915284404039812924,c92c337c479f43b01e735d99286f8540,4
1.2.826.0.1.3680043.8.498.32784816158214124982843838883515640569,e2ba31358e410fe87c0ca3f82b8c5e2a,0
1.2.826.0.1.3680043.8.498.32835080036019877751472792740274297358,18724a12c1eb1e24189fa09560df36c6,1
1.2.826.0.1.3680043.8.498.32862727544234948830522036721585095753,bf0cced305ac1db4872a39c861d00a67,4
1.2.826.0.1.3680043.8.498.32910372391370203605482772577821971133,1ac07746001389e1193d38e6a2d22609,0
1.2.826.0.1.3680043.8.498.32916544979513354644075485240094539251,c8ce977ff1250ad9a0c16a3931796817,1
1.2.826.0.1.3680043.8.498.32996271790302034744448837505729856569,ee45c78932e54f78c9e6c4fe1f877c41,4
1.2.826.0.1.3680043.8.498.33045687849853291066101186962073873042,e277d932737ce1637d1be90f80331c28,1
1.2.826.0.1.3680043.8.498.33085434860684110795966817803985794300,68f9e1b49174334718860f3eb4211c8e,2
1.2.826.0.1.3680043.8.498.33114390259375873203134285352951765534,3b99404b09f844303fd365c26e744932,0
1.2.826.0.1.3680043.8.498.33215387283623093392227819856970670071,4113b139be7535d2010760dbc8fef6a3,2
1.2.826.0.1.3680043.8.498.33247377165700300890880607485836825807,df87f4227771f6a41c79d9ce1eca001a,1
1.2.826.0.1.3680043.8.498.33273874534046658504935877940537027702,999850e304e682db0e88f4964782a5d5,2
1.2.826.0.1.3680043.8.498.33284228284209148349668722931307588402,2240e7330d9e09aa6334a8b1573efdd6,4
1.2.826.0.1.3680043.8.498.33324606756355240783076971858231422510,7822aac443d29251f3464d9cc0245da1,1
1.2.826.0.1.3680043.8.498.33324670630108603340869986205298694836,f7981efb2b0ad4063e81fec22043e8f1,1
1.2.826.0.1.3680043.8.498.33339945632086976351786752793064764443,c0a7f733a2cd410375a46fe66f959d3e,4
1.2.826.0.1.3680043.8.498.33387430823462011959198830568803117633,a5811671bdac0e623f3513ab64573e52,2
1.2.826.0.1.3680043.8.498.33393833442961030521286257650328223086,87a17268becce041f824963904c22732,0
1.2.826.0.1.3680043.8.498.33419086668421177906530808458004386826,a0d939c9eeb8eff53de0a7f2d360a7a5,1
1.2.826.0.1.3680043.8.498.33427080769740419588952225424281396684,eea814da9d2e056e61200d63a3aa63b9,0
1.2.826.0.1.3680043.8.498.33432461096351771607862098991677662209,51371add22c743ef98d5ad8eb49faa7c,0
1.2.826.0.1.3680043.8.498.33479806419966566464727310013949313521,5853e5e45482a95c24bbfe31d3865484,0
1.2.826.0.1.3680043.8.498.33584205642521728950676369503690551550,c305f8798ac1c16c1927d44ccd88f099,4
1.2.826.0.1.3680043.8.498.33614319611050071354692274770073371314,1cff6d8d3796db4e276d2a13306d17d8,2
1.2.826.0.1.3680043.8.498.33620268340279901383196638228030589893,9d7185b41d2a394550fde8ed511637d8,0
1.2.826.0.1.3680043.8.498.33657688895130083119886800524324572941,d6e75f21ca3e886ca331d27859367b90,2
1.2.826.0.1.3680043.8.498.33707148112045883958228656491167647755,9734f996275b0be6395007436fabd98c,0
1.2.826.0.1.3680043.8.498.33709759248055631658322056320849494088,35b64f7633ab0691bf743b0a96162606,3
1.2.826.0.1.3680043.8.498.33734536545775442043827840341408174347,88332bcf7cc95092dc28ea968eb95dea,4
1.2.826.0.1.3680043.8.498.33834227140201599591317512187502720859,a89f6d4af88eb1a62e98ca4e760690e2,2
1.2.826.0.1.3680043.8.498.33841907095190352493353075864604147687,250aa21b914737372d9ccd1a884220f7,1
1.2.826.0.1.3680043.8.498.33880013318702285028756482543453984598,9f72e2a191b345147e1f239cc11e2764,0
1.2.826.0.1.3680043.8.498.33885566709305241744786004177260915650,8d076430e03760a05f29f6c289d8a95d,3
1.2.826.0.1.3680043.8.498.33899056854391617633929258302459140830,57509ea361993e6640ab0991d4a2e01e,0
1.2.826.0.1.3680043.8.498.33947148016115721563601115463364787679,398ece8021179919612dea9b00351489,3
1.2.826.0.1.3680043.8.498.33957165685646407808982253731894148028,1752d8d5e2957e8a844d2345ef82a2b0,1
1.2.826.0.1.3680043.8.498.33990091057243328830745904178686745167,464ff7989d02fd00534ba4dac15a502f,4
1.2.826.0.1.3680043.8.498.33997019840409023169542161093833920630,e13b96e766a23adb8abab26911a5d51a,2
1.2.826.0.1.3680043.8.498.34002185870196144582348922158474418674,a10f83d4605231a2bd990c0de3aecd29,1
1.2.826.0.1.3680043.8.498.34040631818813472592501398076075999835,3a8ddbe85f1e31641c7e9b85d1ece486,1
1.2.826.0.1.3680043.8.498.34058295828142876023659425586740832405,9497e3b969c9900d56dbc1fd71452470,1
1.2.826.0.1.3680043.8.498.34076627216941578548083498328399240999,63f4130628ff9e2dc220dadda5ab981b,3
1.2.826.0.1.3680043.8.498.34096149829586714035779314398766243514,027ce16a67523798b53b28964de061ba,1
1.2.826.0.1.3680043.8.498.34109091435857467600499949506940613037,c12c10aba09e54500c95078f7611fac0,1
1.2.826.0.1.3680043.8.498.34126843286927697018624309801437341727,9fe0f232a63605ee74d07560707f8ede,1
1.2.826.0.1.3680043.8.498.34206043272866138622475050809785944941,85b7310b02e5c95339308bd6afcf346c,2
1.2.826.0.1.3680043.8.498.34262242337778924864334788374037992215,541287adcf7527e8f51035ee756a5d9c,4
1.2.826.0.1.3680043.8.498.34294522885703132478119231619149118745,c76fe3e8ec148dc3dd083165de9850ab,0
1.2.826.0.1.3680043.8.498.34360298211002490108642003575962873984,d805f8c4e79185e7b5cc4683c3e35d71,2
1.2.826.0.1.3680043.8.498.34379812274299658721362253287768041613,7ccf685c77f22453104e599d11938890,1
1.2.826.0.1.3680043.8.498.34404554752241524210538769325381023947,4a5092db759db6eb9bda69defe2497cf,4
1.2.826.0.1.3680043.8.498.34433343440016591348979084714300062954,833c9aee8ee7cb5686168b5077aec6bb,4
1.2.826.0.1.3680043.8.498.34441662343660776323013762699640240389,d90349183031fd9f40647ad789733fde,4
1.2.826.0.1.3680043.8.498.34461302710296907289543656738174044465,d97c472024fdc06a075153a5f9bc43ac,0
1.2.826.0.1.3680043.8.498.34501976934829436985900782482912019868,470f5c690619d24ec627a1a4e6b067f8,0
1.2.826.0.1.3680043.8.498.34546106114963066554367298449299214677,68e011085ab20bd7f9746222a8f7da60,0
1.2.826.0.1.3680043.8.498.34572444983416782410188788741787280444,9c436ff8598fee9c361f55bb62c77592,4
1.2.826.0.1.3680043.8.498.34574046861696910828478657346725687542,5defd47fc0867536938a57bcbefdd1aa,3
1.2.826.0.1.3680043.8.498.34636178772986348716257313987840123906,999e2e36487a93bb9208ddd6f704b7c0,3
1.2.826.0.1.3680043.8.498.34654275504962399799861007974465776328,3d57051dafbc750e8e436b4a19cee6d1,0
1.2.826.0.1.3680043.8.498.34685905030370793639196564723935583035,028b8e56dc12fcdd98ac5161c5df828d,0
1.2.826.0.1.3680043.8.498.34690162612328981644511154212357885455,c06e138c3d031da1b4dc280363a65dca,0
1.2.826.0.1.3680043.8.498.34717974828302316666446325243570202245,b2353dc595a7c5fa10bd66bdb44cd46c,0
1.2.826.0.1.3680043.8.498.34740783941206992242367609204835771599,fcedb7fa4a7dfc4452772e2b61fdd154,4
1.2.826.0.1.3680043.8.498.34753112960188810416088070814158959510,a93b068676763f7e0f250a61440854de,3
1.2.826.0.1.3680043.8.498.34791780913322886484171421115861604853,790470d623c4cc0115f7681f9eff2514,2
1.2.826.0.1.3680043.8.498.34795373994453585401035013232069587413,06291849558c24bf3908c01054dd6c61,1
1.2.826.0.1.3680043.8.498.34826100703045042103752460066224521343,8817b8d66f15a0295e4ddbbc5cf39299,4
1.2.826.0.1.3680043.8.498.34858782760614383566891001610985452165,d0160a4e652607235388129ec3b9d3d5,1
1.2.826.0.1.3680043.8.498.34861721301001052975626513770908147451,bff83ba18d1fb0f336cb147df34c0ccf,4
1.2.826.0.1.3680043.8.498.34895742092137516664772577251243433579,345315ff2a33723294260c41c96cecd0,1
1.2.826.0.1.3680043.8.498.35015675197378142698488944856288804597,3f92f3346501b32ca6801fb4e5cf8534,0
1.2.826.0.1.3680043.8.498.35017973257585430544005763350601015208,d74f9100e1ae1685fbc3a0102eafee8e,1
1.2.826.0.1.3680043.8.498.35026052487843947230089350615730580521,91af42d7b3d40e046847fdfc78016833,2
1.2.826.0.1.3680043.8.498.35027750475162395113025853006474122989,315955bcdba4cf98bd45821e3d281841,4
1.2.826.0.1.3680043.8.498.35064504053970754752690367203246822139,b053caf3c2a8997370b1e876dd85860e,1
1.2.826.0.1.3680043.8.498.35090276406828326770336478753776261776,79c5474fb8281f74678e517685f0c3e6,1
1.2.826.0.1.3680043.8.498.35121262802959257590413582180924083425,227a8f8e7baaed4083d295edebcdd932,1
1.2.826.0.1.3680043.8.498.35127678462764233938878060108411012978,bd0fb645cf616055e6ca46fc65086e64,1
1.2.826.0.1.3680043.8.498.35210451107308788915675910467662426761,2dcb53fcde36a0afa86e5e6a10256ef2,4
1.2.826.0.1.3680043.8.498.35230417208602644083092414161817929841,a1c609d5b071e79b6d7917b79280f04d,4
1.2.826.0.1.3680043.8.498.35257158249961136373696255071228322165,21cd0d0a78bb616cde9a289cea4cb9b2,4
1.2.826.0.1.3680043.8.498.35273590880523815297008790288567354883,36930cebba8c3d4db19b412faaf84313,0
1.2.826.0.1.3680043.8.498.35330802038595377723999341992570259909,4e96aaf524e0561250a37f03703e2f22,3
1.2.826.0.1.3680043.8.498.35338198410583984337908932327787063577,945db9d3c80db6ef0ab54c0e3ff49506,4
1.2.826.0.1.3680043.8.498.35526385429946467546636621603749416429,ba1c3514447c1b616e262e074392246d,0
1.2.826.0.1.3680043.8.498.35542843700847404584397532402313561503,364669b93f5abc0773e52d4fbc0ac059,1
1.2.826.0.1.3680043.8.498.35549628666222168741574331855838621990,7f8cdc45d819f94a129b536a02cacc78,4
1.2.826.0.1.3680043.8.498.35572306796137927247415883445612561056,a6a49246d20b23046bd5fa61d7e3fc6a,1
1.2.826.0.1.3680043.8.498.35633121799529901420381085923067525212,c7c0d4888e4c0acbcd1a54639620b4cd,2
1.2.826.0.1.3680043.8.498.35639250779062198905356481136455419313,ff7880c3507ce92a53ed80d8710deb4f,0
1.2.826.0.1.3680043.8.498.35664741425496814074030858561751287211,8abad76c07046a03a486fba09a2b37df,0
1.2.826.0.1.3680043.8.498.35677515667357567818845364400903668190,821f413d68adde022eb4be5b1372c773,2
1.2.826.0.1.3680043.8.498.35717294165699019392845830077937768611,917d9b470f24b01a296c18002a1deaee,0
1.2.826.0.1.3680043.8.498.35769002792415947424087098083674166777,a671aeec316e3c48d379f3603c2d70ca,2
1.2.826.0.1.3680043.8.498.35777075794856195065665011443485613681,e034bbe14451e94dddfa4df46cfe6049,0
1.2.826.0.1.3680043.8.498.35790589718590759254855277551289842944,7c4cfddf2c212bd6798528184bf9ddcb,1
1.2.826.0.1.3680043.8.498.35820650938063925991582813178954225720,44e0c0540e0b7137cd038d998fa44740,0
1.2.826.0.1.3680043.8.498.35826402289277331555736683320175912112,5f98da19e2ead588381a18663b0787e8,1
1.2.826.0.1.3680043.8.498.35835033603115368194824573270370351403,9f98181e3475c6b0478de6281980fc61,2
1.2.826.0.1.3680043.8.498.35836928928058091851993989259747528067,ecd9b509e73f711f249d30902eaa9ed6,1
1.2.826.0.1.3680043.8.498.35853404993418331599021266761280794201,45577219f36a0b665d144a1b744364c2,4
1.2.826.0.1.3680043.8.498.35871201339095431578743898508613853278,1b77c19fe3a0a04c1e24e300b45c1a17,4
1.2.826.0.1.3680043.8.498.35892665011493087075493127252825546314,52dcce57a43ebafaae313399d1f76989,1
1.2.826.0.1.3680043.8.498.35906584224533966870202042352292878668,ac242b725a27e884acbec16168484ba6,0
1.2.826.0.1.3680043.8.498.35923146679164443588381195543533271939,910d0131c544203c6eaa21535ae88b32,4
1.2.826.0.1.3680043.8.498.35923183633813281697521537744486885300,30b4df4b3e7cde42d8ac00ea815aa843,3
1.2.826.0.1.3680043.8.498.35923753382244056317223397206343376734,abe8bd0d5e339caf019c18b141c37166,0
1.2.826.0.1.3680043.8.498.35932368810339127867306228699757809449,2461cfeafc6807c78ffba5ceb5defcd6,3
1.2.826.0.1.3680043.8.498.35942316720546803304976641081186518384,7682076c363c1deb562494e3a93ae97e,3
1.2.826.0.1.3680043.8.498.35961087303991442751747064990497975939,72aab36f37b002263e3fb8efeed91056,3
1.2.826.0.1.3680043.8.498.35965770865730278787229040370963322662,9eaee4ec4b7066f15219430f1a471ce6,4
1.2.826.0.1.3680043.8.498.35971292331621735865925455612813197566,8178d80613d4cde7bdc2d7c33e230d80,4
1.2.826.0.1.3680043.8.498.35991881811942962264382690224767291006,96922b4c959d3f32544bf04410083d24,4
1.2.826.0.1.3680043.8.498.36013620117872095227314165026090752632,8a4312afb746eee704ad03f5a24b51ef,1
1.2.826.0.1.3680043.8.498.36035264348264378094569428634302238394,9ceda4747f71dea2ebcf31ba108a0a88,3
1.2.826.0.1.3680043.8.498.36083794505435625841225237415909011547,e86e4a665398051457d19d616aa2e6e9,0
1.2.826.0.1.3680043.8.498.36090989845682961399757203739039806565,f31d840167e905d7b54302cd91e9e3e7,4
1.2.826.0.1.3680043.8.498.36131369236532190338276701919104598475,83cdf1da207bed6b93caac0553a2f225,2
1.2.826.0.1.3680043.8.498.36158956431673597472934120620368656246,945db9d3c80db6ef0ab54c0e3ff49506,4
1.2.826.0.1.3680043.8.498.36180248571044206939894546783755557323,bb3334cc0de483826f3fa8205035dc24,2
1.2.826.0.1.3680043.8.498.36185754164795053628650116141620545139,e08ebabae0eaeedf9a4b55c70f69f100,2
1.2.826.0.1.3680043.8.498.36193046155628980489031133466840036976,8a78d043f19b6cc3079d935b5b795258,0
1.2.826.0.1.3680043.8.498.36221680997794815863088530960610069278,8bf5c2e19bb5a5957ba31167b8c4ad82,1
1.2.826.0.1.3680043.8.498.36235892729383338522021416304853301198,ee103179ab1058de8fdb9155399f8da0,4
1.2.826.0.1.3680043.8.498.36293583160636884934622362743062825202,7637375c33eaf24f05c16230e586c8f2,4
1.2.826.0.1.3680043.8.498.36314809560682514762544085885005264167,09aa588914587395bd59b2ad467f5242,4
1.2.826.0.1.3680043.8.498.36315811661139684771871696847516662339,c6493f5e0873d70e3d083e14833a6712,1
1.2.826.0.1.3680043.8.498.36431753977367847587395456605556703040,b2f4e20cf1f7ea5fc08e48ed4edc69d7,3
1.2.826.0.1.3680043.8.498.36470828078108352859868482351276699300,31e0cfaef14aba0217ee698667b979ce,4
1.2.826.0.1.3680043.8.498.36488342368050295711098478501722217415,20bff23cb3eb67260a9db15af9c7cf63,0
1.2.826.0.1.3680043.8.498.36521162836904095186654423648490092035,32d2a27dfe4ac33094165a496bd68148,1
1.2.826.0.1.3680043.8.498.36588608184578739092409073014150374185,0b7c5a479df944ef62224bbb06f865ab,0
1.2.826.0.1.3680043.8.498.36599566036331923007586730435849419272,636d42e6389aa6708e866159948d8203,2
1.2.826.0.1.3680043.8.498.36645945703275956149107297016813148264,c175499f0e0368a40148f48e2b8bdf99,0
1.2.826.0.1.3680043.8.498.36648377536792309029975432419163533533,45adcfa56bbf8cc54e4ad3fae4295a2d,0
1.2.826.0.1.3680043.8.498.36679002788952511154610176614545192374,8d83ea1110ad2a6ff13f7dbacde364c0,4
1.2.826.0.1.3680043.8.498.36688959138536319644194458211515765203,057e53730911b53b562490632178f422,4
1.2.826.0.1.3680043.8.498.36743562653862381001280112332273495985,8db9779ae164c29570a14dc5cbb0f7e6,4
1.2.826.0.1.3680043.8.498.36757476214794170118868510630678488185,d5bdbba8c7bf90b1d9036f3cef1ef035,3
1.2.826.0.1.3680043.8.498.36812284468308169396147366740331573100,b5283cb283203c964859416ea8e314da,0
1.2.826.0.1.3680043.8.498.36825274340853796392762195174336452919,c71e1ad3291c070c5e23ca1f25ec82d6,4
1.2.826.0.1.3680043.8.498.36846391753332367835804699576399553980,9cb402a5946ff32440ce2716de04a486,1
1.2.826.0.1.3680043.8.498.36891467514776207809384804066253854193,70e2934975b03c8ccffe051f0fc3433b,3
1.2.826.0.1.3680043.8.498.36914870739904705183135763739850515617,cfbe442d5a83b818b0b920eb193541d6,3
1.2.826.0.1.3680043.8.498.36924091633099385100942228071545017565,7a8bb9f1194c50bec6f68e64d9e6c8af,3
1.2.826.0.1.3680043.8.498.36930256628357053046574486650916442047,b403ae00109c762210c20845b329671d,4
1.2.826.0.1.3680043.8.498.36995206854684735704099881847485073991,d024588d129dabf5e10ec133632d0f7a,0
1.2.826.0.1.3680043.8.498.37005775889857426034942587344620888398,d9aaf9d071cf324bebccf62d609bbf1b,4
1.2.826.0.1.3680043.8.498.37007302166102452703965686598524467188,b6d744048e4f410fc445eda63766e6c5,4
1.2.826.0.1.3680043.8.498.37030593568962187244853961673610373876,b39c4f3bebda290fa19c04df57276937,3
1.2.826.0.1.3680043.8.498.37040910196459054543310335064167212742,53012e3bedcec673a95d6120f2cc8abe,0
1.2.826.0.1.3680043.8.498.37046961643473249831189497076699393868,28b8e7c4710190716b27f85f793d4390,1
1.2.826.0.1.3680043.8.498.37057548998853865829402084168010676727,fe4640ffdafd626ed86eaf77b2bd6c65,0
1.2.826.0.1.3680043.8.498.37110727485959679337431199930441321268,76d6d392e553f4f5c208c5758341fc68,3
1.2.826.0.1.3680043.8.498.37147839676713817130306478240352601535,5c82567c4c6643f908f5021793768a83,0
1.2.826.0.1.3680043.8.498.37210322466522537523056852160944888029,edb56adc974f25a0663a97eb617a6746,2
1.2.826.0.1.3680043.8.498.37257728513136112802363958568529758895,2a65223824c1edaa75eb8e3de34c7791,4
1.2.826.0.1.3680043.8.498.37270291131952413969044156276264153316,fa5ce791e4b3c8d4c38613a7b460390e,1
1.2.826.0.1.3680043.8.498.37332768072749723117839591872457536315,a845e2d075e10dc0d817b263f06cb5f4,0
1.2.826.0.1.3680043.8.498.37347132459817985668038603215490355489,2041a2f824b20f6029743bd356450e13,0
1.2.826.0.1.3680043.8.498.37371365833775442014007234936409739360,1501d70f754d6634ba013ff6d75fbf9f,4
1.2.826.0.1.3680043.8.498.37390494423735156928337187351900345080,a099e37e0692ecf072cf7606a59109d8,0
1.2.826.0.1.3680043.8.498.37392127307867238524251864751713143683,23e3aa065815dfe5012a05dc2c6678eb,1
1.2.826.0.1.3680043.8.498.37413349933694832641902637847629969234,3ddea863f9cf9b907430bde55d812954,2
1.2.826.0.1.3680043.8.498.37427993203943111265113924891058049338,8d83ea1110ad2a6ff13f7dbacde364c0,4
1.2.826.0.1.3680043.8.498.37432328401993499374675847888297416449,74d03942378d0eacea1483b753d965d6,3
1.2.826.0.1.3680043.8.498.37438631765770807892914198396852544668,4da77731ed1caa334ac4564256eed29e,3
1.2.826.0.1.3680043.8.498.37447511763482014027579634343525200849,a14cf6de77634369c81d22a70dd02850,2
1.2.826.0.1.3680043.8.498.37463970179664003092832463732043124908,72b909a3433451b80aacdff0f468fb7b,3
1.2.826.0.1.3680043.8.498.37485075271886447709158414670394650122,e02fa7415b21544eaf74496c71552960,4
1.2.826.0.1.3680043.8.498.37508036912473928281276902883575142611,5873cef70a4ed31f8b7c2005bd94b931,0
1.2.826.0.1.3680043.8.498.37510478969810784660124747242051166554,3ea171a519daf4f715be331ee8e704d1,1
1.2.826.0.1.3680043.8.498.37519350121906786941281770770693979271,2262fc290b265bfaba31da0905650937,1
1.2.826.0.1.3680043.8.498.37558426555271635608942179071280432530,be8aa2ee19f03d21c0a9597eeb36eb27,1
1.2.826.0.1.3680043.8.498.37572710131396388050286115883363501023,2ce8e761f196650d1e397418bea065fb,0
1.2.826.0.1.3680043.8.498.37580209294522316445963449455348371815,c3a436634306e606f38c9143b163939e,1
1.2.826.0.1.3680043.8.498.37591186611460576939009950935820113903,be9d9ff45a88b7c3284d565723e6684e,4
1.2.826.0.1.3680043.8.498.37591590536870291237852764995372956522,94975a95cf5f9654480490e352f35847,4
1.2.826.0.1.3680043.8.498.37633035024065331400434438202028794597,700dfe841d841ba151065c3f07029316,4
1.2.826.0.1.3680043.8.498.37644754953609976838298110418046213654,eae4d1859b5a92babf5809c5c680dd4a,4
1.2.826.0.1.3680043.8.498.37695832484726177391252504639155717084,a93df0c0b695f5d8822800e79340b180,1
1.2.826.0.1.3680043.8.498.37713008080610827760634302982073393454,2d5cc920a1b0e874604804e10638bb39,4
1.2.826.0.1.3680043.8.498.37729566534337521443213426693965453255,b0d00784786f4cd989a9bd3b4acf7f61,0
1.2.826.0.1.3680043.8.498.37782918081276484321055690005029111967,0ed97fa0c65809e479e5f43e2fcc389e,3
1.2.826.0.1.3680043.8.498.37833587429731221455928642963031995680,007d71733bd41fef7f2aa0da6e91b33d,1
1.2.826.0.1.3680043.8.498.37838990693631869129590283596686992710,1dcf398fd1e8f5672ae828d929701a1a,1
1.2.826.0.1.3680043.8.498.37846940236952007502147453013489359606,fc88ab6dc9607dd79810dfd8dc11b5de,4
1.2.826.0.1.3680043.8.498.37862788793597360072184753016994526122,6dadd9b9b4ad31c17a6d43438087caef,4
1.2.826.0.1.3680043.8.498.37879265071349098151803248077034280617,9fbaf62677eca76521d1a33781119f3a,0
1.2.826.0.1.3680043.8.498.37885316830093262977685802809269466252,af8105ff36600e1ecf4c72e0001aa1e0,1
1.2.826.0.1.3680043.8.498.37921127120678939078868474340027123335,6cef2cbf6bd643aa256f1a3cc0c3c698,2
1.2.826.0.1.3680043.8.498.37936061471366103885185528435327650981,ed67a5c7c2e2c1a9b5aac619a0224868,4
1.2.826.0.1.3680043.8.498.37969790195791584440906553207150666923,0a9abee506ee872b9737acc08a35ea0b,0
1.2.826.0.1.3680043.8.498.38005916106577944091708997377832932938,b9c3dbb6560090e5f61bde592840f00b,0
1.2.826.0.1.3680043.8.498.38010459551726691601986492657296948013,9926c7c7e4c52e738fa1b270188d2dc4,3
1.2.826.0.1.3680043.8.498.38013372055010421273425628837282557767,2105192fd6f7da5e327ddd5b764e1af1,1
1.2.826.0.1.3680043.8.498.38039631093067555454700266397073080430,1396b63b009793dbc4e021b77e681426,4
1.2.826.0.1.3680043.8.498.38056024157303576597111203925091929489,f91b2931b9cc581d6f8bd842692826a3,4
1.2.826.0.1.3680043.8.498.38069035744880456154810472748123499221,d5bfe10c242162c2256e7fd32a049f64,4
1.2.826.0.1.3680043.8.498.38085359363401170553191582038767900323,a1c325809de3043d0e8c4cb08639e436,4
1.2.826.0.1.3680043.8.498.38095098835657518803781210111463995296,8f9d75df1364c7d1eda98ef5beccf66c,1
1.2.826.0.1.3680043.8.498.38104228771638294693272534500734878990,4cfff6bd3e3cd8bc65d04ecdc3316e93,4
1.2.826.0.1.3680043.8.498.38173249623713271734596884672770674290,16b133309eb7ebee81ed499fd630c28d,3
1.2.826.0.1.3680043.8.498.38224750236138877853888930317337541394,d52c61357a912f6dab1a47e8551caaf1,1
1.2.826.0.1.3680043.8.498.38233845434092134418342290639986261345,3401332ac34947f14da823c127f163cc,2
1.2.826.0.1.3680043.8.498.38238963443939714344730201261512911003,6fb2e97567507a67fd9c8bbb2dd3ac75,3
1.2.826.0.1.3680043.8.498.38272345519163551901865251730721530169,ed3feef0f1859e1ad00df55dd98ea31a,3
1.2.826.0.1.3680043.8.498.38303182087206935163155565441234078389,7b2b2ec071369735bcfc5121fdd64e83,0
1.2.826.0.1.3680043.8.498.38303307720827621886420004896097661262,07d6a122d689ea025b928c32edf998f1,3
1.2.826.0.1.3680043.8.498.38306262614552497897681886368029860358,cb215919a8f89e45e3218f2b89dfbc93,3
1.2.826.0.1.3680043.8.498.38325494489236992123219618004392575979,8e08f89580e58f4265cab447d2e31804,0
1.2.826.0.1.3680043.8.498.38333934623775971943734069301776225018,e95156768b026c1bbaf1a5c881a12777,3
1.2.826.0.1.3680043.8.498.38361762550587464310603057450403132552,359017e3ac5909fcd0d7b97b6df84dcb,2
1.2.826.0.1.3680043.8.498.38365187857616428023213060377488046375,fbdaa1fc575c9aef045ae59489125d45,1
1.2.826.0.1.3680043.8.498.38373204312077453422262347769111605003,0b1f9ab3364a581a7a115118b0fa4a64,2
1.2.826.0.1.3680043.8.498.38420384692181444061893234153745102059,468449a5de3ced0210a321053938728f,4
1.2.826.0.1.3680043.8.498.38427680930662301114332563903957471851,bb59d0786599d1edc82004ed3cd9ba60,3
1.2.826.0.1.3680043.8.498.38457315909459574570206119213798163082,5434179ca9a0a16405227c064476481a,0
1.2.826.0.1.3680043.8.498.38485168845116671268554752030254772359,5592163902bb7447daf89bbf5757ea28,3
1.2.826.0.1.3680043.8.498.38518069950656326194016175319535174299,3b5e1105be74e5b6c009a787c032b506,2
1.2.826.0.1.3680043.8.498.38528511947818361078957998546327084024,7b291e7b810e821194f621780443047f,4
1.2.826.0.1.3680043.8.498.38554121831397903041461691318968151267,d53567da36ac6bf763fffa12e26dfa72,2
1.2.826.0.1.3680043.8.498.38567342184301320850258918666303107813,c215f966d8cf650be1b5f7747fc1a9a8,2
1.2.826.0.1.3680043.8.498.38584486469155131627808759862008577200,15a52f366dd1cb8d4dcfb36ad97eadf3,2
1.2.826.0.1.3680043.8.498.38591915802992557518846862828618375715,1ed6e879f4776e895c62ebcfe8ca0277,0
1.2.826.0.1.3680043.8.498.38593351637971248239815933638950449587,432b48be6cda8c1433ed213755c20b2d,0
1.2.826.0.1.3680043.8.498.38617606118499305781729905815407382451,0476f25624ce36dbda1f3960274079ba,4
1.2.826.0.1.3680043.8.498.38628165743951175602803204505216754926,4233484417761397947b13c467fec220,0
1.2.826.0.1.3680043.8.498.38655145317957160440692625317823254736,d1f342a9da366326e42c2d2e643c0e3c,2
1.2.826.0.1.3680043.8.498.38701927697650476092773702704871872598,9f36b16c74eb5ef82a3312f198f5857c,1
1.2.826.0.1.3680043.8.498.38702677049080452580748506476598606517,ae6b12248eb678c6ec3338f00afe4c04,3
1.2.826.0.1.3680043.8.498.38717329577625255474350472405748992219,d9e37b6d31882b6b909ce2dc348acb4e,0
1.2.826.0.1.3680043.8.498.38750761816114659458563557493234655604,81f7bc14d798d8b2f900d18ef844c0dc,4
1.2.826.0.1.3680043.8.498.38774313460931748278644354956408578813,bf63ee9765dd45b9daa82c5d83b7de30,4
1.2.826.0.1.3680043.8.498.38795933423959135237935740989825843893,2a6a08bd44c552783e2aac8abc14bf47,4
1.2.826.0.1.3680043.8.498.38796519786809225694393617946244012065,b29e151e3b3a2908da7cbb223edf4bb6,2
1.2.826.0.1.3680043.8.498.38844149478205202385909887748058004820,eedf598a4b35f72517d7bc47c11297af,2
1.2.826.0.1.3680043.8.498.38862475907405766248096419059100131863,a4fbed0ef9c0549fb641b3657fb8211f,0
1.2.826.0.1.3680043.8.498.38870467957974446108337293912930572060,9901001b5499b6772f501c8ddea42ea2,3
1.2.826.0.1.3680043.8.498.38893522232848525819919092148478879455,605b8a6444a0c5c90e482af1b2f3f303,4
1.2.826.0.1.3680043.8.498.38898732985465285166803609252960353405,4e3c92fd213cdf249579ff912468ec49,0
1.2.826.0.1.3680043.8.498.38900640030483599614088224967855884221,852d0f390b7ababe81e4cf294c697793,3
1.2.826.0.1.3680043.8.498.38912715505731269998129663552068223373,56518142f4b47f02d5cfd05a6aa00cad,3
1.2.826.0.1.3680043.8.498.38925755872951351471027638563742132144,0d0f99945c995d71d2fc152ac79b9116,4
1.2.826.0.1.3680043.8.498.38928323954764175259962816410233336718,1308b79d213b57c9c5b05b09402c0b63,1
1.2.826.0.1.3680043.8.498.38935694477580522005505074220300062204,9eb373c50202a40ad87b0584488b9601,4
1.2.826.0.1.3680043.8.498.38940868544480800333574786964232944756,4d83991c48118b9a42aeda5d3f6877a7,4
1.2.826.0.1.3680043.8.498.38974023308452365783768081643215200948,3230520444e536cd78ef35e168aa30a7,1
1.2.826.0.1.3680043.8.498.38981318408220047366318316620365040799,73604a3f4173e51a9da3e9d991c4cd8e,4
1.2.826.0.1.3680043.8.498.39020025030013167602991688044932114354,8d83ea1110ad2a6ff13f7dbacde364c0,4
1.2.826.0.1.3680043.8.498.39020232951771672617852805188845504161,39e269790cb9caa16b8956bcfd2c2dec,4
1.2.826.0.1.3680043.8.498.39025433784711757736168236829157583043,d450eba6ed1ef678663b0f70cb1a5d25,3
1.2.826.0.1.3680043.8.498.39064406065534097226924475518005522427,2be5e84461991a3a3f565839ec4b3892,3
1.2.826.0.1.3680043.8.498.39068632185013624181565849012182917752,c479ade1f1518dfef15a50e6c6ba12ef,4
1.2.826.0.1.3680043.8.498.39070169128115370701189151138307035053,02ad77e3f344e9de4bbc214772931252,4
1.2.826.0.1.3680043.8.498.39135770176150551756142329948474103964,abc7f3a1bc70ba254e0c6ebf8e0f874f,3
1.2.826.0.1.3680043.8.498.39190090804401525573012570218955054016,a17f89265b2d4414e0a6f6de1a0fb98a,1
1.2.826.0.1.3680043.8.498.39197976722851762826265579540678924584,877abdc2446615b465fdeea157cf99ec,1
1.2.826.0.1.3680043.8.498.39250844287482885227700969308333354206,dc3230823e932ec3729ec564c6573d9f,4
1.2.826.0.1.3680043.8.498.39264696726258404531295961801831089064,484b68dfac7ae2a88e1f878ea0fa7e25,0
1.2.826.0.1.3680043.8.498.39275838957651450909114440721012584183,be8ed282f1579f45eadc9adb20e6e647,2
1.2.826.0.1.3680043.8.498.39324076659429494696721784912308233388,41225e5ff793497ad4b10f413916c71e,3
1.2.826.0.1.3680043.8.498.39375796600811714870169173423682043709,f85b4bd031417bd28ec73ef6e9d8130e,2
1.2.826.0.1.3680043.8.498.39394842976048577715164357752399606924,479ca14e77352f2667581eab551aa0b2,1
1.2.826.0.1.3680043.8.498.39399668753650041254826892657562722764,4f98be7fef80f7a6aa5eaac3e4afe0e7,4
1.2.826.0.1.3680043.8.498.39468803878805753474151381590569125402,cf7c88c8dd09145b3dcb5ca30502deac,4
1.2.826.0.1.3680043.8.498.39500553372517290823815606829518305500,a3c58bdcfdd863011ef74fc6fe9cd33a,1
1.2.826.0.1.3680043.8.498.39507184510584030713933330702725991027,ec5953133d10be8955f7f49ee2d9acf3,3
1.2.826.0.1.3680043.8.498.39547752108509751520306190293259313911,f1b7254608536a52f4cdaa623e62c38d,0
1.2.826.0.1.3680043.8.498.39578126940710463296572383286587298912,8d83ea1110ad2a6ff13f7dbacde364c0,4
1.2.826.0.1.3680043.8.498.39624624539323722688093816284210287611,ef3f5c6a1ca710a3be71b94ece6e3134,2
1.2.826.0.1.3680043.8.498.39636073039676814228254715705296535819,8414d7910fef166256c998be6375d883,3
1.2.826.0.1.3680043.8.498.39642276506855996181597769215091644995,47ab4479e8eab9fe70791b0d76ea1107,4
1.2.826.0.1.3680043.8.498.39787654910948635229369478006027304578,7c830889a4c1bc16de486e08fd7c1015,0
1.2.826.0.1.3680043.8.498.39799597341675508044808282472428242917,17642dd38b133e707054503b8789b861,4
1.2.826.0.1.3680043.8.498.39845300426582562781355154625767485381,8cbc5a0da62aff203ca782b4a7ebc3a8,4
1.2.826.0.1.3680043.8.498.39875636232483792306109110284167439592,db4fb4d93511595747d38a30d192477d,0
1.2.826.0.1.3680043.8.498.39895705984068714346274689335576595443,ffc8ca6fa5e3776db12fcc13fe7fb706,0
1.2.826.0.1.3680043.8.498.39932424305167611414527482641898907759,374945ea6c15cb7e37cb9f3935cc4a48,0
1.2.826.0.1.3680043.8.498.39954567501513957418422043089587980092,5bab506062b81a24e95023b8bc879567,1
1.2.826.0.1.3680043.8.498.39959632509842689058626880477779808473,1ee573921a3d124caeee26fb87d1cb8e,2
1.2.826.0.1.3680043.8.498.39969071491383654382076256213867635377,efda5a1a61940d70ff0eff8fd094f68b,1
1.2.826.0.1.3680043.8.498.40036526071307024601256787605725348112,c42fd77f64b043fbe8c8891d5dec8531,3
1.2.826.0.1.3680043.8.498.40041164441539690764994039690598305675,5042c085d5ae26097feab72be1c2391d,2
1.2.826.0.1.3680043.8.498.40086005762552976451418579375198597540,bf405f186dc8de491e6d1444dea9646e,0
1.2.826.0.1.3680043.8.498.40131899651518057045444739705301716085,2f3fc362632b2f152a0853bfb6c8483d,4
1.2.826.0.1.3680043.8.498.40154708689850542672289658249059660788,6f80d054da2a22c87d4c618bfcb9b805,3
1.2.826.0.1.3680043.8.498.40196271329411009311273016603705560443,6c4093d5e191e2280de7ec5bd91efdc8,3
1.2.826.0.1.3680043.8.498.40223239401390462911823193489179244754,d3cfa9cec5a791ec7dba5e7ed632f25c,1
1.2.826.0.1.3680043.8.498.40239104167848425290754606013326180693,ff358a9ce94eed715e30f95af935d59a,3
1.2.826.0.1.3680043.8.498.40254123984175499564145728084464192446,4254a65908ff9dc1ecb10651119e1329,4
1.2.826.0.1.3680043.8.498.40257126480600927758308319831518876543,85803c7b46e93333363f33ebdded3060,4
1.2.826.0.1.3680043.8.498.40269807401373034066229810558300266830,3d4946866ab587f604b72232e2c14ad5,0
1.2.826.0.1.3680043.8.498.40308838286515017547707130085914948230,b2d13dfd3a40da90d6f5263a34bfd79b,3
1.2.826.0.1.3680043.8.498.40317527233615709136328116805254969837,4e941044735baac022fc12ca0e1bb950,4
1.2.826.0.1.3680043.8.498.40372643537313871452054321931253684619,cc0ac0599593c115f9427c05d950ff81,4
1.2.826.0.1.3680043.8.498.40386781168330493993852288092654487818,402a65cbdca986d35f1c29d05cb52a71,2
1.2.826.0.1.3680043.8.498.40419759559020255481034237210540871312,c9b8646211ed92f6d2de3b106da0758c,3
1.2.826.0.1.3680043.8.498.40436886205373732563782477802719203679,a040d38c05731ada9a37edcf435e8810,2
1.2.826.0.1.3680043.8.498.40437305053062892226978469238653825745,825147a83c772df74467ae5eaf910409,4
1.2.826.0.1.3680043.8.498.40441879276927383122480339472406105572,89add265bbf9a8995a12216b832ae2d0,1
1.2.826.0.1.3680043.8.498.40487147942341753806704765355921322161,2a65e53a7fec6090b8cbfe26fc79cc6c,4
1.2.826.0.1.3680043.8.498.40533893516114346078820881178450524201,c616be40ea1bd26fa990956f8bc09b4d,3
1.2.826.0.1.3680043.8.498.40547250250566982489293057895661861722,7f247b7c12d5565072dd3eaa7644e97e,2
1.2.826.0.1.3680043.8.498.40576954651310602807432132614823906315,c13b7f126aeca283b699cdbffb2813b8,0
1.2.826.0.1.3680043.8.498.40608233778918249560056537030108548037,9ea44a61778e25c83498ed8d39fbd4a6,3
1.2.826.0.1.3680043.8.498.40612173652156509478338094582396889655,56ac6ccb9a426333021b97f3f2c7b253,4
1.2.826.0.1.3680043.8.498.40618283771317160262473004328692613267,1798dc7838a734516f24b1d3d12236e4,4
1.2.826.0.1.3680043.8.498.40627043074325458726412346974457616938,b0bc27b62352c09dfa90b1a9a12d1036,3
1.2.826.0.1.3680043.8.498.40654763252951267464957826289984701872,47cc8f6bd4265aa5ddf2a0d1951ed29c,4
1.2.826.0.1.3680043.8.498.40703974473944295875248011843170371394,f2dbb8eaa14a7ada066c2f77cee2afb9,4
1.2.826.0.1.3680043.8.498.40718200801895968234499223301900799376,62f6ff278c2925bd527cd2bbff2cd2f9,2
1.2.826.0.1.3680043.8.498.40723835064354784133289444204866484476,5e19f5a4d7d4933e12882239131c45a5,4
1.2.826.0.1.3680043.8.498.40765829900885943055669918091033014654,fc24873a71265805ac6fb22901b4057a,2
1.2.826.0.1.3680043.8.498.40823842819404259265489417470859248075,0cc71c02ad76852332bd57276a51ee01,0
1.2.826.0.1.3680043.8.498.40828786094337186697222449293183309391,db84a3048bd964ed61c15bf7787b304b,1
1.2.826.0.1.3680043.8.498.40837296112545776586904280088902000849,a04209d5679cbfc1607b556bdb6884e0,4
1.2.826.0.1.3680043.8.498.40898220266193841898869905714214454387,4b2b7c124ef28b39cc72d40b8e55b496,1
1.2.826.0.1.3680043.8.498.40910368031948275476880475208016058754,037ed66f05f12d65ee8eaae6b68f7f94,0
1.2.826.0.1.3680043.8.498.40930045208346676628855922755791787949,e27166d657d32b02905ad3f803a62dd0,2
1.2.826.0.1.3680043.8.498.40967435550546093348221485942169879116,b37e4662719b2a2bdace3cde0ff363d9,1
1.2.826.0.1.3680043.8.498.40987687016832998820664054439678138878,88bf96abb167ee9f9ec849c0f727d1ed,3
1.2.826.0.1.3680043.8.498.40994616246264625946610553907227975893,7eb44d33d782d4378110ff9c467657aa,4
1.2.826.0.1.3680043.8.498.41036022211588451079713314564568887994,834909e38a934ff06e37f2e6b8ceb559,1
1.2.826.0.1.3680043.8.498.41057428195711190931490429649014776496,f92ca0c838e2c4012f827496c0a1facd,0
1.2.826.0.1.3680043.8.498.41108421820714108307078614688022098388,2a3efc4d22fb8a79024dbcbdbb77b8ab,2
1.2.826.0.1.3680043.8.498.41124244151692842048993594448992046260,afbda8b57e56a468db0578f25256e996,3
1.2.826.0.1.3680043.8.498.41129090437522031508960438281451672212,f6c119d2deb1bd3cd1bc0e17dd0e10ec,1
1.2.826.0.1.3680043.8.498.41197678541534079475667407055098243437,2e12aa161d832c8d0d863790b57c4ec3,3
1.2.826.0.1.3680043.8.498.41240503248178304281405515398211762506,885bea848d6209a2800e65d756551fff,2
1.2.826.0.1.3680043.8.498.41254472410580125134596211010943842213,69f61def995a55f5ed47bed4bb4f1996,1
1.2.826.0.1.3680043.8.498.41315359092354940082611381451934245995,3b85776d3a0a2786a2c7b71f733e6af9,3
1.2.826.0.1.3680043.8.498.41326575785634778198143222323166756210,669f539520b21efaf7421615a1d0ad29,2
1.2.826.0.1.3680043.8.498.41363979247025384202932112601795525615,7cfd1e5ed1793177fa2a02c48b0cbc20,4
1.2.826.0.1.3680043.8.498.41366889271483886167284378157366992074,d4e839c88b68771ec4c51c3c1b872766,0
1.2.826.0.1.3680043.8.498.41382780862853765983216810855531499640,d531c3394fed8b2895971466c8a03589,2
1.2.826.0.1.3680043.8.498.41439889720274233955076963938741061358,9c5331f96ab5dd32179a606b05c04a52,0
1.2.826.0.1.3680043.8.498.41440206520769979754790425253631809212,f6bf9cac0a97af2d231f40592e145ce1,1
1.2.826.0.1.3680043.8.498.41454762422897656673710145732036115764,ac2208f884a3479b77486a2f82ce0653,0
1.2.826.0.1.3680043.8.498.41564229176277158115386256329157870722,1d2dbdd6fc477f01b3725223b85b8b05,1
1.2.826.0.1.3680043.8.498.41587640208769641326416798167574152049,612aa8e2aacd78d8dc527e5922274afd,4
1.2.826.0.1.3680043.8.498.41600498783384864111179175518614837125,c4638eb43dc1900c7007a6ea431f5c1f,1
1.2.826.0.1.3680043.8.498.41605033773891953796694219242501252567,318528bdbdca8a3254833838c8cdd864,3
1.2.826.0.1.3680043.8.498.41619164749467663852546208143469380415,ac6ff78398ff10fe43a3a17c14747165,3
1.2.826.0.1.3680043.8.498.41623512571866040054960002151226127775,f2ea7aca115105ee8746714c102eb2f9,1
1.2.826.0.1.3680043.8.498.41640481150213029810772014344448781554,8ee6b5e9092dc3ffe9b9a059143a36ad,2
1.2.826.0.1.3680043.8.498.41657361598083583047831423768034379414,95c9897690d7473fc111af50dcd39354,3
1.2.826.0.1.3680043.8.498.41662013720606493874198348776219875496,92862e0ba662f0d177d31455a46abeff,1
1.2.826.0.1.3680043.8.498.41672145969790132883562432403529293545,8739f1c2894c2a5f53a450c56ae42217,2
1.2.826.0.1.3680043.8.498.41696746845418651508748386392327996143,1c88ae5e6364664b597dfd50ed5d91fa,1
1.2.826.0.1.3680043.8.498.41698150452794914665945455397334605778,5ba5731b93759feb563c1af41ea1fb66,4
1.2.826.0.1.3680043.8.498.41717437729988689273718049162153247404,5282ffc01347e6a738ccacdf1414c39e,1
1.2.826.0.1.3680043.8.498.41751049067043481681879071436091069601,d54b543de1b328a0ab587e8e32bc17e9,3
1.2.826.0.1.3680043.8.498.41769275806689876192405091865340286535,32d65c9b9b970c145a3e0639053f8620,3
1.2.826.0.1.3680043.8.498.41776233288569201013095816839442161537,092aa763a7baad308099f8b779a83534,1
1.2.826.0.1.3680043.8.498.41810826648175757249770990269365542940,a1acb94fcd49159be3867a9431deb9c0,1
1.2.826.0.1.3680043.8.498.41837648239243141231469586963862388683,d4d8d29ac61a8fa6189cd092818d36b6,4
1.2.826.0.1.3680043.8.498.41852534027066121760361035269460584004,413dcd34ca1ed74ab9b8df5b6b173d3e,3
1.2.826.0.1.3680043.8.498.41854610297797849683195403204758363476,d09f3f1d377c2c89348bf1fedc729db4,2
1.2.826.0.1.3680043.8.498.41856137734822068230231773222820851271,9e933c20349072901d175105c6987e75,4
1.2.826.0.1.3680043.8.498.41939824564209194493855981805593285528,479a3c6b2d44b7e670f856f779e66d9d,2
1.2.826.0.1.3680043.8.498.41990779875873214154237496750949660480,f2a0a72e2909f4b877a94dc9773934cf,2
1.2.826.0.1.3680043.8.498.42018410640565840140895012243840256810,6ee2cc07e380d1c2ec5388a60a46e344,3
1.2.826.0.1.3680043.8.498.42018683052544325209168649309206539721,269a7dedefb2b1e50a9308dc55b5bcab,3
1.2.826.0.1.3680043.8.498.42023788139360998656558751921918860808,8b3469ee59ddbcc3bf55c0bed7ed50fe,1
1.2.826.0.1.3680043.8.498.42051385452979123325023608442860201782,479d581ef71c4095d25ffd0bef28e3d0,4
1.2.826.0.1.3680043.8.498.42057349781448469704191384429694247725,92f0f1ac46944e953c9b1d03b0d6106f,2
1.2.826.0.1.3680043.8.498.42120645248710860870761681999665860884,816f279563264d167ee6f75ec7bf679f,2
1.2.826.0.1.3680043.8.498.42130173624033946465704266507948122088,7acf49d06de65d2941ebcaefb0b5eef2,3
1.2.826.0.1.3680043.8.498.42162585695624963017992042571207363427,6cc4fafe48cbfccd8ed91f07d8b4568c,2
1.2.826.0.1.3680043.8.498.42221373360893091454504422964928099406,8ec8db1a7401f2be6de54924e7f1ec2b,2
1.2.826.0.1.3680043.8.498.42225165085995728538373532053227662192,0eadfec797aefbc6f0a2b01a424bb6b6,1
1.2.826.0.1.3680043.8.498.42287188181305579531212818123200473947,385f2d079d8b34a888f027f1ec3a9670,2
1.2.826.0.1.3680043.8.498.42389063782063360163798575455522539633,3adf0f9785e03015e74958e5bb1b5537,4
1.2.826.0.1.3680043.8.498.42396216793489016293032290339618185275,0e2df75774ac88750c21ba0e64460f14,1
1.2.826.0.1.3680043.8.498.42414269167296543219685897036829241885,08772c0291264e96380497e8f2a95eaa,4
1.2.826.0.1.3680043.8.498.42476443240785038044326483794941265936,d82ea8e737510eca4d3dd34a0f30a887,4
1.2.826.0.1.3680043.8.498.42486421970612099441197418307958561877,d212f4200a180a937a447f1ffdc4b8af,3
1.2.826.0.1.3680043.8.498.42499092649567991851673654940784921876,c1969874d4c3e769f4f6742148ecfe7a,0
1.2.826.0.1.3680043.8.498.42566296562794128096734153388840524012,cbc7c20d85ffe762bb5f859b572606f5,4
1.2.826.0.1.3680043.8.498.42580107838226807862930203257414265276,5d6eb3065462fbf8817ce6baff4e2bcb,1
1.2.826.0.1.3680043.8.498.42587087495729026068405824960397052997,7a9ef0f83905480bce0308dc9e63edc7,0
1.2.826.0.1.3680043.8.498.42598518026540237824479232797503218019,f5e745b298ed57bb27ee106f143941d8,1
1.2.826.0.1.3680043.8.498.42609322631348207494943622999125822017,58a7892ac87cee3cac8f21bafb34d495,0
1.2.826.0.1.3680043.8.498.42634709955067416383713194799683605006,6869bb607269dd422b1b0735a9aa1e83,3
1.2.826.0.1.3680043.8.498.42719592405241698450757802131459694665,734cf5dac02530b34b0e13eb9885b025,3
1.2.826.0.1.3680043.8.498.42768603719459834345001093623865167866,cc382257f58eeb496f9c62542bd1ed9b,4
1.2.826.0.1.3680043.8.498.42776652100045349404152232788825670056,dada01ba945105a8ae034bf2cbdd6198,4
1.2.826.0.1.3680043.8.498.42778524243264061817587398263842942394,069617bf2eb86756e1f838f9c00cdffe,0
1.2.826.0.1.3680043.8.498.42816339547796375466199938922141987775,645cc9066588fef6703f3cc971ecfab7,1
1.2.826.0.1.3680043.8.498.42829490507052740062127365747846030214,687be6035ea7fffe8eac6d0a944cdcf6,2
1.2.826.0.1.3680043.8.498.42847376403722341195083350288786052637,7257ae5acfc3cc8fe36499ccfc433fa0,0
1.2.826.0.1.3680043.8.498.42887028634948156598417204377884297339,f2063dcfb8e6722f26e604d9ba8d7335,1
1.2.826.0.1.3680043.8.498.42896117106271721157113072562739356381,ad02d2b181275fda42cd885708ffa2ec,2
1.2.826.0.1.3680043.8.498.42921593713351589642747633505679170597,7ce5c8d20b39f7e98e3a9e88ced4aa08,2
1.2.826.0.1.3680043.8.498.42942844751304929338846069579289911684,a7a2efe4f5dcf80c5df5cb493d7fa48d,0
1.2.826.0.1.3680043.8.498.42965031665568825650795822006244115609,83e22e7b129c72697235f77f459efaba,3
1.2.826.0.1.3680043.8.498.42967970121147528831983176261453235744,870b32769c536a105d5d819dd3cc87bc,1
1.2.826.0.1.3680043.8.498.42990542863216044717944418712887800295,ae3a2f9e76f49dc93177a4ce2e7fbf67,3
1.2.826.0.1.3680043.8.498.43014288535685961874615794778401152033,630dd2961f7b3a7deac763156ac3faea,4
1.2.826.0.1.3680043.8.498.43046713539641995841029654207663845887,ce60f78b74be878e02a98c445ac29b62,4
1.2.826.0.1.3680043.8.498.43065391907984821806263204343792008938,85c916a60bcc455afda89f7c47573e8f,0
1.2.826.0.1.3680043.8.498.43117007553940146763245418710268028741,58287cc9128e1e0931a7ea17d4ee9d94,3
1.2.826.0.1.3680043.8.498.43127139928509033152155587499980767364,318436cbcb1bcc6be8a37ffd1d7c9cf2,3
1.2.826.0.1.3680043.8.498.43144544376687968624598661376472625623,0384eb8a5f525a62873e4e709d014b70,4
1.2.826.0.1.3680043.8.498.43256282639827216310036033378453939750,384696eec994fac76b50d63c870991b1,3
1.2.826.0.1.3680043.8.498.43256905750043156063416845850825787417,4c01ff9791235b3e2e1ee67da4113241,2
1.2.826.0.1.3680043.8.498.43300763182450509440662392516941842389,98fc971b7ede2a9673c6e059aae86a86,4
1.2.826.0.1.3680043.8.498.43325226037168674077736336919956196684,9f7bfa0745185d1dccf25a555f35df69,2
1.2.826.0.1.3680043.8.498.43339007024446439709455570527734115557,73c6a60f2b6a4b34d39ba075f0f6e258,3
1.2.826.0.1.3680043.8.498.43351215447181735764667371462573550267,2dfa291fe2af2bb26312c8e36b18040a,1
1.2.826.0.1.3680043.8.498.43355923025859051425546451466843844346,3c358e450873b2e1c9235c65bb5e19c1,0
1.2.826.0.1.3680043.8.498.43412154740072739455825163326814980838,6a830e885469da14d22fd8761cf7c3e5,2
1.2.826.0.1.3680043.8.498.43432499267536761263202158662502957684,851129dcc77bb6da7844e884ad8e7d2f,0
1.2.826.0.1.3680043.8.498.43439413368880313042951208701983487343,f00a873b95efe9930c29ad48becbc42e,0
1.2.826.0.1.3680043.8.498.43442933855807685981061557274166869461,9f1bf00b4771acde354a15e5d54a0a0d,2
1.2.826.0.1.3680043.8.498.43445351322695981909807931874796758490,0677681ae97f5e4717bb87b32e7a83c0,2
1.2.826.0.1.3680043.8.498.43483537125776347707929354413013709736,00c9af54859af093579ac03dcc6f0182,4
1.2.826.0.1.3680043.8.498.43587191909319947256183198986671106743,1e767962e14eea83ff76e9f6e2ac884f,4
1.2.826.0.1.3680043.8.498.43587826365647713044374316837330397375,654fc738d79d3ad55a6602294406845d,3
1.2.826.0.1.3680043.8.498.43692339773096477132070133629776394739,953ca38023f93bf82f7e7e06dab1da74,1
1.2.826.0.1.3680043.8.498.43709699920591091261137846976272625163,15c7c7491b774b0b4cb8696a78897253,0
1.2.826.0.1.3680043.8.498.43779228281849457650343989788070421822,80826edeb35316bf8223eb98c0ea31df,2
1.2.826.0.1.3680043.8.498.43797037142729611453626414920554246615,51b3998b6e0dbec403475b3e3162a9ca,4
1.2.826.0.1.3680043.8.498.43832771919542075229536000564653592465,db06751fc93fa8d7527847244e593b9d,0
1.2.826.0.1.3680043.8.498.43870319732657730742794291443940225011,e05b73b384455b8b7382d5829ea3402f,0
1.2.826.0.1.3680043.8.498.43967752580489865323542041346927244370,246c1aaecf6ee27864a2610c847fe4c5,1
1.2.826.0.1.3680043.8.498.44002376543340544410495269060824194475,1ee20ff679380ec7047682c75cfccc96,2
1.2.826.0.1.3680043.8.498.44024350801191362011463613321559949052,af513c97f4201cf9366a216d1330956e,1
1.2.826.0.1.3680043.8.498.44149403030093858908988179411336839587,74e30f39cf96b8e5c401ad0153e5d17b,2
1.2.826.0.1.3680043.8.498.44239214982361627984688924889728201208,d6ddb19328cb909cac7014f768f51fcf,4
1.2.826.0.1.3680043.8.498.44259687212868598275713310246316207497,d21bc4706e0125442f6c4717cd932ea3,4
1.2.826.0.1.3680043.8.498.44261256084247541720465769177956875383,d1d629fdd33d302c4c4b0601d75100d7,1
1.2.826.0.1.3680043.8.498.44321626715626508427287815810252844889,7d300d91947fc2d728bf5704f5ef325d,4
1.2.826.0.1.3680043.8.498.44323131330689365651417881352766725366,48bcf657ba6cc3517b34ab949b29e7ce,4
1.2.826.0.1.3680043.8.498.44333089398623004498721836325723633455,b397d5b58802df549a91937da60211de,4
1.2.826.0.1.3680043.8.498.44350638600163778456163342454087669278,e2a826698f23eaf8600d7900c6ea105c,1
1.2.826.0.1.3680043.8.498.44365814642869065241166313231424697474,97a84d0425fe73a62fe1376169b9c96a,0
1.2.826.0.1.3680043.8.498.44405554266141576380633014711246118209,7e9f02461a2fbc7e5fef27cfb7a4e57c,1
1.2.826.0.1.3680043.8.498.44417768181231991989438194369583907493,977aa549c55b194b06a89ac0bc196b2c,2
1.2.826.0.1.3680043.8.498.44424196147366603683090692394096032727,e967286acff6a0d57dc7fbb67b977c8b,3
1.2.826.0.1.3680043.8.498.44441813293962885868294317830142850713,86883114d798ee6a5ad79f7db041773a,0
1.2.826.0.1.3680043.8.498.44476475746458439091354236934188679569,69e0cd64c36d0b5fa1e531199a8f7d4a,1
1.2.826.0.1.3680043.8.498.44525218699266472141419416162979441275,e0ab7ba7ffc24a255d0bdce4f29fff51,3
1.2.826.0.1.3680043.8.498.44629238055006732101555855930071163428,d6d77ac157b47b6054bd0964e0f046a2,2
1.2.826.0.1.3680043.8.498.44654558140536370040701171884970036040,213c9626ccaeadf2efc03ae6781882fb,0
1.2.826.0.1.3680043.8.498.44670636848627131733157841382853275817,5bded0ffca2461f31fddfe88bf259e81,3
1.2.826.0.1.3680043.8.498.44713330360073884105636085566230396530,42ec9c79062d1f3dad68e30d7a5f106e,2
1.2.826.0.1.3680043.8.498.44733200650377282012534389271385687852,3f19b5755353d13670d9f6d403b62bc2,4
1.2.826.0.1.3680043.8.498.44758766790156297849747618145458535803,802972f8b3eb0e282c2f0813f7b14f63,3
1.2.826.0.1.3680043.8.498.44792591585917525576461101442761037507,9daa40d80eb4927a0c7aecf66f3cce25,2
1.2.826.0.1.3680043.8.498.44863396093454506630473164990623458425,22546cf3051d58b69aee6d4a2a78b112,0
1.2.826.0.1.3680043.8.498.44875593707781066742286566388388035791,38719d93be77dd508ff8079f7dbe77cb,3
1.2.826.0.1.3680043.8.498.44879085997210091159117906674172231025,2d13c9cef78240d8fd5f0740e00b7da4,3
1.2.826.0.1.3680043.8.498.44879493336213912007673875382158420811,c3ab193cd76ab32130d9a772094c50aa,0
1.2.826.0.1.3680043.8.498.44902036121220687805715010480088379768,86a4a4d0da9a4f652d893a3f0fda490e,4
1.2.826.0.1.3680043.8.498.44941174190375343987327566550204051010,5a59f50d698a3db2647023e34cd59622,0
1.2.826.0.1.3680043.8.498.44996883917122941421301655137158093858,879cf323d500ec1042bc434927a616dd,4
1.2.826.0.1.3680043.8.498.45033326048521572717771708818514772861,f1f73ab8a5e1fe3383cc32a535568365,1
1.2.826.0.1.3680043.8.498.45059917085750212913588683242522799083,87dd60c07401c4d134566ad309ad7033,2
1.2.826.0.1.3680043.8.498.45072896942121803896760563154385918032,8a135d6dcde1880e25d9d44ac392f057,0
1.2.826.0.1.3680043.8.498.45082393649917309927267478072569185694,4f1c5ffd299217f1fc0f181cfb2ce643,3
1.2.826.0.1.3680043.8.498.45118217412917282413100913670807141634,56d8373dd2b7289273627bfb79dfe176,1
1.2.826.0.1.3680043.8.498.45170517567841608067443743961197123093,b5ef1a5a861c08869c8ce898957b85b7,1
1.2.826.0.1.3680043.8.498.45207812477654339877341538582090218293,32d6c9542f5a095e9a9548a42b692e31,3
1.2.826.0.1.3680043.8.498.45251306032215692953561852960585282987,ba31617c8b3fde87240899a1777dba00,0
1.2.826.0.1.3680043.8.498.45273393220765922863913956738614783632,7d5b479bb1766005c4d060e97b3b7438,3
1.2.826.0.1.3680043.8.498.45286493874121093392171044034263851961,fbd966ab86feb451cd9a9d0b3bfd1447,0
1.2.826.0.1.3680043.8.498.45304570280714567513866386380356988876,368e6393910e66b1aeb741423220afaa,4
1.2.826.0.1.3680043.8.498.45316453179223822297459860764883030492,0b4ce58a9a194034f9ea65999e6c19fb,0
1.2.826.0.1.3680043.8.498.45326662718293919909188368237039419949,0aefd0174f00dfa62dc4cf9840391df1,3
1.2.826.0.1.3680043.8.498.45332185607602495786497298658937575959,3a69135638d73188d18ce869bebfe309,1
1.2.826.0.1.3680043.8.498.45367987334597713963053051542179369641,079494b84983e25937d3d3baa0a440d4,4
1.2.826.0.1.3680043.8.498.45368532788186860828867663606651818835,1e5611fb90eb4fac15ea04893a3446e2,3
1.2.826.0.1.3680043.8.498.45380312679924593883892686293576260616,8b09a21076d284efea7e5d7a93941db8,2
1.2.826.0.1.3680043.8.498.45392604471538776666611947492530314159,c0a6bb695da67bb5840b147cd2061a70,4
1.2.826.0.1.3680043.8.498.45406212529450909512649737062964080190,0efd8f9f456bb435608585187a344dec,4
1.2.826.0.1.3680043.8.498.45454539422542821586939369440135728144,ea5dfeee4e57301e177bab3dffbff491,1
1.2.826.0.1.3680043.8.498.45462389009834095091353507592651342877,ab2a9d4a9c506ccd5ab87c8efc2d6715,2
1.2.826.0.1.3680043.8.498.45463321406810606039579747001339703552,5330ca614a18ac0c1df15c9cacff387a,1
1.2.826.0.1.3680043.8.498.45491168638937605395466251659273753775,7c3ed849f7a8c6c82fe1716cd07d73e9,2
1.2.826.0.1.3680043.8.498.45504348071514081636909771148066956410,0a5b0c8e4c7e5e7cf9af5d1d354ba3b2,2
1.2.826.0.1.3680043.8.498.45519502487291848581539950159353124045,dc3bf986a8b73d83f0ccd9bf2a83db10,1
1.2.826.0.1.3680043.8.498.45625191292968830335971647388746041117,382bd1529e6647c6e714f322e6919ec3,1
1.2.826.0.1.3680043.8.498.45630051398709774279703407401383545642,99390fa470635aebb5f0ff143d7213b4,4
1.2.826.0.1.3680043.8.498.45644703214235636656820126625301033696,859ed0cf36d6c4aa2a2295506c623177,1
1.2.826.0.1.3680043.8.498.45678969592219293243366784683191701674,ed0f36a87a0d19f2062bd46fbbf6ab6f,2
1.2.826.0.1.3680043.8.498.45755198489211010290512228906807170657,ca268b51a4a8092610e9dd6077fdd593,2
1.2.826.0.1.3680043.8.498.45768777378108699271714894225826640121,7b58215bb169c06531eec933a0224b32,3
1.2.826.0.1.3680043.8.498.45811964949115542204306831813385709206,a200bb59c39c8767f19fc35b703ac4e2,3
1.2.826.0.1.3680043.8.498.45862157701704991290669186265816463426,2cc9cd64b39ce3f30de5f8ca8d11d12c,1
1.2.826.0.1.3680043.8.498.45865541491386404818767748310365919685,7f92cc764f680b5178900048868b54ff,2
1.2.826.0.1.3680043.8.498.45868806544202339567395643235910857549,8d83ea1110ad2a6ff13f7dbacde364c0,4
1.2.826.0.1.3680043.8.498.45894475516096841241467193775629362381,ea69f3f0cca6fbc9ead1be782663baed,0
1.2.826.0.1.3680043.8.498.45968957856865486437256472516713628614,7033088301d524316b916cf074bcb800,1
1.2.826.0.1.3680043.8.498.46001596547902477402837300565271742663,3590f30ec4f338c7a1ddbf9971e6bdfc,4
1.2.826.0.1.3680043.8.498.46016776602328665980436110567854612595,5d6c323d4daa7afe5d5c296a674ed800,0
1.2.826.0.1.3680043.8.498.46036209147177723970966724006242055397,da24a804f641fbb6d3719c1c5666926d,1
1.2.826.0.1.3680043.8.498.46051119885630602872050329412008545893,fc17dad26a441f97563cca74370896ce,4
1.2.826.0.1.3680043.8.498.46052469424267861803032899866428547156,47fd974da8a8de011ebee43f78876c2f,2
1.2.826.0.1.3680043.8.498.46123761840464615814604226041496278995,371e43fd11a33d6a6367d7a825c166ff,0
1.2.826.0.1.3680043.8.498.46172451572836863687073454997158931662,fa04245ebbb492230ebe438ca124523b,0
1.2.826.0.1.3680043.8.498.46222691720198967161306520058359099856,4bef46c9c52985615ed21dfd2af60c70,4
1.2.826.0.1.3680043.8.498.46228189366201925238527911905072482095,7421455fb88cea6af03556ff51823f6f,0
1.2.826.0.1.3680043.8.498.46259494895672269475940484605821837768,62d824d1e9f9ac8c5592a92f70b24626,4
1.2.826.0.1.3680043.8.498.46268820642949526111807948525363811264,09c055fc4bbd35f09c85702fde4f2c4c,2
1.2.826.0.1.3680043.8.498.46282234455466954264170065462242039568,1d20f2b343208cc91c5a8ea2243a5876,1
1.2.826.0.1.3680043.8.498.46297226877524853395345229615300658523,fded2e2310de0fe12a880230c9175913,0
1.2.826.0.1.3680043.8.498.46305694398420300356121078124030126469,4ebb51b91ea8ea3588bd358b2b864a80,2
1.2.826.0.1.3680043.8.498.46309540159823359540686782651264853894,3134b7034fd8d368c3eaa43c55477ee4,3
1.2.826.0.1.3680043.8.498.46335849264221717416382765091672040855,9c661dc27029309b3401ea19010352dc,1
1.2.826.0.1.3680043.8.498.46407639440476738746130651250276012493,b5f84a00ad2e737707e7a6c5304cb8aa,1
1.2.826.0.1.3680043.8.498.46427879286435198611282055405541286766,7858041b0f577e081cb8debb24daf21c,4
1.2.826.0.1.3680043.8.498.46452612704507986055186132736451572677,a3c8d1e5b72baaece390bc26d91f8bb3,4
1.2.826.0.1.3680043.8.498.46491051379327985199309365945879841064,5b7050ea3c2dc20dbae63b6a56f8e68f,3
1.2.826.0.1.3680043.8.498.46506161284114284997220751358509505380,ed4defda31c7ea163d21cd2b3e40d4fb,4
1.2.826.0.1.3680043.8.498.46658713832425741743740258795376270265,4d96c7bb3ae8229ffc9703798e6c1c0c,3
1.2.826.0.1.3680043.8.498.46700895961751940291334058396794206479,ff7d6f23d7a8865fa1ba2da4df20307d,4
1.2.826.0.1.3680043.8.498.46713978512945139851373191422321462143,429145fc302d3830e90693b1388513e6,2
1.2.826.0.1.3680043.8.498.46715670142711601593792518196789347552,f6167f13ce747a5ce3ba3bb65917c12c,3
1.2.826.0.1.3680043.8.498.46745172905542117506863575411125924241,0ddffb35b30cd317a2c2e052ab566229,2
1.2.826.0.1.3680043.8.498.46770589129181839292542004762882468541,7450c8d6018cfb94b24e14aae57c11e7,3
1.2.826.0.1.3680043.8.498.46776367027887983105817631582518625639,1996b00454c1812ba7665f4da573f5ac,1
1.2.826.0.1.3680043.8.498.46797419946872257347118338518757027995,20a47a9400448933fd7da796f9abf004,0
1.2.826.0.1.3680043.8.498.46825768767498441994570613185981335949,e6bb0fc3d93a5e3dee5e5d835d41db50,3
1.2.826.0.1.3680043.8.498.46842734152337184482152392783260161845,4efd4d123ec39270a23ba7023de25c9c,0
1.2.826.0.1.3680043.8.498.46884541791777826238103426426267571657,641fe90a6115840a323612de3257997e,0
1.2.826.0.1.3680043.8.498.46893956584698923808118623450380169212,e0a874246829f52a9df3eafd4616a32f,0
1.2.826.0.1.3680043.8.498.46909729013880708074310736136355969956,fc26e2ead0f0f15a9df7b68676a05c0b,1
1.2.826.0.1.3680043.8.498.46925959240037679795735705370016021232,4db09907c60ea52b22b60b6a3dd2f394,1
1.2.826.0.1.3680043.8.498.47004674612174010017653097242531940431,53d567212d674968b0c74c6f0f75813e,2
1.2.826.0.1.3680043.8.498.47036446751578280498105392189811189787,a47a202dd5c877254bda40a4d979ed38,4
1.2.826.0.1.3680043.8.498.47061252152535181371772020997295000029,7663d3d14a4a35b16118b8d56bbacddb,0
1.2.826.0.1.3680043.8.498.47063694709201049930726855357000925037,b58720db815a4dda97ce209c7086f4aa,0
1.2.826.0.1.3680043.8.498.47080537724499166054609508776778189902,4d8ea0b815e4973551177a7a7c6c1c57,2
1.2.826.0.1.3680043.8.498.47094981922544354899183959858078311972,330ae05d5176e57cbfb08d55c59d37f5,2
1.2.826.0.1.3680043.8.498.47130872195336642107576758658144949813,76f25ae0267adb00b2a8237ff64b4663,0
1.2.826.0.1.3680043.8.498.47239511009810375185594384849101241004,cb21afa5bac8e80e09bbeb01be062e91,4
1.2.826.0.1.3680043.8.498.47255564202539432049700324486197024855,a1bdc4b1c4c3d561d5a8e69fcf6541b7,0
1.2.826.0.1.3680043.8.498.47267174205472073784818634988669693642,4ca9acfd7c344df09b7a6a2bd88c177b,4
1.2.826.0.1.3680043.8.498.47268599732083036147289040424392838620,27b9669cc079151209d989b403e53ffa,2
1.2.826.0.1.3680043.8.498.47336007784831556446570294227732688335,72566b72db1863a6668a9b1e28f40c2d,3
1.2.826.0.1.3680043.8.498.47339093185444044578247608022398494955,f6a130982d317a87f3196fcc20b3105e,0
1.2.826.0.1.3680043.8.498.47391919345230380216864709248400573953,ef572d22701ac703a2e42640e4a28887,2
1.2.826.0.1.3680043.8.498.47449893776425045020340604662487159684,87ab246713d8c9cfd5b81110c02c8feb,3
1.2.826.0.1.3680043.8.498.47465512474718256570933149642267926825,abce453bf4a9b71e5f8d3c10f36a0f9b,4
1.2.826.0.1.3680043.8.498.47495385306095610608327984787779011133,88109ed36bd9c17e95369647fb5898cd,3
1.2.826.0.1.3680043.8.498.47531034194300620953276025401018051246,5d7f8f08abd561491feb8056fa08c0ff,0
1.2.826.0.1.3680043.8.498.47651715105501347255071941051553742767,5b18bf05e6aac7878f61d2658378e3b7,0
1.2.826.0.1.3680043.8.498.47655269404919497034805209368250028981,0a14868071bc9811a68eeedecaccde74,3
1.2.826.0.1.3680043.8.498.47666607805434428477774854287399691400,d3bee7c8a8486f9f09e3226418c428c2,1
1.2.826.0.1.3680043.8.498.47678121014268671436574141288012829166,05f632f736aaed50460554c387824d2b,1
1.2.826.0.1.3680043.8.498.47707670074001059720671838493302874710,3bc10519be6d5534dd14a49bb741de1b,4
1.2.826.0.1.3680043.8.498.47753549323738763346112850705924843959,4d9f3447b13efa5e2e3ed3be69758a36,1
1.2.826.0.1.3680043.8.498.47784065888386216103165400551121771174,dc545afe1f27ba86928ea6fbf52e1edb,3
1.2.826.0.1.3680043.8.498.47855330524708374523226349383799712473,acda5bb3d2ec268e148fae1119fe34b4,0
1.2.826.0.1.3680043.8.498.47864423097056282241181943425451597067,cd0616db54dad3b774d1242c9bd8e3f5,0
1.2.826.0.1.3680043.8.498.47870074144891988520855535250618228390,2c0a4368ddab28107dd73f8f0aeaf62e,1
1.2.826.0.1.3680043.8.498.47921753480592595198052407850568677187,7bc6f227010b55b9b8af9716fe806c13,4
1.2.826.0.1.3680043.8.498.47925688677871325890380893763458019552,1e68ac6dcc571bf4a112f3c5ab505883,3
1.2.826.0.1.3680043.8.498.47949251060660360953300340380324578835,39e0c9aa1e6c5c750a4ddc4d5a56b28c,4
1.2.826.0.1.3680043.8.498.48033467661219494489168041469309669510,5b85acbc9f3404bfe5478b646ea3c871,3
1.2.826.0.1.3680043.8.498.48068031587855513429324313927339963541,c3a0a49ca2239e3b349d43ca3c572f8b,1
1.2.826.0.1.3680043.8.498.48141366506505611287110229972010695331,d2181e3b30cba46cb6284518565d2c69,4
1.2.826.0.1.3680043.8.498.48160569779413970442472500116176876660,2e25a24c42b2e9a0bca0e9888f90f2aa,4
1.2.826.0.1.3680043.8.498.48308485987218296338173512060246238691,074ee7a79cf1bdb688a91bf2dec71dae,4
1.2.826.0.1.3680043.8.498.48348615349418615469875801439348424274,580d24ab3cad185e4ecb1906e0075f73,2
1.2.826.0.1.3680043.8.498.48367523758673249284754003765836877239,85fd233dcb5ab3da4166a6faf2b704f0,0
1.2.826.0.1.3680043.8.498.48368929760320103375578806071106317953,dfb893a9200b12d80be8b82f2326d54c,1
1.2.826.0.1.3680043.8.498.48417903971145834309474934717837250776,71c7d120d34a0544c2bd5883de854824,0
1.2.826.0.1.3680043.8.498.48435973333068748044485658920315789799,c144f6001bd3523a791afaa5f77546ca,4
1.2.826.0.1.3680043.8.498.48486018503198264262324670490116120612,21e6337943897efefe60ebe75bd61a6f,2
1.2.826.0.1.3680043.8.498.48520238688122533624681796433258211236,6c5c73e58165e5adb3b940ef888d978b,0
1.2.826.0.1.3680043.8.498.48521453765449688946535921546652765399,d97b6a8a6680f1971bb6fc333aee2455,4
1.2.826.0.1.3680043.8.498.48531746264504523370547117933271161633,9cc5409a1af7848069a8ead5819ab918,2
1.2.826.0.1.3680043.8.498.48564780460694033783288540237012068889,71a7cdf34c4edcf6436483d8f3a4eaa1,1
1.2.826.0.1.3680043.8.498.48658459018915173972212724570862424208,eae8eda3bb90364494a8019cebcdc721,0
1.2.826.0.1.3680043.8.498.48697800450463192944610588533290320545,f27a6ba12017a65a8d2b8955ebc8baec,2
1.2.826.0.1.3680043.8.498.48750912584073496502856009873745362236,89a4e0a41a1afde064f3b073b2ec5fcc,4
1.2.826.0.1.3680043.8.498.48771187298294322173131630438467163244,02da73cf75d8c8fb83c6cfb3d6b072dc,3
1.2.826.0.1.3680043.8.498.48780598610511011488578963416186905560,48fed63d7d079e46b241ff257f5ed8bc,0
1.2.826.0.1.3680043.8.498.48784244479029704181755878324450207126,13fc845edfee825b2c9578ef039bd5a3,2
1.2.826.0.1.3680043.8.498.48818931767017230678539144135307491171,f7574e8db97c8799852e25dc570a890f,4
1.2.826.0.1.3680043.8.498.48829151552094424673693975665028690142,dc89481d63193e98b6642518d97b4673,3
1.2.826.0.1.3680043.8.498.48855562507887692822284056171390459619,56a74cd7d248a078dccec7443adad8e1,1
1.2.826.0.1.3680043.8.498.48872083192774100826667097552356058756,aa9bd667023db7ab3270f887a7f42b18,2
1.2.826.0.1.3680043.8.498.48918090379630186340047006216221526186,a303a7f07cab6fc6ce9ebe3d5075254b,0
1.2.826.0.1.3680043.8.498.48933020429865163393792899740045803587,bfcdd7989c7266990caabc16b563e35d,3
1.2.826.0.1.3680043.8.498.48946580946665031852355005294734101132,a5e9eb7146f181ff3a4391d9e0755966,4
1.2.826.0.1.3680043.8.498.48977699132767849812826572970218325717,89e4dd22b4d642ffdb387c4778f8a649,3
1.2.826.0.1.3680043.8.498.49025249926859976858200443939208207124,19300bc0960e052544ff8276a9ae04f1,4
1.2.826.0.1.3680043.8.498.49047255106144196602523585429683869547,c5cb734807fe322fd436952e68d5a86a,4
1.2.826.0.1.3680043.8.498.49048739684287632681242054218807611262,62ed9456bcb61e30969cbaca977a6cd7,1
1.2.826.0.1.3680043.8.498.49054454369199540406654153762248931799,8e87c9b7bb4c562edb79074ffd9c83bf,4
1.2.826.0.1.3680043.8.498.49094276335794811195117175603556929507,e0a9b00820cbfab147282005e36c8266,0
1.2.826.0.1.3680043.8.498.49163335688297423808344168197551387860,83988de7de2e6351b7715c38307f014f,1
1.2.826.0.1.3680043.8.498.49186859342644783675130322288585477727,18da1dbb259eec45e8f8bbd6cd49b5f6,4
1.2.826.0.1.3680043.8.498.49219586198038249030222134813685536295,ce1194bee590225f468d444dca2f23dc,2
1.2.826.0.1.3680043.8.498.49287143478474218875661109488367501329,e3f6029aee1e9240fee4a0fa41027005,3
1.2.826.0.1.3680043.8.498.49347024975371539869871751159907613638,0333541eb610837eaf43038cd160eef2,3
1.2.826.0.1.3680043.8.498.49379034023506626029648394840207360925,0fcb8963872599a474bc2c22c9a6ad69,1
1.2.826.0.1.3680043.8.498.49394404966674633152360206835416205330,1f8332a76efb16e29e11863d510fef95,1
1.2.826.0.1.3680043.8.498.49441835811239898312243678447796777305,c772132f33ab90846cd419db153333d0,0
1.2.826.0.1.3680043.8.498.49443962795025989994487968185070137217,269eb606df707b11dc42026d45833c17,2
1.2.826.0.1.3680043.8.498.49481811111224238761880576486796603139,aba7f0001d1721af541a7f030c6777dc,0
1.2.826.0.1.3680043.8.498.49492260217998945587168161555623476238,27b042e2bc7a70d654f4fb7fa1bac9b8,0
1.2.826.0.1.3680043.8.498.49495644703047055149965226028097259207,ebb71a8df34f1c2432a072d3331186dc,4
1.2.826.0.1.3680043.8.498.49500752658775616590911569693817273205,544fd07ccb43edde1fcf2afc753b7c7e,4
1.2.826.0.1.3680043.8.498.49575149159425506211571562732929634662,add92c70e7560811fa3ab08fae68c4d7,4
1.2.826.0.1.3680043.8.498.49583348226932515919984811293816232513,6ffd7a24931beb28ebc153e8e16b7a23,0
1.2.826.0.1.3680043.8.498.49603554452147117475589797389254733654,294ac6604603d207f14c0850f904d669,3
1.2.826.0.1.3680043.8.498.49660659440268002826070581802625582554,e48c7c3471e0bbfd4cf5324c2171a57e,2
1.2.826.0.1.3680043.8.498.49679916686449433962263937489400526112,7e253eddba97a2ec1f5f3337ceb90c55,0
1.2.826.0.1.3680043.8.498.49703744074809050221928706774732375079,cc6cca00a48e6568decb546c69272a09,0
1.2.826.0.1.3680043.8.498.49818874332345742217581267858748819921,7197a025aa2cba067ad0b4acce1c064e,3
1.2.826.0.1.3680043.8.498.49847104080351361589960954776757484668,6f32a4b9c0fc7cd16bed51236041cf5a,1
1.2.826.0.1.3680043.8.498.49850672111501136862025523789202033809,2a35e2aa2f3efedc1eb3a1d0361b95c7,0
1.2.826.0.1.3680043.8.498.49855677166670499939366963036804180912,d7b0a15d5066c700376bbae3cae8c509,2
1.2.826.0.1.3680043.8.498.49866252311077397175807461727885923657,519667b4855c3947d544704a2b2c6182,0
1.2.826.0.1.3680043.8.498.49880369313850883713947031303955494125,8ee0e09ba34803be962aaa0712bdc5ae,2
1.2.826.0.1.3680043.8.498.49884243466758407760126403944842240776,fc5147600a6cad645ec649e78fa0ad2f,3
1.2.826.0.1.3680043.8.498.49887758195164927372912584780941789021,623fde6180ef7ed80cb74a96d542b386,3
1.2.826.0.1.3680043.8.498.49926524898703962863714803838421958913,c0f9fff77172bead90122809a956a5ba,2
1.2.826.0.1.3680043.8.498.49942556484410764813681696157580687854,cd1dc160336c9ca1f0bdcff045461249,0
1.2.826.0.1.3680043.8.498.49984662916977328110175445895515541267,696c0e8ae08ac31802e8608335193f55,4
1.2.826.0.1.3680043.8.498.50051845967696843074391018845332480653,539e23f75641b407ac564336f1280ecd,2
1.2.826.0.1.3680043.8.498.50069224337753933811759198830086956116,1789e7b76834794c06bdb3cb7366cc5e,0
1.2.826.0.1.3680043.8.498.50073674465735509400964384004695041387,76fb4ac131fdb275c00a9ff4875ae7ac,3
1.2.826.0.1.3680043.8.498.50089015780087008332657793589955395952,3663f074618e5dd72e2e4b8872433e39,3
1.2.826.0.1.3680043.8.498.50107479256735739327080544431929221135,417fd8691da7abfa221cdb0b32a17219,3
1.2.826.0.1.3680043.8.498.50109255875403812845391217314726500341,571e4f972d331cb58fce9b25620f37b7,1
1.2.826.0.1.3680043.8.498.50144715912379960437506930683683218333,031467a29cc07d032b7ebd3dac150796,3
1.2.826.0.1.3680043.8.498.50182378358892377789975570268512056553,425d5675bd68ca2b34080901b319540f,0
1.2.826.0.1.3680043.8.498.50183004658202912273462671442829139110,cbdfba8fb0558e51725846843a3d0a02,0
1.2.826.0.1.3680043.8.498.50215409013618353346619153290049205718,050cf5c75977a85158618959f32e21d8,0
1.2.826.0.1.3680043.8.498.50220991646207533313828550949660577504,c50311f6954abe88ec53bab788d8abc9,2
1.2.826.0.1.3680043.8.498.50248717336781045512984550029203786086,09d1139ae53421f31de92297dc027f8d,3
1.2.826.0.1.3680043.8.498.50259348432783983788186173025555513832,269984a8a37669b9c8461c120703305a,3
1.2.826.0.1.3680043.8.498.50261788831539215224639813005933285052,445bf075ef7469b16e84f0f5b339dce2,1
1.2.826.0.1.3680043.8.498.50287512028986928372350279452197816661,f962bab9205ca00a8ef9b8d7d97269a1,1
1.2.826.0.1.3680043.8.498.50318760104506317341991314680640521601,0008df41335edf9579a05c0df4dab39a,3
1.2.826.0.1.3680043.8.498.50342726517205151681842826322659275894,9c4d3e6adfccfd295dd6efb968d3bc09,1
1.2.826.0.1.3680043.8.498.50392110746914984873009735588879049321,c600983181401639a8f8e9449599dd88,2
1.2.826.0.1.3680043.8.498.50424421287869498746932271082980000521,66dab7e12f864bdf0e978ba0d03e9a9d,3
1.2.826.0.1.3680043.8.498.50458745240631577290185672298591447264,c5b33c3915fe020e392e79c0b6a342f0,4
1.2.826.0.1.3680043.8.498.50487158921933419035809338652990508020,5d5cc1cbd0cdfa32a36b7c5304f9578f,4
1.2.826.0.1.3680043.8.498.50501020658943435430736717390350999395,3cc8d3f66778032653dbfa889a0da5f7,2
1.2.826.0.1.3680043.8.498.50512021577184367495598050974910055550,8195473a47d53041e487a7b494559251,3
1.2.826.0.1.3680043.8.498.50571692547974449396635351108344029536,d9709ebdbe0e38cd42ea8dab3562f6d2,4
1.2.826.0.1.3680043.8.498.50648934951234229265309905009982297515,35537d85a1ed57d0f7e859f20f2becc8,0
1.2.826.0.1.3680043.8.498.50666048236278074641860077012751071758,19a92c24d02f42da6c24dae13406b0fc,2
1.2.826.0.1.3680043.8.498.50667444467788034101157821576803778774,8c6dd8dcf2d7bdbbc30796784c4238b9,1
1.2.826.0.1.3680043.8.498.50680622091377404463269575858175673158,6bbc58dd312dc5b9cf506d256d4489b9,0
1.2.826.0.1.3680043.8.498.50687743970686088872471288288960579306,3b020fcef4469a60ae957d6aa4315aac,0
1.2.826.0.1.3680043.8.498.50689256431939553935971505794681061679,a86f806c516845979c51be045c55bc8e,2
1.2.826.0.1.3680043.8.498.50694733929204626284366818623993960684,c2ede81ed597a6d15c3cb5865c696bb6,4
1.2.826.0.1.3680043.8.498.50707407856055788475528375847872674241,1be4ffd5a30a06f57834cf8c88bf36ac,4
1.2.826.0.1.3680043.8.498.50777252749942894325007417893973309310,c084204f99ae793580701de3ea61a3bf,4
1.2.826.0.1.3680043.8.498.50780438941220579448947609376330661130,8d83ea1110ad2a6ff13f7dbacde364c0,4
1.2.826.0.1.3680043.8.498.50810596378229719761556926464290468652,1bf624d389d0a6a968d7bfdc4dae562c,3
1.2.826.0.1.3680043.8.498.50813123035221058777203670043892828582,21ae630aa56d8e8546b26144810f3c56,1
1.2.826.0.1.3680043.8.498.50819987120895374623148160166392914169,db0c59fa8e1a26e66b3397811aff281b,0
1.2.826.0.1.3680043.8.498.50823279853002320074080586693604976784,d9d2535765eeabf936c32fde7cdf9d80,1
1.2.826.0.1.3680043.8.498.50844227724977857739867646104945090414,36930cebba8c3d4db19b412faaf84313,0
1.2.826.0.1.3680043.8.498.50848799900564667487859253004538870622,05fbdda85b21e559d3a6a80de5ae898b,1
1.2.826.0.1.3680043.8.498.50880891504121357724276091096406248845,a4cf878502225c4ea36a98647676587b,0
1.2.826.0.1.3680043.8.498.50882628969985977810341532747520504841,61410e6677f7151a2030bb2ae528088c,1
1.2.826.0.1.3680043.8.498.50935247372419775856440294835587827419,b6e60d3812603117b8e02236aad32daa,3
1.2.826.0.1.3680043.8.498.50969691234820675847736765735133138324,56807ed10a6f2a0488678de71c8c33bc,2
1.2.826.0.1.3680043.8.498.50980137249034338585131194965993785201,6620398bd613234441312758d12fde9b,4
1.2.826.0.1.3680043.8.498.51006813205605862503064447831381009425,4c421a278a1f6c8278ca6ad07aeb90e3,4
1.2.826.0.1.3680043.8.498.51054592064718900209123281525185013961,3a9526be9236f61e328e2f9b3b968a49,1
1.2.826.0.1.3680043.8.498.51059575642903646008860869691477305022,f82441c599ee2d0a716b846968a5a383,1
1.2.826.0.1.3680043.8.498.51126807380879212261057967703844943102,abb358d67482f33d4adb5df94d4f8576,1
1.2.826.0.1.3680043.8.498.51143994849141407980459861759302509053,76529d7b43f91b239679434cbf764aaa,0
1.2.826.0.1.3680043.8.498.51179760508587500025973916664101120069,8ee732b093a58b7f0c37a289217bf05e,0
1.2.826.0.1.3680043.8.498.51215847567976999838748705030071176367,3d5a690f4307849108bd8eec91c09647,3
1.2.826.0.1.3680043.8.498.51297777726540529860433097009654453742,3e944cc9b993bb21de11ad8fdc2291db,2
1.2.826.0.1.3680043.8.498.51351386796317851725461803790273870995,193548cd18d7ad70af14531f19fbfacc,3
1.2.826.0.1.3680043.8.498.51379389400506715529323532959275254794,489b3cc1a2c5aa6b6386b9ba47dc140b,4
1.2.826.0.1.3680043.8.498.51426696939581135481763379246368970360,45a7bf1d8c151233a82637a35050604c,1
1.2.826.0.1.3680043.8.498.51427159850769972151411336025891779423,a54fb822e2821bf76743d0d89fc95bb1,4
1.2.826.0.1.3680043.8.498.51429653138043597611341459799295143598,a37387865d4e19720812cbc56c35b477,1
1.2.826.0.1.3680043.8.498.51469564445249084310991187819410005207,22c2d6a7f7357a777ecf1163408fc60c,2
1.2.826.0.1.3680043.8.498.51509214978951980397275258374070843967,ed82f4da2ba96f820bdd6a7dc58d13ec,2
1.2.826.0.1.3680043.8.498.51536234256866063100891626028999490545,b6eb2a53c45eb4700aefd50bca3ba817,2
1.2.826.0.1.3680043.8.498.51581188134109925758379838961317006116,af3ca67a72db03f79f380878008e162c,0
1.2.826.0.1.3680043.8.498.51676679394093588751371807453793655464,6525d06fff56d7f49eea06ad27c4396e,3
1.2.826.0.1.3680043.8.498.51684117251092766010524179062007524257,cf03a716c6d7caf2906670247e96bd36,1
1.2.826.0.1.3680043.8.498.51752963441899958127321113249182970131,6ab4536f004d8ea0caf7bea5ff75198d,2
1.2.826.0.1.3680043.8.498.51768733026033198941231586462443503827,79e60d9312413e5e9195d29faa2860f8,0
1.2.826.0.1.3680043.8.498.51770131897828080663537020812721042704,a77741cd37d4ad708da505c129b2cf77,2
1.2.826.0.1.3680043.8.498.51782185934115000642557689300687723099,70a1655b95a7b642c6318bee0e222ff4,4
1.2.826.0.1.3680043.8.498.51809092313496476873962641559638828608,c0a6bb695da67bb5840b147cd2061a70,4
1.2.826.0.1.3680043.8.498.51813125531970590883098432751115674643,cfd6f5e97f09b6875b3f136a7edd246a,0
1.2.826.0.1.3680043.8.498.51828180600648126726057100018010765613,2b35fdc32ef3c5502a903eb35f7f6c45,2
1.2.826.0.1.3680043.8.498.51831304809871808790657397599860793132,5632399d9710b57d782dd99c69103224,0
1.2.826.0.1.3680043.8.498.51837740845904075589194479205218060915,b3f4cab3e5aaae6e87c1e2de35e1cf87,2
1.2.826.0.1.3680043.8.498.51867133375333949773527521703402111601,b5ce110500e3e404bbc3ad81ab3693f4,4
1.2.826.0.1.3680043.8.498.51886877282987244004912794726043055730,2c93f1d8245e8bebb6a9e2d6e9771fac,3
1.2.826.0.1.3680043.8.498.51910852739185117358682097116614556910,0499156ed6706346667639f93e7bd87f,3
1.2.826.0.1.3680043.8.498.51917043703891091519740084517167861965,d2b7cba5e97472469fc43f4e585c39be,3
1.2.826.0.1.3680043.8.498.51970198810758997428998886534742243215,692ccde43e5f966c5579f01f9d763587,2
1.2.826.0.1.3680043.8.498.51981019698056120061499970572334688555,72205400faf9c7e6cb92bb80a2cd5c04,3
1.2.826.0.1.3680043.8.498.51985313438970133264846259111827877590,48398dae147c47b8adffec66c9e27315,1
1.2.826.0.1.3680043.8.498.52010165788889734743850946282043771445,878beda9f132213378a12df74e6ad1bb,4
1.2.826.0.1.3680043.8.498.52010826440192227660457107121818389761,6f32d6dcf74fefb0d9bfc0aa248b576f,0
1.2.826.0.1.3680043.8.498.52046170319252016846878355722404423329,21b1b7641a0a0228a0b13a56eca1f361,1
1.2.826.0.1.3680043.8.498.52059522418267239652374290810994711032,7faa30e7eb23efd34f308f66ef0a3178,1
1.2.826.0.1.3680043.8.498.52067134682915759489080529708019359378,0df44a60694cd7662cfec5e3a6635bb1,3
1.2.826.0.1.3680043.8.498.52098249444968803324423421624756966294,c31a3c2f3e1866a3fa6e0a46c883a5a0,2
1.2.826.0.1.3680043.8.498.52110163572817528199125320120779141456,c09380ec42eacecf07581f21a56776ee,1
1.2.826.0.1.3680043.8.498.52132258638267172087240021957310219977,1ac248f2a22674195b64c502e08fb3fb,2
1.2.826.0.1.3680043.8.498.52138967568492774495485454357106269286,95ab92430fa6b3dbcca01281f2426f20,1
1.2.826.0.1.3680043.8.498.52140911874747534807033188343849537207,36929241e3c5b819e44cf9d80617fb69,0
1.2.826.0.1.3680043.8.498.52204390785696944340286127542242341202,5c011fefd4e4b77fe09c12ce2e6ab9dd,1
1.2.826.0.1.3680043.8.498.52330656126848153803758928167944040055,9dfc42288516770e00c63dc83a587305,3
1.2.826.0.1.3680043.8.498.52347547859131274836026480407333415929,256d80eeeb03d45f4132770890a18a21,1
1.2.826.0.1.3680043.8.498.52390908285903728334239836699232920065,a5b0920d3304ac4dd8751932a2950fb5,4
1.2.826.0.1.3680043.8.498.52409113683924904563676007800283978062,e2118d7c93252058bcef74fd37da392d,1
1.2.826.0.1.3680043.8.498.52435631723314823200374985065756182593,0828f827381866311f0d11a04f7def35,1
1.2.826.0.1.3680043.8.498.52437948508356178175558637950043479411,f3b5f250409d2c8130da87463533e100,2
1.2.826.0.1.3680043.8.498.52456272643822591755257802747431239152,e3a1ca292f06a90bec86ac641947afe6,1
1.2.826.0.1.3680043.8.498.52475562989926669452280424331791927661,5f9c78c758db4d5002fde4b5ccfc5094,0
1.2.826.0.1.3680043.8.498.52499379042723926379822784411787551701,d7443459346659bcecbc81ee8fa0ac21,2
1.2.826.0.1.3680043.8.498.52520288400853832269613213204540385687,723177aed8b55e4643ef75706eb295ec,2
1.2.826.0.1.3680043.8.498.52558822670236188507569589448789513993,3c8328cddc19c8dc9ffe6639f92b02bd,4
1.2.826.0.1.3680043.8.498.52599302991259061057950834864441634066,151e60b634d71fb6f66ad1b4c792cb25,3
1.2.826.0.1.3680043.8.498.52636981391578580436180193211113340410,1ed680e6b883561c1d05622966c4486f,1
1.2.826.0.1.3680043.8.498.52639459702574533721011212286428487650,0616dff8184b3c20374d5cab64ddbf6d,1
1.2.826.0.1.3680043.8.498.52745530063404662086111315503240395535,630099fe8535fe7d9a9a4b818939fdb4,3
1.2.826.0.1.3680043.8.498.52785983814702054185130109942936184688,353f2482e1366d349a1085c412aad0b1,2
1.2.826.0.1.3680043.8.498.52844966504845792334740560021996858939,a7e0a5eb9e6051a7a10d1926c396ad15,0
1.2.826.0.1.3680043.8.498.52846023545870016653608198538437574931,3aa456cd8e89923a9e6936538ab09d55,3
1.2.826.0.1.3680043.8.498.52846236545327527967419125989598675101,6aa7d72e867f16ee904d316eb0818d92,4
1.2.826.0.1.3680043.8.498.52849154011665864497632297320961015159,4747bd1c3b658dc13b9f159d46f0ccb7,2
1.2.826.0.1.3680043.8.498.52937412433120578046842194545406797236,e5667b56e8f5242dd534a5e6cbbf13bd,2
1.2.826.0.1.3680043.8.498.52985748674486376309978868177895755694,5bc8463c8c4e7705718dc393b4df59a8,2
1.2.826.0.1.3680043.8.498.53025489296610571044246428509154950855,ac2c415986a3818be7dcc71732e77df1,3
1.2.826.0.1.3680043.8.498.53076472372145933727990308381815269368,ed85a7933e58ac41531034a1ed23b64e,1
1.2.826.0.1.3680043.8.498.53078461307849490495536549806091931824,033adec9de8e00a594a5815ad3cc5ad6,4
1.2.826.0.1.3680043.8.498.53080172184945962593713560671746700445,b988805317127797fd121446bce3ce28,0
1.2.826.0.1.3680043.8.498.53094450151502907325041400000717725711,e3fce9d67d8d5ca4c41365234120366a,0
1.2.826.0.1.3680043.8.498.53114802640679819441521055029024037716,72b3ed64468a41f89435988cf0f9028e,2
1.2.826.0.1.3680043.8.498.53131430415327479511358970615140982847,f96c6fa16306c36abb252f8502b9b4df,0
1.2.826.0.1.3680043.8.498.53137953094305471774552883960361922832,0152e32d7c40ee4580139e675da6bbf4,1
1.2.826.0.1.3680043.8.498.53156118232564605912649705207438612782,b50c5d0990b75bcfa01075a04543d956,1
1.2.826.0.1.3680043.8.498.53173579822475854424126184867040523127,b807a4076eed2bff366a7dd6785466ac,1
1.2.826.0.1.3680043.8.498.53174810138171412044410050984734412146,057b8460442094e4c3c1820018831fe9,0
1.2.826.0.1.3680043.8.498.53221818460567216467597044606040911702,b942e3fef1bfde2989d6b68d205f99ea,4
1.2.826.0.1.3680043.8.498.53262958748075737242820629127001253146,af3f0d37899617ed081e683632db405c,3
1.2.826.0.1.3680043.8.498.53271710112621372496324855809391580130,5050563749971fc61bf484bee305c104,3
1.2.826.0.1.3680043.8.498.53331626867618182966740022261110760133,df9b82f872cac0e0660bc19058639815,4
1.2.826.0.1.3680043.8.498.53337684515627962545396495541158882262,a25c4dd210072c2d8800631f16b5382b,4
1.2.826.0.1.3680043.8.498.53343379040681745197301575417064236501,ca4fadebea890cac564b6b1dac16ebc9,0
1.2.826.0.1.3680043.8.498.53355961816756477601843499985089590263,7124beb54ab526c59baa9f949c048860,1
1.2.826.0.1.3680043.8.498.53361558447470435467999344560545063264,33d4a7d6659f0fe1ad1a418b0f3cb004,1
1.2.826.0.1.3680043.8.498.53370670740736715669115043403494610200,19efc3111a4168f8b8f148c158b1bc8f,2
1.2.826.0.1.3680043.8.498.53393741562201846141435914434030220216,bdc9fd5f2878204815ffd237429d697b,2
1.2.826.0.1.3680043.8.498.53408696789721413873026963095773050643,07b537b7f309057c7cbf84a5d3cf40e1,4
1.2.826.0.1.3680043.8.498.53490080963614272234072703760363052476,77c0ad32d0ef55f019b5cb3074eaf948,1
1.2.826.0.1.3680043.8.498.53528011450161116437223332448942321596,76e6f414b12e8611b76a6f59224e1078,1
1.2.826.0.1.3680043.8.498.53579416035647672067965892020505016454,3f95f3911f98947d91abd7ff28873fa2,3
1.2.826.0.1.3680043.8.498.53587920256280027683523152568832253423,3a68f446111eee2be04c4e9cd6d1321d,3
1.2.826.0.1.3680043.8.498.53628897373416863107623485630264501760,e69e8b396199537e3f25f1532b97a2a2,1
1.2.826.0.1.3680043.8.498.53649895712172408476570770924813501118,7ad8506a4a62672387c0c2bfd0dd8ac1,0
1.2.826.0.1.3680043.8.498.53737349894831365159124471910871800583,a29d5f6f7668c5dd877c0ea5756989c1,2
1.2.826.0.1.3680043.8.498.53745429232602455103594227782517963027,05e83a0952fbbde1ddae8706f8c200f5,1
1.2.826.0.1.3680043.8.498.53792159922324410857755054939229546555,3cc8d3f66778032653dbfa889a0da5f7,2
1.2.826.0.1.3680043.8.498.53797236075631231042400235117445767744,1b73d8302895bab217b09b0148c687fd,3
1.2.826.0.1.3680043.8.498.53884715696186989798696544661396487883,434f6de77f43573c0a7f54c67f3462d5,1
1.2.826.0.1.3680043.8.498.53893586200869613140666806653041177558,b9c3c3b0d1a937519100e0afa85740af,2
1.2.826.0.1.3680043.8.498.53901077733518036755308692304268815965,951e689983e3e92f53b6bace2286025f,1
1.2.826.0.1.3680043.8.498.53963759852017695930808272438606800422,018d069a0ad1f356286952ed02a609f8,4
1.2.826.0.1.3680043.8.498.53968943793571323467397128102531786394,d0fbeec0c409e6fb14bba63d624cef6f,0
1.2.826.0.1.3680043.8.498.54000782656400326230944526201670909133,4227949e3555dedadbcafc220f1a0b54,3
1.2.826.0.1.3680043.8.498.54030363830629950591221870797594277092,fdac2ca9385d1268fc7a76c31f26919a,1
1.2.826.0.1.3680043.8.498.54049224487950229496345484554581532711,0327993e3dbc433b7ed2b19921e5e23a,2
1.2.826.0.1.3680043.8.498.54099199514076260519579096546600505763,0ff9a149af30490dc2c195404512e0cf,1
1.2.826.0.1.3680043.8.498.54100786607660749952814251186461344633,f9754265d46cd45a50962fafa8ee6155,2
1.2.826.0.1.3680043.8.498.54101830029742852876183926998159899424,655d4f7e5c0d6441bec7e449ebc51b96,4
1.2.826.0.1.3680043.8.498.54132814503202891434380002378663763655,2244b6d849f8f974be0a15112d3bdbe4,0
1.2.826.0.1.3680043.8.498.54138747504377266740838999528964336002,79da681a1a4cd8f7cdf910c7181ef3e5,0
1.2.826.0.1.3680043.8.498.54142170846176833568961426171739782214,4fcb19069d197b8a9bc70be794c50c39,2
1.2.826.0.1.3680043.8.498.54164004416963296439322252627774426375,52cf5cc17c7bf813c8ef8aae7fdf612f,4
1.2.826.0.1.3680043.8.498.54202117421897784469771192940597638508,ef123ab63d49337d9d608bdc8f74fbc4,4
1.2.826.0.1.3680043.8.498.54270039578867689669466339980682684126,acf04342abe0318bab4753f8cbcd2ebb,4
1.2.826.0.1.3680043.8.498.54280954106925918796002359856408530043,8d83ea1110ad2a6ff13f7dbacde364c0,4
1.2.826.0.1.3680043.8.498.54306467780023777062920737767581126383,3dd6203f934937046c54cb3d3d7983e6,2
1.2.826.0.1.3680043.8.498.54316764984549863227549326352573342232,6c8e51b211e7a3d00da2a3fd50494286,1
1.2.826.0.1.3680043.8.498.54336962625483046366337626878609850219,9de359fceb958379c5a2e589c79c5a60,0
1.2.826.0.1.3680043.8.498.54374735423703474541190464716308417985,68da9eb69116abb8204fd156b21e7956,1
1.2.826.0.1.3680043.8.498.54394066317295451515247748115888976860,09fb4502bcc5a6175e6fb2e2c843fb90,0
1.2.826.0.1.3680043.8.498.54427039222108917725902677899081931510,037ed66f05f12d65ee8eaae6b68f7f94,0
1.2.826.0.1.3680043.8.498.54448516923758211534546401490623824012,866ddf28c33375d21aa918274fc69c7c,2
1.2.826.0.1.3680043.8.498.54451515695681765924346479727204451807,723177aed8b55e4643ef75706eb295ec,2
1.2.826.0.1.3680043.8.498.54482848766921329667469114743547203929,3f7af81e9332f0fdbcce373766beba93,4
1.2.826.0.1.3680043.8.498.54483132338261866032495309977418409299,3f2454307ccba30dda2875ece984f3d7,3
1.2.826.0.1.3680043.8.498.54539703415639765348239790227512479583,dbed730f44deca8a4de42c14a65f387e,2
1.2.826.0.1.3680043.8.498.54589880111295324708950851057241927191,d9bde332a01e91d7076f74f0cf448741,4
1.2.826.0.1.3680043.8.498.54619696938940618755334224550745735815,f7a4b384c7dfbe2845c82b050360f9e0,2
1.2.826.0.1.3680043.8.498.54628782412849994943720963251113534589,a651f7bcfa4a08fe4c660d472a91beab,1
1.2.826.0.1.3680043.8.498.54662745951809363774369202018332309887,431b9e6990fde0ceb13f37aabd063e88,3
1.2.826.0.1.3680043.8.498.54669065204808162914386927559244866557,211b390f435faab021e8294190ddd4a8,2
1.2.826.0.1.3680043.8.498.54689086194769265957947122616025330642,663a639089885c83709bdf2743a25e92,0
1.2.826.0.1.3680043.8.498.54693572065777563403567480644050627025,73d4f2247c79881028253a7c708306cf,3
1.2.826.0.1.3680043.8.498.54699196872730350880681018674893216245,8709f7d8febc9b42e36815a0d72d287c,0
1.2.826.0.1.3680043.8.498.54711709751232783991855540573189433446,bbd82f0176665de8fe41b2d799cc2c68,3
1.2.826.0.1.3680043.8.498.54755249425443469939742671497042113665,b5fe63999763978e92b885fcfd0c3890,4
1.2.826.0.1.3680043.8.498.54761306437713414745748829128854749469,32277e38a0bf442e9fdbee80c592f0fe,3
1.2.826.0.1.3680043.8.498.54792838438079861454532183998999249213,1d7ed38be7d37ca359df595a5446add9,3
1.2.826.0.1.3680043.8.498.54833384793167149128371137537527194757,deedbdabc375562b2b519d84e7551cb3,1
1.2.826.0.1.3680043.8.498.54866613282412053616997257524944654864,a49ba7ad145cc9185efb89beb14dba10,2
1.2.826.0.1.3680043.8.498.54977581323931277817074741182670080450,b5cbacad4c0f164d545083c030ab988e,1
1.2.826.0.1.3680043.8.498.55008913229055942530957507434366806883,90af80dffce92585ef734cc22af11382,0
1.2.826.0.1.3680043.8.498.55015061060346597564205577461227720715,3c3b8ff763cdcf1cad6fc95fb506450e,0
1.2.826.0.1.3680043.8.498.55022631713888448062201243978634363406,3017154593e9539df0fc01cf5c6ff2e6,4
1.2.826.0.1.3680043.8.498.55061039227197546099231336400032878562,9da1af40f385dc5421d668a1154f890a,2
1.2.826.0.1.3680043.8.498.55065105486648830377200570585789726800,e2e111f216f094536950c6a40284a19c,4
1.2.826.0.1.3680043.8.498.55067956175569778132589128971795053431,4aee4780dca4a03a8cea5639aee3d5d7,2
1.2.826.0.1.3680043.8.498.55105303802677863700162285680213496441,4184af2550019b3f82d923fa68198979,3
1.2.826.0.1.3680043.8.498.55183153701332792661581741475876132309,132ff2a3a989682a0ee9980e7ec93185,2
1.2.826.0.1.3680043.8.498.55202459816190607876303419067810637245,cf57a13686e00536deff70011f4b28b9,0
1.2.826.0.1.3680043.8.498.55300053252365037422745072128951402593,ea3d5e63bdbae5b5ac7f1743241c9796,1
1.2.826.0.1.3680043.8.498.55332521421041708438748125666498042763,f3ff94624829ffc28bdae261d5739d97,4
1.2.826.0.1.3680043.8.498.55344075316305815718253234447285669886,33d8b25880083330ad0fd4c910c7a208,0
1.2.826.0.1.3680043.8.498.55344353927048912237233441917779875587,be08e1782fd017a03337bc4389f60e8c,3
1.2.826.0.1.3680043.8.498.55346033326903331672579723063380636237,3cc8d3f66778032653dbfa889a0da5f7,2
1.2.826.0.1.3680043.8.498.55397602116058381866334455456729470963,86c5e22bd309f5551c3fb5943dc2c95d,0
1.2.826.0.1.3680043.8.498.55415479446253262335685494509470808516,965bb2e4d86398a2aa5bfcfb3123f815,1
1.2.826.0.1.3680043.8.498.55461938012492393262172182405932212246,2c1c87a0ff6f4049bf19f58949b2077a,3
1.2.826.0.1.3680043.8.498.55583505147281684100202399148099429721,d237eb6c9974675253e3b9f109b0a1c6,0
1.2.826.0.1.3680043.8.498.55586358833903787781826406120068237870,f6dcc95c59fb525aab8284d1eb193360,2
1.2.826.0.1.3680043.8.498.55653770127824574123236841437998533498,cae4200cab318c1507071ff1ee37a835,3
1.2.826.0.1.3680043.8.498.55687452977471862155042703116192295932,5ac1da9052ff65d279d0aeba91be081e,0
1.2.826.0.1.3680043.8.498.55700532609077428304194916132759352518,24b48f134ee24264ab95ec7fb4928015,1
1.2.826.0.1.3680043.8.498.55713753582074871470943388423906540792,6799ded93cc4d864ad587b912e827744,4
1.2.826.0.1.3680043.8.498.55729193057949125029301812320609764642,7998ec7bff114e13d895bc6391417052,4
1.2.826.0.1.3680043.8.498.55771181380353653474896884649540028856,41c0fafadb425d88d15a62010759740d,2
1.2.826.0.1.3680043.8.498.55808772152667135571939417929724526296,a4dfac49529a87fc874ae0a749e69e1d,4
1.2.826.0.1.3680043.8.498.55850385284038070407841702672827533728,2200d391bf97b8bd6f2bdb780dd0ca28,1
1.2.826.0.1.3680043.8.498.55856308312040330141050707531982127791,09e69ff99ddf638677d075111407878b,3
1.2.826.0.1.3680043.8.498.55861544093014499478739864837675161978,72f700a869d304117e0be6354f0bea9a,2
1.2.826.0.1.3680043.8.498.55887747667305814945719986974538814207,a4e667b8d1b497d23ca4dff876d90a88,4
1.2.826.0.1.3680043.8.498.55927741980493661714408715886641034285,6f28a60ad61f33b588b1cc6b5242cbc1,3
1.2.826.0.1.3680043.8.498.55930031395651221279170435293900769500,71e51737508664c36044602812a18bd9,1
1.2.826.0.1.3680043.8.498.55971152627433130850649668964887611410,d32f81df033732e1eb7ef5fbc62780c9,0
1.2.826.0.1.3680043.8.498.55971241672517044174019654998425819738,4ae262122384222c8aa38ef6b9a2f39a,1
1.2.826.0.1.3680043.8.498.55991293001848799160041967098772087659,f8f9b3c2af0137fe053e39c60ae0f09d,1
1.2.826.0.1.3680043.8.498.56016606949603829995818303105991224499,3dc4f0991833ddbab95c7101183aab31,1
1.2.826.0.1.3680043.8.498.56045687004558569005240775213510192805,21f769d94d986a66903d269dc2237069,3
1.2.826.0.1.3680043.8.498.56054334296747411394367010227992359191,36e6b19b97fd9b47527a6abfa32a4013,2
1.2.826.0.1.3680043.8.498.56061505201159269536816810086342635391,536b76897a291c8cd4e899eddad3abeb,2
1.2.826.0.1.3680043.8.498.56091473614612257999053529249190958828,77d71e8f4c3a005bd8fa7f7149f7ef07,2
1.2.826.0.1.3680043.8.498.56146582420561901778012523946835033628,74154b6f0b1b0a69d5fd7d5d6304bd36,1
1.2.826.0.1.3680043.8.498.56156923369480999484275191793049573490,3f62006337fc42d9cf942f693ef0b132,4
1.2.826.0.1.3680043.8.498.56170570792418244380186761574367557535,45525b5fedb20cf99dd7518dc95a2114,1
1.2.826.0.1.3680043.8.498.56188634971310070481285525830793231849,6c24c7a24c549ca711142080b1096656,4
1.2.826.0.1.3680043.8.498.56216873861595017403772627709751840588,92819dae6f7282f9280e185c92daefed,2
1.2.826.0.1.3680043.8.498.56266280744044680626884459696038109616,8f698001acdb1a70fc76c468aa0fe119,2
1.2.826.0.1.3680043.8.498.56269695574661037525483516531194514456,2afcc6ff83a80af270c876e058bbba04,3
1.2.826.0.1.3680043.8.498.56305445410093481072159375249067050124,8beceb930b75629f525403f194e7187c,2
1.2.826.0.1.3680043.8.498.56385473079196655120993854770623075553,07bb5830176d3c6c7dfbdb2c0b281381,4
1.2.826.0.1.3680043.8.498.56428314239264997930645427543149285770,c2ed5a727eba9aa7af69e62220b9d71f,1
1.2.826.0.1.3680043.8.498.56474364950531483257947155855279443851,f4d204a652ae0c6ea28a14a60f6f274f,0
1.2.826.0.1.3680043.8.498.56497268548664917337130798701015887461,1f64097865a52b136ccc279f5f6b29b9,4
1.2.826.0.1.3680043.8.498.56506415277488978301157490514745400410,76c60d6feab3897c1837cc9e480a684c,0
1.2.826.0.1.3680043.8.498.56512564464301544960446419143135447363,15436c20fc6601d3c1d1c699ce6ea0c2,4
1.2.826.0.1.3680043.8.498.56513276339820682030546599321915304265,44d21f8df08ed3ef9297864746c3af8d,4
1.2.826.0.1.3680043.8.498.56564801707939049324472369774251260607,670ccfb0ba85e475e847440084c8c0a4,2
1.2.826.0.1.3680043.8.498.56575942633137496743464648679775042979,cd3879ee2291727a387c1ac934680984,2
1.2.826.0.1.3680043.8.498.56628956454784173189908113425348977923,f6a0a023742b3ff5caad96f4c592d7f3,1
1.2.826.0.1.3680043.8.498.56686055146646210144964207684044815006,88896239c50408c6afb025f047efc46a,1
1.2.826.0.1.3680043.8.498.56715311294415711253166312546942356882,62a636f5726ef008e8bdb828cb7cfe6f,3
1.2.826.0.1.3680043.8.498.56751453017492477106384704540803963879,91f088cc9e50dcdf4382796067afe5f2,3
1.2.826.0.1.3680043.8.498.56762592839620371588520593573846414860,c898a5eca4e6c542dbe4102b40faf6b7,1
1.2.826.0.1.3680043.8.498.56786556618312090924315296993756843070,ddf5eb84a7d2ea4c64ef8d61f66dfea9,4
1.2.826.0.1.3680043.8.498.56796622077427019119540733986070534126,f4159b311ab1d4df325a2ff7c441f816,0
1.2.826.0.1.3680043.8.498.56798070549054124854685511360777559033,2f11d29fe266b89f0e3b55ab51ad678c,0
1.2.826.0.1.3680043.8.498.56814987912934301686833132930648230999,d14651a94eb6a8b1ed64a1a0b5bdccc1,4
1.2.826.0.1.3680043.8.498.56839374698050163738039760889156066445,645c46bdeca6d9331d660aae03d3b7bd,4
1.2.826.0.1.3680043.8.498.56880070152758706555016296832842012883,45b61edfbb9ce7cc5684f080448f0662,3
1.2.826.0.1.3680043.8.498.56882015310689536014061315110969323429,68064f9fb9e33bb31e00794d0f15c707,4
1.2.826.0.1.3680043.8.498.56893426177755960410197244250599230068,ca28e35e4e1e26d3444529f09a88b6b0,2
1.2.826.0.1.3680043.8.498.56894990686683651282564584582335346350,af1b4ead5b086e73696e44ac71e85ab5,2
1.2.826.0.1.3680043.8.498.56915079210789596803972894081756325026,fec357914700f62182574fdc3aa93e83,4
1.2.826.0.1.3680043.8.498.56939860329243258146102948466697018543,60d7bf332eef09c45316fdae32d2510f,3
1.2.826.0.1.3680043.8.498.56945039212126810522718038626526579591,7d1a862bb4f5faf438a56d7ed69f3f44,3
1.2.826.0.1.3680043.8.498.56989113744241846544086409786820246754,1dc7bab52be67cb19a86677d6b2df1e2,0
1.2.826.0.1.3680043.8.498.56991590802231436015843619633497607680,1eee2ceb7266962b2dc5404d9861e393,3
1.2.826.0.1.3680043.8.498.56993108275828399240508695615212151102,61c667c58280089bc3b9561010958f7c,2
1.2.826.0.1.3680043.8.498.56995522547527264862064392266001620445,87edc80acb2ab13d1ceaadac49f75490,2
1.2.826.0.1.3680043.8.498.57064618560116981041722203028857007300,3e81477c5ebb5720b5c72ce726713669,1
1.2.826.0.1.3680043.8.498.57074072196714325300896734167161517369,862d31862a97c93361a028b8ffeb734e,0
1.2.826.0.1.3680043.8.498.57084445429567494093960261980941917499,a0d2fb9b9f484b344ea6ec80513968dd,0
1.2.826.0.1.3680043.8.498.57091203959244495164081406481825915856,e5b983f7be836a902c8b2241c41bb531,3
1.2.826.0.1.3680043.8.498.57160448024145680660335079050450776852,27ffe9b2ce2d265b57db898f8862e95f,0
1.2.826.0.1.3680043.8.498.57239450717434070615919278253974598533,cb5bd24d79c4a484874635e584fa0425,2
1.2.826.0.1.3680043.8.498.57316522861709598765962486949846744486,6f46c3042840103544a25b0e8f33a816,0
1.2.826.0.1.3680043.8.498.57342523828166309133982222435655662667,6d21134780645d1ddbfaf5eb41611a92,2
1.2.826.0.1.3680043.8.498.57348281565196196401055821640494904475,1274681a383b75dae18193eaf090e597,2
1.2.826.0.1.3680043.8.498.57406640473235989459885313797729459197,edd6244618e02437b313617329854b58,1
1.2.826.0.1.3680043.8.498.57491375928585600499323136123872536597,be80e28b6de1ca2db297abe12e027f44,1
1.2.826.0.1.3680043.8.498.57537915810250993237120953960404180449,262c983e5e6727eef636b3971bf00616,3
1.2.826.0.1.3680043.8.498.57615268093937994500995086275007694564,751581d37e3d0194fc0c9ddf7bc6bcea,2
1.2.826.0.1.3680043.8.498.57703608122587911055931213603182679454,584750822513fdb9e41ae6b3cbb6714c,4
1.2.826.0.1.3680043.8.498.57768539239475064336346600805236336044,df8612a3ada79647c10c9e750b882dcf,1
1.2.826.0.1.3680043.8.498.57775389384191131322519457853517177210,73e0af06c3a10c48388083dd6fe6ae1d,0
1.2.826.0.1.3680043.8.498.57789603189240866041812385320399435864,d3dc0450a295b1351c32aac1cd2537bc,2
1.2.826.0.1.3680043.8.498.57802887045514681373294932749517914959,2b7224e98672584c5123ff284025759c,4
1.2.826.0.1.3680043.8.498.57811199787891897795884073594875380873,1345d6da0b81b4307ea6d27ee1568ed3,0
1.2.826.0.1.3680043.8.498.57829173797358025677240411871600928097,ba9deb3bddaecc38da102dd3c140dfa7,2
1.2.826.0.1.3680043.8.498.57836524675365700674244122764523161699,7f92cc764f680b5178900048868b54ff,2
1.2.826.0.1.3680043.8.498.57845032486422442404222046144765204905,0a329a075589caa008b02ee8e554fef3,2
1.2.826.0.1.3680043.8.498.57859543314667538612269642333387175763,bec87890b47958d4ce09f1182caea7ac,4
1.2.826.0.1.3680043.8.498.57882532838957577543516026386452055977,c4693d32ea3858b671c4eceae260ae69,2
1.2.826.0.1.3680043.8.498.57917634151851433037090858498504057826,02ae9c3fc5ac40ba35acb0de1ae36647,3
1.2.826.0.1.3680043.8.498.57951268100539350409054562078476694936,c171e3fb38fa419740dac81d2d2802ff,2
1.2.826.0.1.3680043.8.498.57960501042895683580303516749157258348,49528cc724d42eaff10b2c3349621e76,4
1.2.826.0.1.3680043.8.498.58051085126748057986491277367254533832,f12a7b46ff3ae7239dd818f66505e60d,4
1.2.826.0.1.3680043.8.498.58143227319316521737029358930629086887,0d8f42e33edbdf111a1d1845683a7974,2
1.2.826.0.1.3680043.8.498.58167256197067081436345136244032069163,9b8ff60113684b0ddfa0721352077dca,2
1.2.826.0.1.3680043.8.498.58250779958866595505585700517927225230,7cc4baccbb9a79643e0a02d61ceddd39,3
1.2.826.0.1.3680043.8.498.58261214953729037661916565473101636690,124e7d3d6798751ad543ca03e82d8354,1
1.2.826.0.1.3680043.8.498.58280111882249056715877316026191844548,2bb908fe5b4bc383dcd281f6d0936135,4
1.2.826.0.1.3680043.8.498.58280349821647977336008109443058641195,e22da4ff691fbc9817cf873f18b482f4,3
1.2.826.0.1.3680043.8.498.58298767414933858487578597918936525600,a2fa4d599e32973614078c9513f04eb1,3
1.2.826.0.1.3680043.8.498.58346459085553680879151588730895136332,acd77a58aba4c1d4aeff55e76160d746,3
1.2.826.0.1.3680043.8.498.58366682083795592678613986311570432419,bffacddd91bd3635dafcaffd15536a93,4
1.2.826.0.1.3680043.8.498.58381033890285289577066078050126251787,7905c0f22cb67f456f1842148d993440,4
1.2.826.0.1.3680043.8.498.58404766256608483217059706069436050741,d24059729c031a8786094cb77163dc01,1
1.2.826.0.1.3680043.8.498.58416798660375193103814365795347286292,db20fc83743c89be502669bc45c52e14,1
1.2.826.0.1.3680043.8.498.58475208045272914292874190001248518687,74b8418fdc43f88326a310dce3a09301,0
1.2.826.0.1.3680043.8.498.58482152742263188503728990365891896621,60bebdb60258ab0326425297a11cffe8,2
1.2.826.0.1.3680043.8.498.58482779112389764165599701941310919660,3407ccff91ca986e409e8d60774ed478,1
1.2.826.0.1.3680043.8.498.58522891982092784622515590012748600644,6f6d19d91f5d48fc6f65a65b30c1047e,1
1.2.826.0.1.3680043.8.498.58550899000434548218916895907938175917,4a7d5446e6288cb0799d0e1aeb6ad86d,1
1.2.826.0.1.3680043.8.498.58585441284202143792468863402617212167,a5bfdb23d83f34736cd06f2e8189d081,2
1.2.826.0.1.3680043.8.498.58604600600114899516493668210902251434,e84ffff60ff57191203147f397407db9,0
1.2.826.0.1.3680043.8.498.58626635384305289939700801774393536415,a145cfe49ae9c0255b2beee8b4f951d2,1
1.2.826.0.1.3680043.8.498.58634494571833713296574414948455471101,851f4c1d43b71ffaf885ec04ae7389f7,1
1.2.826.0.1.3680043.8.498.58654915518882480245974544469656013058,050aa869f8608aeda59a33f1f9cc51f8,3
1.2.826.0.1.3680043.8.498.58685941646495891824559391997783302656,f74769a35faf6d2eac7501e9719f8349,0
1.2.826.0.1.3680043.8.498.58710813820037448352310278234947865485,d25950f485bc2251b3095d20dbb7890b,1
1.2.826.0.1.3680043.8.498.58728013757221328590898166513995249334,3c06d22d92804544b615349375b59780,0
1.2.826.0.1.3680043.8.498.58739535411760425418941874065260802744,5d6b5e3fb88d40f5e6b54ac3d4ededd6,0
1.2.826.0.1.3680043.8.498.58749835013162544157291112101941849646,bb56d6e3b05b83fc0ff195116fa0139a,4
1.2.826.0.1.3680043.8.498.58768083117076186082335984587845964130,4f08cdbe678decfcb0a37c5e8e504b4d,4
1.2.826.0.1.3680043.8.498.58776844157027040145262759105410792687,373350cc5e2f1ad1f07c1eb1736fc76e,0
1.2.826.0.1.3680043.8.498.58811528407321581206563412079643094538,d4cc0dd2d89dd4e425f376a6fe2e2ea9,2
1.2.826.0.1.3680043.8.498.58835863392949696556026907211309159182,f1d110f3569935831dd654546c595056,1
1.2.826.0.1.3680043.8.498.58857477075095368361468658035369975572,2714f1d438541f80b1bb373c82b356f8,0
1.2.826.0.1.3680043.8.498.58888406752590566453001353089284177456,904dea8557f897cc077d2506b6dff377,0
1.2.826.0.1.3680043.8.498.58925843611945635442423587804169242644,fd834fc18408d6d780a6186a684eda9a,0
1.2.826.0.1.3680043.8.498.58965370475364247222892582428665460530,d4b5dab803ef1c863ba561fa352050b6,1
1.2.826.0.1.3680043.8.498.59021913092219789232890327780064145948,d44a2b06a69d94650652330b00eb4906,0
1.2.826.0.1.3680043.8.498.59047534248122071167153110802170658177,d922acd45097501ffe0bc21b03b9eb43,3
1.2.826.0.1.3680043.8.498.59048646289883992375610835845636263714,e130c7248d7fcb30287c71dac80937ca,4
1.2.826.0.1.3680043.8.498.59073122184069676919857712290159511305,e78e55a61b42065256b10f6f01ce5f7c,0
1.2.826.0.1.3680043.8.498.59098825208018364061073394433706021769,8d83ea1110ad2a6ff13f7dbacde364c0,4
1.2.826.0.1.3680043.8.498.59126324546257448818397467078224944768,c07a73fea60b32d459fcee750ed3e1da,1
1.2.826.0.1.3680043.8.498.59140342594072117638979402278277248612,79d55a94715c2c3f8337cb956c522d8f,0
1.2.826.0.1.3680043.8.498.59254379036462832374262221063106167294,12213bcc45f0a41eafb9511c6a443ce0,4
1.2.826.0.1.3680043.8.498.59262240088132401543519466539885561578,3ef1b3fbae3fc2a04b12b8c87572e477,0
1.2.826.0.1.3680043.8.498.59309239681970150083311665704264518844,4e411ccdc3541a4f2b10b35812b9a8da,4
1.2.826.0.1.3680043.8.498.59394856717216352192037635065925607933,3fd730516e95ba6c6d1f234148055090,4
1.2.826.0.1.3680043.8.498.59420153636832938628088507776889305823,02fe5758cc800ab337a67f50a727d0d1,0
1.2.826.0.1.3680043.8.498.59426134288436219215525445839849588348,8bb1b9834c1e159a18d9b82af82659d0,0
1.2.826.0.1.3680043.8.498.59449702487184611096113620550399616423,cf03a716c6d7caf2906670247e96bd36,1
1.2.826.0.1.3680043.8.498.59475691595504590121311599301170361869,d221898aff9f8d36cdf45b279fc1605c,3
1.2.826.0.1.3680043.8.498.59476657510212258499047356518058209126,5c9cff251934b0cd5d2d5f5fb435c146,2
1.2.826.0.1.3680043.8.498.59483999067816153759785789654766826710,9e965f5b40c7e057fd0ae8541a6f735a,1
1.2.826.0.1.3680043.8.498.59511171909586924989766685687032462369,67b08f7d54f4ad306a00d029774a3997,0
1.2.826.0.1.3680043.8.498.59527896591755229337596505685198957637,6c054a06f33896d185e609cfc29392d5,3
1.2.826.0.1.3680043.8.498.59533384841491000088839469462294817273,47fc69229fc2192e5b0040ee40d3915a,1
1.2.826.0.1.3680043.8.498.59646951619367295963072805933618947027,3879163993d1e8872f416fb67c9710e1,4
1.2.826.0.1.3680043.8.498.59680220055968160813801840287391339651,dc0e74d606ff331e4353c581bd0446bc,1
1.2.826.0.1.3680043.8.498.59708410902079108538978687294461753235,68bc00311877bc527f51db95b1f48049,3
1.2.826.0.1.3680043.8.498.59758232061190668535098343218115599228,109530a11c82be5194a6e7789f7e77eb,1
1.2.826.0.1.3680043.8.498.59826277112503440743678968423276737254,b3baaa1ff447ea92afe01b7706b1771b,3
1.2.826.0.1.3680043.8.498.59828592894392286103154555572376381359,00c9a2b7a6d1746194f1629503d52389,3
1.2.826.0.1.3680043.8.498.59835677513721120155185666132462195647,b5f3cbd32d509c00fafc4098f1bd5840,3
1.2.826.0.1.3680043.8.498.59864697179957009967756900038846073439,7995b0e4f4a4d7e95d0e45766ef788ef,4
1.2.826.0.1.3680043.8.498.59923507410103964137819195926587517759,9f751d6b5c15d9a4f7ec48737918b473,0
1.2.826.0.1.3680043.8.498.59932425615255727459402684084295081504,a93b068676763f7e0f250a61440854de,3
1.2.826.0.1.3680043.8.498.59938475193950583662125713924156951751,23821fae0b2f8b002b33776e8fad26b8,4
1.2.826.0.1.3680043.8.498.59939977812549570931951749553467050226,7805696f9f4945fc237c3028973e949d,0
1.2.826.0.1.3680043.8.498.59948559729295284519115137429127740378,d494844134d03ab9cd9bc449d13d8a42,1
1.2.826.0.1.3680043.8.498.59954207362160100069708115719895503197,2da6af9ddac3f31bba44aff39bae8204,3
1.2.826.0.1.3680043.8.498.59973351395253648445741322652773810641,4c75b19236c328e033b808478b80812e,4
1.2.826.0.1.3680043.8.498.60064080350033586611530748685370040101,8d25d88bfa10df0eb7bb7c4d9a2190a4,1
1.2.826.0.1.3680043.8.498.60088605286413557861235417321985538357,641815e089e56e928a055b6f83a2292f,3
1.2.826.0.1.3680043.8.498.60094182309575937331152278560900767484,3e949bc7375c2d87044c2065779dea64,4
1.2.826.0.1.3680043.8.498.60163612617486071760358965933890738162,4b4982baff8d81330d9776927c2f7fb0,0
1.2.826.0.1.3680043.8.498.60189166269847256202786309096136242746,ff80ae5e19e6fc54616f8c162fbe88b9,4
1.2.826.0.1.3680043.8.498.60227430483444032531479844365716485643,b42b9635aa14f80ee64d2521971e9ba7,2
1.2.826.0.1.3680043.8.498.60240929196665639608259748424475337443,46f0d42b66ad6b88b1154f91023a0eee,3
1.2.826.0.1.3680043.8.498.60259828181878278590614805828898992241,38e276e64ccbdee72b13c3e3867571f4,3
1.2.826.0.1.3680043.8.498.60339775486026531260673620094004244044,5dd2001e2df19c06460d94c20568a429,2
1.2.826.0.1.3680043.8.498.60347768295306794807599672836772410567,c967a901e5f8f8e2e44670bc2d9c4c6f,1
1.2.826.0.1.3680043.8.498.60394858470917657607846893765818799720,03a701305089079d7bb54dc8a0089529,1
1.2.826.0.1.3680043.8.498.60430475172382878092821699001847797153,216b460ee69c25a48daf9e7130fb469d,2
1.2.826.0.1.3680043.8.498.60435128564448668334758790827765960420,9be41ef2883a64de9f2aa90de5f2be85,4
1.2.826.0.1.3680043.8.498.60439571175176992075370053747045234796,33bf1f6e47503ad6b0a02146ff7f0b30,4
1.2.826.0.1.3680043.8.498.60446085094710623303973373214794179184,ad5ff7c1ca94480ac1b8c8c1cf7f612f,1
1.2.826.0.1.3680043.8.498.60465293103574559546982440125572490190,92582b98fe1e26f72f592f10bcd9eceb,0
1.2.826.0.1.3680043.8.498.60473167624534682552272469123806503959,3461b524592db22ac0ac9a116a503a84,1
1.2.826.0.1.3680043.8.498.60477027832057450004004942199870813886,b1d41766ef156e54c952425426ba5cc5,0
1.2.826.0.1.3680043.8.498.60492772672040498730937577391401159109,eb5f23078d4f3973056c8d9c3424adb3,2
1.2.826.0.1.3680043.8.498.60548477793215320533051194155539307724,b442289c5dd6fabea5e337513f5c5d09,3
1.2.826.0.1.3680043.8.498.60582762894748063612925320003677861384,c30360a126a79666aa31d10da5e37e8b,1
1.2.826.0.1.3680043.8.498.60611146141493700985009985723275645474,730ea7f6ca0559d89e65f457c5ebbf63,4
1.2.826.0.1.3680043.8.498.60614975796208617794180432816390721331,98b03c2408e14ed69e6a70be3fcdac22,1
1.2.826.0.1.3680043.8.498.60633008040453481523409852849000823589,188433b5cead0c74d305e4ff1ae15c39,4
1.2.826.0.1.3680043.8.498.60661676782543347731000874708337132276,ee8edf4d5d6c88ec34599c51865d12e5,4
1.2.826.0.1.3680043.8.498.60723378470101669902158229125336455520,bbb9640c10dfa84db114c8f46f350bab,2
1.2.826.0.1.3680043.8.498.60736996513214411991331917490659995815,6b0c01a57b741018274fc51d4ab305b5,1
1.2.826.0.1.3680043.8.498.60840220723824894619895264673401129352,76a4c86e5dae17870c64931de29f58c1,1
1.2.826.0.1.3680043.8.498.60924385750386872880015870524131415592,ad143e4daf99779f8235ec665522fdd6,1
1.2.826.0.1.3680043.8.498.60931716414402855657852057585917605786,34251fc86413928fba9fa553c179e63a,1
1.2.826.0.1.3680043.8.498.60965286164497194740320124904525623873,65b0a87f74e1a174ca3a8248c44c5f60,1
1.2.826.0.1.3680043.8.498.61024356179284390979230045743542661223,12240635a709e08f4fd3753610d11480,3
1.2.826.0.1.3680043.8.498.61043690805522768840878574610198420558,3cc8d3f66778032653dbfa889a0da5f7,2
1.2.826.0.1.3680043.8.498.61072566792285434404885416160728089641,006265a70c69eaf596030fa747f700c0,4
1.2.826.0.1.3680043.8.498.61140619849833544411463750382539885141,489440ddb85a514db94af66ad71bb85b,1
1.2.826.0.1.3680043.8.498.61148578767041261085865406067025346106,4d9ffb05b88014b26ca584fc2c46e5ec,4
1.2.826.0.1.3680043.8.498.61148667330113929729568621580194520169,c2287f922cb20e7469a52c432edb128e,3
1.2.826.0.1.3680043.8.498.61220609061901632500124675031032586841,6d591737b895df92b6ad26f8a1750476,4
1.2.826.0.1.3680043.8.498.61227644940421894951950605627016308160,b72208abef5ab4362014a4738646f22a,2
1.2.826.0.1.3680043.8.498.61238657014751597736608285205361041675,bc7d43ea6611d3bdcbe136e0145a1945,3
1.2.826.0.1.3680043.8.498.61313243050348988917987796330691448770,6faa5dc27bcf8a78f0099dafb0ffd6cd,1
1.2.826.0.1.3680043.8.498.61333047594780344399535845209036589563,e5d7ed708a99f27b1f5cef23490945a5,4
1.2.826.0.1.3680043.8.498.61354742313056287432707914716598361679,aec499cbc5bf00afe9de453fae9e5b11,0
1.2.826.0.1.3680043.8.498.61435096069921474761812731150911059491,d38ff1bd1958ad2a20e13a32c99d4498,4
1.2.826.0.1.3680043.8.498.61456481310419978302697858056095086811,7587838b0f87f695c3a658127f2244dc,3
1.2.826.0.1.3680043.8.498.61490475141024845836646569993549106628,2ed0d824d9b5545bf9f8e475bd934b3b,1
1.2.826.0.1.3680043.8.498.61518377417979517706237284901970943470,b59a0ac563eab6c2c59c7b35b23e21b6,2
1.2.826.0.1.3680043.8.498.61529451559250327125552112075119161933,6921a3853ce2112aae209d08707080a7,0
1.2.826.0.1.3680043.8.498.61554384977916135091630433680780524386,e42752e092f81c9e204ac4d5c4b778c9,0
1.2.826.0.1.3680043.8.498.61570904948128887877542043572765432417,6e9d13625cc4abe89362f22a9bbc50e9,4
1.2.826.0.1.3680043.8.498.61581513083114643407028382481113097015,736b76936143f2562fc9a26f48cce38a,2
1.2.826.0.1.3680043.8.498.61630894340791204767579628554826500984,c54ad26076601e94f4a78a18eb1ac69d,2
1.2.826.0.1.3680043.8.498.61715630583919056026446344483871058799,828c950d7b3f3598974e11dc992c6007,4
1.2.826.0.1.3680043.8.498.61797111379749329977228618245440305623,6bf7ce95ee9c84d8339743b471543472,3
1.2.826.0.1.3680043.8.498.61812343111344551704536863711676179812,e3a8e21de50a4051a7662ec66e477900,4
1.2.826.0.1.3680043.8.498.61864939963243675140060416958055914981,46ddbc40053a0830e2340282fd6579fa,1
1.2.826.0.1.3680043.8.498.61904856234837992279531381374350177464,abeac5bae94717bec3f13a466e4e7260,2
1.2.826.0.1.3680043.8.498.61934170443339188744573234190617483017,fc537c67b9413ec5972c12abdfa16eaa,1
1.2.826.0.1.3680043.8.498.61956863718716027369068406125965902569,915ec2a4f3facfccc80565c50b9b3042,3
1.2.826.0.1.3680043.8.498.61981891095235024266625598999854298547,258a04d372cfbb7de888d0b9d34d2efc,2
1.2.826.0.1.3680043.8.498.62025036385410820041698409408092924893,5d21239d4b436732f4a74708ace12fa6,0
1.2.826.0.1.3680043.8.498.62030472630193758412620945408364583008,fb9cf2cf6a7ad4bc2667f1e5936d2ece,2
1.2.826.0.1.3680043.8.498.62109244272539959226824769201542205950,4d3f317265849182c78806587eeef416,2
1.2.826.0.1.3680043.8.498.62154969360158054310282857093665911261,f7ec3299f81ce65647372739d5ff58cf,0
1.2.826.0.1.3680043.8.498.62192347880785177732202565414591408086,8940f62c380f11ebae4a4a7c6649fb1c,3
1.2.826.0.1.3680043.8.498.62205799963299902160268565319924399775,c1bcdf8e11c25c64c248de03f88c3371,1
1.2.826.0.1.3680043.8.498.62217447760619326492634156203608889396,de3f620993430b917e80961eabdc351d,0
1.2.826.0.1.3680043.8.498.62218684089117864632544493263539598403,609ac709739901938fee166145288cec,0
1.2.826.0.1.3680043.8.498.62251470468640645490157592046417355534,5fb52eb16a40d0c093640ce944ee6493,4
1.2.826.0.1.3680043.8.498.62252176347004905787746821113523889523,df6705edf15a4229748c85af1a3a90a1,4
1.2.826.0.1.3680043.8.498.62329283530383340787096585492217632179,59b26f23e16f696a750aa8111296e951,4
1.2.826.0.1.3680043.8.498.62383135836496954297324866452887364097,079bf500062524840054c982c6950a7f,3
1.2.826.0.1.3680043.8.498.62400371770962739002393364782172386752,06d6c7bfc057f15cbabf6059f869d6f9,2
1.2.826.0.1.3680043.8.498.62400625562782184774973349983498962743,bc40271d2f3abdd90894e1e08bb88310,3
1.2.826.0.1.3680043.8.498.62406588098851994968957074186291720431,32a786616d06a353cb6b9b0347121c3a,4
1.2.826.0.1.3680043.8.498.62420632149863295140175740643640707423,c47440a89017fc58a1f35188d6d37111,4
1.2.826.0.1.3680043.8.498.62437671010172828772205139640126159272,354aff998a9a8a8183beacf25b41f26b,1
1.2.826.0.1.3680043.8.498.62465595376489211274225312453216559395,ef34e4c0c989e0b6cc57c40325698708,3
1.2.826.0.1.3680043.8.498.62549354677638403845904556149868367236,3aeac99263bb5e07e59b1e410cec9cb8,0
1.2.826.0.1.3680043.8.498.62662430565901539554882496013173225758,24502abcd6da76d62f36395cea9fd561,2
1.2.826.0.1.3680043.8.498.62693151030819598514729637644804213983,089276be3a0a711bcadadd7191dec88d,1
1.2.826.0.1.3680043.8.498.62752755711205966800746994120425231855,1ed52db61a06bccf8f68c02127697970,4
1.2.826.0.1.3680043.8.498.62760659205261492447481830774781950875,4092a23e1d62a0f71bee9b0747c4467f,1
1.2.826.0.1.3680043.8.498.62776347582771469289738234607517546504,ae39bc1107dc61eab3f6ef4905f71139,4
1.2.826.0.1.3680043.8.498.62782163204193388751869649423542931657,088689c4bbc4d70d0ef085806f3f13e2,4
1.2.826.0.1.3680043.8.498.62830031603985608774418534497520663269,c1c87c76c777330beee6804f007408df,0
1.2.826.0.1.3680043.8.498.62918046703989259691005447883746340916,8b2f8eaba098f4ce8d9c7f53c51ff0f0,4
1.2.826.0.1.3680043.8.498.62924835279557724526138406447993672103,956346dab2d483dc0ea24a44416d9415,4
1.2.826.0.1.3680043.8.498.62928513795250694194589804784951257414,aa21698eab2b57b19ce9861ee578e141,4
1.2.826.0.1.3680043.8.498.62948920639798990757395955917890550512,20b3b2e9dd99683f63613bdc31af238b,0
1.2.826.0.1.3680043.8.498.62983291359021407345388012674614537807,399511fb5703dfa0e94c08ecb56ed295,2
1.2.826.0.1.3680043.8.498.63002559681883387414876870926128159682,45443612ea91188254d5944bb9493735,2
1.2.826.0.1.3680043.8.498.63005973438879239920248535292375481294,fca3b2dfba9a4e3c0d1c2fc7c6a7222f,0
1.2.826.0.1.3680043.8.498.63068687840516335034631353955761036465,b2f4e20cf1f7ea5fc08e48ed4edc69d7,3
1.2.826.0.1.3680043.8.498.63069333313670617776227577192591993067,4b866a5cbb85cb710f2efe3b60c0beb7,4
1.2.826.0.1.3680043.8.498.63096952391833769395204944538276970114,4703adaf4f3dfbefc59e25be364d183f,1
1.2.826.0.1.3680043.8.498.63105151375349194807502162946823966410,6c49098f6f46e17ddab7c3bfb550a736,4
1.2.826.0.1.3680043.8.498.63126604639589769235241216875934773992,cda17cfa8c46179012865de6b29c2e2c,4
1.2.826.0.1.3680043.8.498.63151733210715530368323422018984705316,959f557774156330e0d247ce19d7e63f,3
1.2.826.0.1.3680043.8.498.63195088465290711580668024587233364997,496029a90ac1b41f8ad930396fe204ab,0
1.2.826.0.1.3680043.8.498.63197503121546251937003511751049515360,8d83ea1110ad2a6ff13f7dbacde364c0,4
1.2.826.0.1.3680043.8.498.63204735160524958513470115761010950181,83406d8485db591caf18b9bb8386bb45,2
1.2.826.0.1.3680043.8.498.63216944317982327305447295456609309952,e21a5b646fbc795e05a1b9a7020f03b2,3
1.2.826.0.1.3680043.8.498.63223220827342079068491460847713457238,e3941190e53c72e65efffe69ac5b8085,0
1.2.826.0.1.3680043.8.498.63229263722659785142967850542699676113,79688ddae4bc931a210b07e0ddfa83ac,0
1.2.826.0.1.3680043.8.498.63242029756172180508167933519465902827,5377ec9c8cb50afb77b7f6f0f5b047b2,3
1.2.826.0.1.3680043.8.498.63279205896049798083339413931561428540,e0ecebe9fc5494584d4858d1034dbe03,4
1.2.826.0.1.3680043.8.498.63280826430574305683941548157934410641,385cf501fa882a9b2176c7376cc39e61,2
1.2.826.0.1.3680043.8.498.63320397279666280420359587173167195895,f854e9b6615cda178995bebef4c2548b,3
1.2.826.0.1.3680043.8.498.63360204391136938955220146755331421179,f7594a30808fde5c040d449daace93a9,4
1.2.826.0.1.3680043.8.498.63377901538320536934403969965624202519,b486da778afdf7b7e093dae214f1d7fd,3
1.2.826.0.1.3680043.8.498.63424633611847022112809173449690688015,c566015e4654844ce9093529adb7f02f,3
1.2.826.0.1.3680043.8.498.63426442500798189991842988966227275166,124e7fec7fc61a3e6ae954998a823dd2,3
1.2.826.0.1.3680043.8.498.63439188800533762543950349022148547855,f4780d3749a880638f656f51932c7038,1
1.2.826.0.1.3680043.8.498.63510378689078892579575716369639643386,3c551eaffbedbe9255cf0ff12bb54431,0
1.2.826.0.1.3680043.8.498.63519003265636561965405570006747767668,b6c3b0479f2546ee229738c04478c06e,4
1.2.826.0.1.3680043.8.498.63521033783841675104013677430088400343,3a7b39f615e38260a526fdd0c579271a,2
1.2.826.0.1.3680043.8.498.63521726454879203860288713455843702564,bb62d23fabc9620d53b5e7433c7b6908,0
1.2.826.0.1.3680043.8.498.63539809431911516912857504094611479480,fb7588e86391d1e74b2b0f6ace2fef31,2
1.2.826.0.1.3680043.8.498.63550258873504696667112631869753870779,7cdecb8aa1b6433170dc1df302337dd0,2
1.2.826.0.1.3680043.8.498.63556690547679257097888724096967682731,1956a34a1849f1bdbe3e9c4066ab3b19,0
1.2.826.0.1.3680043.8.498.63564058504808107209753434989270686941,fce86dabceae42b305b63cc4dc65621e,1
1.2.826.0.1.3680043.8.498.63565089119380386830816381560603756258,4c8fddace9825ce3477d659cf010e522,3
1.2.826.0.1.3680043.8.498.63584266247144369196126771996126173497,99bb77356de8177391753e36f106906e,3
1.2.826.0.1.3680043.8.498.63673733836218886397484265807806548473,f192a6abf3611026a9f8c5f60d3d87a6,3
1.2.826.0.1.3680043.8.498.63683477631564232018930819747238111809,11db41935d70ca571ff0e21ac9260b39,4
1.2.826.0.1.3680043.8.498.63726512375511246975989322174096818969,1a3fd0148a9426a4e4b6efdb382e6281,3
1.2.826.0.1.3680043.8.498.63797588614544518196205411126336672334,966a6c77df060eeb34faae4a3e068eb2,0
1.2.826.0.1.3680043.8.498.63849051301265505051181245915656194652,27e28d1c17409ca7ed2132e44c8332b5,3
1.2.826.0.1.3680043.8.498.63884838982826315257233262184190435906,8acb8e8f1c483e3241861170626dbc58,1
1.2.826.0.1.3680043.8.498.63894147741855851067411708837856142566,090acc50a1117f932d880dd8d2387ead,1
1.2.826.0.1.3680043.8.498.63986652686300452077410299429386420400,1536a1665dbf0d44502bb2cffdea991c,0
1.2.826.0.1.3680043.8.498.64022112049842890696609934970222024490,2814bb0d5f89fc73f078a4bd5b443053,0
1.2.826.0.1.3680043.8.498.64022949342538714157641824612944253302,cf4c4a0be3dc45d6fa223cf72c22004c,1
1.2.826.0.1.3680043.8.498.64029768638431636860053484202080135316,f319aa82028b3b1e8ceec23d1b863f3d,0
1.2.826.0.1.3680043.8.498.64034149345689391514924451724232196567,bbc07ef63d9d0a4fea8a8d36717dc6d1,4
1.2.826.0.1.3680043.8.498.64066465191710322298540005681534170036,96031ed6ac8b6b94a9919f4bd20d4425,4
1.2.826.0.1.3680043.8.498.64109231850522212435708176045583779359,ead9ae9511d5bed1d2e4a9fdc04c25f0,0
1.2.826.0.1.3680043.8.498.64119798231341423127851203797783576453,38da7408f19ebf7ff818a2c3d0839a6c,2
1.2.826.0.1.3680043.8.498.64172939203926034064618447795131041647,bb404ef55682cee64329ba912adcc8c1,2
1.2.826.0.1.3680043.8.498.64186424577324542519674308830472181373,9a9e725a0a02c37a90551467e59e6443,1
1.2.826.0.1.3680043.8.498.64240637244650029205175793729578897734,5e692ad31ee6a7285890c34b120192e2,2
1.2.826.0.1.3680043.8.498.64283618749539713756220539395944025878,64e1a7c792668efb90a7632fd6f74264,1
1.2.826.0.1.3680043.8.498.64286017646659573966584053755363026715,c4759af3770c337c3a90f8877df92817,2
1.2.826.0.1.3680043.8.498.64325734401816269429960464734504322970,ea729eab8e1e75a1d32a07a6a1714b08,4
1.2.826.0.1.3680043.8.498.64381606512330581256470279413868645789,b2c071520cea1b310828a4cf11f59d79,0
1.2.826.0.1.3680043.8.498.64397747170052970974000650185716672477,8d83ea1110ad2a6ff13f7dbacde364c0,4
1.2.826.0.1.3680043.8.498.64408609256163127278435484217683272910,5c4966fb4bc047682f2c8425a467b4d6,0
1.2.826.0.1.3680043.8.498.64408775259838960958354835366765941676,eb1bf32a183a57f186400c307baa9345,0
1.2.826.0.1.3680043.8.498.64421299492271548595446260681698412384,9f3eca37ec15d425db768c968010706e,4
1.2.826.0.1.3680043.8.498.64443149121726771900576109439951701105,cf50ced416a0c63f97d59982bd88775f,2
1.2.826.0.1.3680043.8.498.64487230511522940587342058274736571996,89c9d9e79f950c48456fb8581fd1c1e4,2
1.2.826.0.1.3680043.8.498.64526757783166918696475501252110447010,bd825f79a230d1965c417e5b91c70388,0
1.2.826.0.1.3680043.8.498.64527059976573114931020581328924993069,4221dd68f73bb4f45bd661c8e82e464d,4
1.2.826.0.1.3680043.8.498.64590392444259942263746282444188079724,abb5f8bc6984e1d8bdcd905e4e2644b2,2
1.2.826.0.1.3680043.8.498.64606794953061143951972249525094490665,d890bff76f6ab080c87b1132a06ac464,2
1.2.826.0.1.3680043.8.498.64640435232894033317418319985727526223,8894587f09d3731f76b674e8458c1d2d,3
1.2.826.0.1.3680043.8.498.64652085172505930317660036583152917472,5cf6a105ad07fda36f267373b3b42987,1
1.2.826.0.1.3680043.8.498.64663285742626599570990862360902141188,2b9c84040ce5174856b0b0819705029e,4
1.2.826.0.1.3680043.8.498.64673069370410118387363952155758553567,36930cebba8c3d4db19b412faaf84313,0
1.2.826.0.1.3680043.8.498.64703506772167798469048460791472465039,25a852b5a13d5531081fd94ec50d7475,0
1.2.826.0.1.3680043.8.498.64752580249608101443758975861213065048,94452d59e1980da791b0827dc4f33474,3
1.2.826.0.1.3680043.8.498.64865300853258390816475799272221318005,c3097fa3b2be21c8bf377aab7ea8480c,2
1.2.826.0.1.3680043.8.498.64897285598346101578442697515294908341,21c2761eaa09b4bbbf6857f572a14c34,2
1.2.826.0.1.3680043.8.498.64917073507426524387269500871970032783,5452eadaa59e69a68c9225e8af2c6bfc,3
1.2.826.0.1.3680043.8.498.64946212153370539647301308676689632525,2a5deb0547ac4cde20f748598fc3e94b,1
1.2.826.0.1.3680043.8.498.64950600385134699009390197520158979183,7bc008ae5ca4cd8018eb48746c6bf4dd,2
1.2.826.0.1.3680043.8.498.65013994414976103275014874284064145461,79627c4ddd0a3ad0617baa0f9bbddc3e,1
1.2.826.0.1.3680043.8.498.65077085081642080527129904737510276643,f1741cbb541f7c4ea2442443b129173f,4
1.2.826.0.1.3680043.8.498.65085954283273471512936799274064949557,9bb9b3f0b82f5b71cb3dda3b79e70139,1
1.2.826.0.1.3680043.8.498.65123055741109319778634264103224173252,8cc38305961ff57f0f9bdef1ef5bba91,4
1.2.826.0.1.3680043.8.498.65124952546314712352837396207287384405,968320b71aa8054814ecb9823397eb5d,4
1.2.826.0.1.3680043.8.498.65160241567146620406193593170843451582,2d06dc626e239dd78fa5d34ba00196e7,4
1.2.826.0.1.3680043.8.498.65187850119346448625449915281726338455,a95f88c36b7e5a4bd1ef83b0dc0ab21d,4
1.2.826.0.1.3680043.8.498.65222333228514862688331581862087607325,f1f1d7f76d88067007686b8c294e69fd,0
1.2.826.0.1.3680043.8.498.65224808465738083245406235000047993647,35108e252ddc7dedbc520dd7795a1e53,4
1.2.826.0.1.3680043.8.498.65244223225926362862970496735749098549,114a1c2ccd9599b3bf644f5ae3046706,1
1.2.826.0.1.3680043.8.498.65312506382127486486519184894274326380,f4a26f00fd3fe4bdc197c4c51612e4f8,4
1.2.826.0.1.3680043.8.498.65322445533737673246312151513913460816,6c70289bee9e87da1865cb83e3854ec0,2
1.2.826.0.1.3680043.8.498.65356758967883114612797250487949537460,8d83ea1110ad2a6ff13f7dbacde364c0,4
1.2.826.0.1.3680043.8.498.65403984120528711726317048984986599537,e21c67af5e0dd62c85fefc2b896032f1,2
1.2.826.0.1.3680043.8.498.65438121008780366054026567981577676554,ddc5a66f03dfad0d06ff46cd80b43648,1
1.2.826.0.1.3680043.8.498.65515828911930515002046151253057175178,aab989c9c0215032265fec4b6963ae7e,1
1.2.826.0.1.3680043.8.498.65524487168129064460609645228098420719,d332f780741ada75a55a179c5b4ed2e7,4
1.2.826.0.1.3680043.8.498.65530757406333318449497070048719890442,de45209dd53eebbce89fae3a79ddba9e,2
1.2.826.0.1.3680043.8.498.65543472488214519069910341591668399186,086697b958b2ff7affb2c9ccc5d87519,1
1.2.826.0.1.3680043.8.498.65547889329285432771702699287910809921,bcac91b48b5070ec75205940ffd0b966,3
1.2.826.0.1.3680043.8.498.65597375829884314152221851871550349856,dcdfd5ad80fd46a7ccb48c0e5a1939ce,0
1.2.826.0.1.3680043.8.498.65607807464576681752987746458209389847,81a5402d51ba9565f8a4f23da9b9baa2,3
1.2.826.0.1.3680043.8.498.65667678378249093118816281743956646856,4f9f9d6324ba0197fb1fdadc88c1e31c,2
1.2.826.0.1.3680043.8.498.65703265163052901613211590083675186626,0b9da9f69e2048f18d156c03bbfeefd4,1
1.2.826.0.1.3680043.8.498.65708905118633339771181857781063784327,fda3dffcce7ea72cbf98fd211bb79c46,3
1.2.826.0.1.3680043.8.498.65715827585629489888518528736848969678,f42f4f18bf513fec20aeda732a578d4a,2
1.2.826.0.1.3680043.8.498.65756786850574169314934708606155033765,8d83ea1110ad2a6ff13f7dbacde364c0,4
1.2.826.0.1.3680043.8.498.65763261177572072944828171262268039852,39044442f992e5ed74246c3bca6481bf,3
1.2.826.0.1.3680043.8.498.65783500506568702195262661666345236666,ba56c2e53567bd1633ef240e53b46f0a,3
1.2.826.0.1.3680043.8.498.65788206282522750507559682036750692505,5ed9e75527d819caa8f5ed96cb8320e5,4
1.2.826.0.1.3680043.8.498.65792625478083832901309715174678358900,7240dfa1849c025a3a356f7da2fa75ab,2
1.2.826.0.1.3680043.8.498.65809115193576546782858254430325338674,0ed3adf9977b9f7c964636a80f647fc3,0
1.2.826.0.1.3680043.8.498.65834774574423727070722226151408235786,b68ddce1672c689504f39238276bc46c,4
1.2.826.0.1.3680043.8.498.65855247249608663104822603172047250057,6c2592dee74d5c2320daa36c5c6140a8,2
1.2.826.0.1.3680043.8.498.65896962360688978581417748865609785541,ae6e02937ee5095760314e35693544a0,0
1.2.826.0.1.3680043.8.498.65909865035783831607773206653044421345,33b05b643146b4de2edc48ebcd719449,1
1.2.826.0.1.3680043.8.498.65939700606136711089565313916789162980,44702d5c3e07f52927fa78c3fa301251,4
1.2.826.0.1.3680043.8.498.65959182350599581687336889990076028593,3b934dc9b7a7b97082f0e56cc5aa26ff,1
1.2.826.0.1.3680043.8.498.65977711270942843864266358352913175672,fc87d7fce410f7750f83f4fe47b6d51f,2
1.2.826.0.1.3680043.8.498.66020213859389864645118554257523478921,644a73de795756c560ce888c4263500b,0
1.2.826.0.1.3680043.8.498.66022464665791424345622894674375661089,93b3b1661fb2d53c232fa610b3c51e05,2
1.2.826.0.1.3680043.8.498.66031142975529812579758652269360365398,d69104761942e4ef768ab28a1551d0e8,0
1.2.826.0.1.3680043.8.498.66065279867975557954375204776779208827,565622a5628c5c08a4527c9ed4a714fe,0
1.2.826.0.1.3680043.8.498.66077420344931334696112616504179985591,327a9d4a282b38f90606eb535a157365,1
1.2.826.0.1.3680043.8.498.66083855405250624607521810369199218887,bca77f2cddd30c84ec417c412cfdcb08,1
1.2.826.0.1.3680043.8.498.66156015559325316834458423557757995415,19346bc960fcff42ef1dea12cce91465,3
1.2.826.0.1.3680043.8.498.66199248385068685539872840826351152652,6194288605e6a0d731c2c1fcebd5ca92,4
1.2.826.0.1.3680043.8.498.66210455934011506415244876770725282769,a78ab47bea42b2c284d678ff3d7524b6,4
1.2.826.0.1.3680043.8.498.66264392187277583747691643146920431469,82e892c6dfcd54706930c8b137c11739,1
1.2.826.0.1.3680043.8.498.66287049728466409037095442705228040084,e56f2ad2bb1fcd528580c073ad11785f,3
1.2.826.0.1.3680043.8.498.66296018797614563698471347079960740755,a24f6014836ea973e2e7a52e90825a60,0
1.2.826.0.1.3680043.8.498.66305771884507759587182077473863996177,319e6c36223fa7a2bd884b526de37975,4
1.2.826.0.1.3680043.8.498.66308195780676793917989368423009849637,6a9ddcd8db5c21d6930a358df5d52186,1
1.2.826.0.1.3680043.8.498.66321903250295261063309947910189882952,694ad8abfdaa5f0f6a99cb9398122274,0
1.2.826.0.1.3680043.8.498.66327751482076404294387513492434577338,1c2d557e37dc60a957fc807676bf6700,1
1.2.826.0.1.3680043.8.498.66334686028272068369345540785320291695,6e92b5ff594a512f001eec15ac2cd956,0
1.2.826.0.1.3680043.8.498.66364462115470823900176770413527217503,218e015c302c639f89d28b761fedcd67,1
1.2.826.0.1.3680043.8.498.66401771232064170830621215861092532421,d76ea1d4c221e7fbd9bdad4033054e06,1
1.2.826.0.1.3680043.8.498.66404725797392899950170138361835649917,f0feb3272da2b0d668a6c6874e7b4dd8,4
1.2.826.0.1.3680043.8.498.66489634638847834550694493585147280754,ebfcfe5bb9f6ad3fa6ca58bf130008d1,2
1.2.826.0.1.3680043.8.498.66510565421813721258189101326477318907,e8c0ed3656c16876ddff03d0e2014fbd,0
1.2.826.0.1.3680043.8.498.66596090141798159058634289358454183351,6817b285c297337bb020a368f68e594f,4
1.2.826.0.1.3680043.8.498.66640124635222298792902508374800337726,897b27e0487ccca4daed051888fc4fe5,2
1.2.826.0.1.3680043.8.498.66690100241274246406145618641481787709,fb5c23691caa81bf9c142e1ccae3cb12,2
1.2.826.0.1.3680043.8.498.66694519343321893230666089565893349853,c5578a4c7258700f1c7b99cf9082428a,2
1.2.826.0.1.3680043.8.498.66737859593831436259089736126768464771,3e33ff5d7fff4a4c7ba2b05a7910a488,3
1.2.826.0.1.3680043.8.498.66805139646641294853509958688742554525,03e6d4e8989a31c2da703f807080b751,3
1.2.826.0.1.3680043.8.498.66841103065389483583108279900721522084,afc5ed73501736c30efa36b6952cfb23,4
1.2.826.0.1.3680043.8.498.66865810098959732285731429066569782524,4be059daa83590cd106235415dd49b00,2
1.2.826.0.1.3680043.8.498.66960891947495601371173426277430301127,4d865eee27f9da2bee470e2a8f83de01,2
1.2.826.0.1.3680043.8.498.66973089869591928349547584554030589647,59d29a359478f283ffd387a3a9d8709f,3
1.2.826.0.1.3680043.8.498.66993076561387452114335652021593805727,8e0f6eb8671e17960ffcdaf5e7da9469,1
1.2.826.0.1.3680043.8.498.67001329390153622359718581388215312710,66dfd93e00abb1dcaf1597d82a07e87d,0
1.2.826.0.1.3680043.8.498.67153684605171746899496816770567866269,fb7b5657174c98cd37c5fed8a00b4785,0
1.2.826.0.1.3680043.8.498.67157948144868269956661697924341234924,75de37dd617e582eafbcde2480e1edc4,2
1.2.826.0.1.3680043.8.498.67181088492292316990397177612918195713,16f031d093c26da143193eaa0934b17d,3
1.2.826.0.1.3680043.8.498.67188121544063723837669983597453941774,26485488c39d8ef1c4d8c0da84c028cd,0
1.2.826.0.1.3680043.8.498.67189969532330535369638450306601659967,b4d1fbbc3b9a3a52746222ec91c786ac,0
1.2.826.0.1.3680043.8.498.67208608901061914528631080268819069203,f65b52c6d9a4df92f0e6c8e10d3fe49c,0
1.2.826.0.1.3680043.8.498.67238774585857531338533947812568490258,70736875e575dbdd97ee5b5090a0336b,4
1.2.826.0.1.3680043.8.498.67281816624401881515444587844116136597,e242151ad1f0172c0e1273438d74f31a,2
1.2.826.0.1.3680043.8.498.67284681623851829916403311739987186159,7d4a3cdfc3e0871e418c44a4f9642ce0,4
1.2.826.0.1.3680043.8.498.67374476726034608591738910363595695123,95320ab5cebf0184d67d706f0d2cbd5f,4
1.2.826.0.1.3680043.8.498.67386780309737226410965627751074124678,fe20047ff66c14cbaf63c7fab8aeabe0,2
1.2.826.0.1.3680043.8.498.67397756161011684282778294948252031539,3d1b1dd207008a56c14fafd715005936,0
1.2.826.0.1.3680043.8.498.67404282038417089622852480023919627784,5700e34053d09f6b4c847a782dc54a52,3
1.2.826.0.1.3680043.8.498.67456402757136973484427155324664966595,6422cd5e0d4ad4bcfca5ba1662a167fe,0
1.2.826.0.1.3680043.8.498.67468397709097947104298147948850473142,8e1e0cac04e2da2f56a615df325259c3,0
1.2.826.0.1.3680043.8.498.67490059263503953166467514121525025332,4024e9196ff8af32b1f55150605cb866,2
1.2.826.0.1.3680043.8.498.67498362978754615554767658151787188674,31211020555f5a3427a74edd59dbe2dc,0
1.2.826.0.1.3680043.8.498.67527486841399075490744039058207332725,8f6410fdd64dee57b1fb6012028253b5,3
1.2.826.0.1.3680043.8.498.67550262192397377344258276170992188234,fe087b35564b131f3db8538773d63211,0
1.2.826.0.1.3680043.8.498.67601368724828563564325678719126190797,8b739094e6509fb94b530c22b2b94e64,2
1.2.826.0.1.3680043.8.498.67613388743126519966672593774754849330,823d3d1c008ec4eb37ce2b8601377d75,1
1.2.826.0.1.3680043.8.498.67620512607520186685421323991166816451,d187b05bf68ab901a15e2427ec0aae0f,3
1.2.826.0.1.3680043.8.498.67678576373934022409084801948795250361,64c20e421d909f72bd9b0db611a9c81d,3
1.2.826.0.1.3680043.8.498.67690090498828405347380696553164435363,43972e9c0b64daf23afee3edb7729c8b,2
1.2.826.0.1.3680043.8.498.67705068860320494485379949506807098172,b521dbfc7e3f87603c07c9882fa51fc0,0
1.2.826.0.1.3680043.8.498.67716063997837501476742746033172868748,c526db254541c470a637b73dfdf52030,0
1.2.826.0.1.3680043.8.498.67739091465243228820766982459725849814,19b62218dbadf161548e553ed2539171,2
1.2.826.0.1.3680043.8.498.67740000270419228186274186410889719154,baf713c83ad0f33efb59b04527d55610,0
1.2.826.0.1.3680043.8.498.67772676243889350087068112324015156848,3716dc6850d6f5c5d7d862069973356f,1
1.2.826.0.1.3680043.8.498.67775301856843451215029610725114809378,e54a018ec7454594d77297bc278ab428,2
1.2.826.0.1.3680043.8.498.67788047649994083591931245362169694306,2d1e6edbfa4403066a0474deb96d135e,1
1.2.826.0.1.3680043.8.498.67817378785531423675449308236680249899,693e9b729106683166263b2fb31f5e95,4
1.2.826.0.1.3680043.8.498.67860057199678546706175336855949799228,4f6d4e732c608829f9a5378ff40d12fe,0
1.2.826.0.1.3680043.8.498.67875980316053973061252844698884229168,41bd0ef51b00fde8cac46275b51cb178,0
1.2.826.0.1.3680043.8.498.67901792488494108577057563458320460313,79b9e0c9e8c232173dfbc6acfc53d339,2
1.2.826.0.1.3680043.8.498.67902658411525109462089381503197501728,6351e1d887ba33d333589665ee3c446c,2
1.2.826.0.1.3680043.8.498.67931702364673809781455566584550075686,cac4e340e112152325157ac10632632f,0
1.2.826.0.1.3680043.8.498.67941678374744711267840655419606994796,210c52d45f9b5f9d1b8c834aabd8fff3,4
1.2.826.0.1.3680043.8.498.67958551704692248657133951054036903879,0e5776af0dd035e0a6af629aed5ab344,0
1.2.826.0.1.3680043.8.498.67981157392064878495682078197161506255,15ca9832cf57ff791499d6e3d3c2e851,2
1.2.826.0.1.3680043.8.498.67981539513814867568631217960473023750,934b4378f92c9fef8e3a5eb5a59a0750,2
1.2.826.0.1.3680043.8.498.68042422993686716523227090971667037309,0b6b9fec67d4ec06c1c3fd813690b2a0,2
1.2.826.0.1.3680043.8.498.68079818232244983808025467536454890669,54316c1f17ae5b6d20a0755ba2d11af3,1
1.2.826.0.1.3680043.8.498.68098431505945078581285587720599762771,0b075f804cfe3f841110d622b2bc7f75,4
1.2.826.0.1.3680043.8.498.68106879690636836695681159513106553666,3ed5eb7b62a30ece469850a393b8a1b7,0
1.2.826.0.1.3680043.8.498.68115220080063728900711167735074276147,e025326eda19af3a99666d21e666035f,2
1.2.826.0.1.3680043.8.498.68131564130881160284492534203572971623,6feda0d18d040b99bc9010d5c8da5fb7,0
1.2.826.0.1.3680043.8.498.68142054543837964766571710567214307830,94d377683fbd9963b09057033e28364b,4
1.2.826.0.1.3680043.8.498.68158735450883179427440578190038002606,7cc5a0a9c56bce99770c62c0cfdf2a8d,2
1.2.826.0.1.3680043.8.498.68166103964518457268906879600985959436,b33b5474c348726b03d8606ffb799592,4
1.2.826.0.1.3680043.8.498.68168197665046786209369894696801397179,04142ff53f7c0918764a8fd790420550,1
1.2.826.0.1.3680043.8.498.68176786698913278568384612123261229708,6a6ad29ad5edba563ac616a4a218b347,0
1.2.826.0.1.3680043.8.498.68219942161081583831276769978472014317,b8da57dc0a14dc8e101dc73c75039d50,1
1.2.826.0.1.3680043.8.498.68236154531625015457518732674625182872,12607e69bbcf590978456c63fca9b16b,4
1.2.826.0.1.3680043.8.498.68256141451764547710152696919981893952,16da0653a319b4b6af38722f5470b45c,3
1.2.826.0.1.3680043.8.498.68263925314265871578642679583159577645,38d1f7fd6d3ecd491668c405f578a3f4,1
1.2.826.0.1.3680043.8.498.68264559730756309944466784364591509088,f0371ebb8a3545799869082a0a8270b1,3
1.2.826.0.1.3680043.8.498.68304853223764870957854101604223809218,bfb9d8269e4abe4b869397eabac8e718,0
1.2.826.0.1.3680043.8.498.68328371080087298795966933114044350359,65d6463ce2c178fee695971b81373d42,0
1.2.826.0.1.3680043.8.498.68328948893840135511720724977892905019,bb51e7a3233067c8bf4307e9d5ea8407,2
1.2.826.0.1.3680043.8.498.68434116759606759586218589635360502038,d7f92a24949ba9715aecde287286749f,4
1.2.826.0.1.3680043.8.498.68434323590918408241182252996136001891,bc76f5bf5b5473089b30319465bd1f56,3
1.2.826.0.1.3680043.8.498.68435927323644457286635872824563629385,4c2b988b4f19e6119966998ebc53e30f,1
1.2.826.0.1.3680043.8.498.68442883836038453562548037358230921748,f125041a42c8510a7b56d6875bdbae5a,0
1.2.826.0.1.3680043.8.498.68448811873610037553554213141537599150,e1a88df677c1fad7200c994c2d709861,4
1.2.826.0.1.3680043.8.498.68504220056564878621959394439671931747,f581ca776793be70fab0040fec4fb7f7,4
1.2.826.0.1.3680043.8.498.68524920268469128133836299591793117756,172947d00f3508621228414c8ea29960,2
1.2.826.0.1.3680043.8.498.68570907895010847368926943092385685462,8c4580c5e805b4b3054e043f81ab0424,2
1.2.826.0.1.3680043.8.498.68576465611266620513305434082656807028,b6d44f2b4c1c49f5811987eff496fe7f,4
1.2.826.0.1.3680043.8.498.68578659816221770558506780445608768600,802feaf90f9cac1a3e326365ceaaeddf,0
1.2.826.0.1.3680043.8.498.68593524008570334427931338225473487643,a9d73992d05ed54ac850f1c62b5b705c,1
1.2.826.0.1.3680043.8.498.68637419175382604890136839259344633105,afefe5e8d999c7ac5782ebede1b2bc30,4
1.2.826.0.1.3680043.8.498.68668620295929607459355154952035421306,f44a74fa7217f90a71fd1c22ed4d81f8,3
1.2.826.0.1.3680043.8.498.68707023438918237611039069622720041636,f8a64a95c82ee0ddf037c2cbfb10995a,3
1.2.826.0.1.3680043.8.498.68740466085414970518655922465908223436,f91b2931b9cc581d6f8bd842692826a3,4
1.2.826.0.1.3680043.8.498.68744926735490285461495285547312308522,f51fda713543e61ddcfbb32e1f6747c0,4
1.2.826.0.1.3680043.8.498.68769474672202195228430674317444754835,e09aa7a3636df2ce6defb128baa3c518,3
1.2.826.0.1.3680043.8.498.68777783869253673804970857981124324335,d570427f53b7327694ff1f1d7c714a6a,2
1.2.826.0.1.3680043.8.498.68799355386870083063665227055340582612,e2b999010e3626769e0bbc324f388dbb,4
1.2.826.0.1.3680043.8.498.68806105227826942108149090508198910591,d641f51083e3401edb2bceceaaa2f4e9,1
1.2.826.0.1.3680043.8.498.68862684196934468400953020419415008157,c040d85310708b0ca030039f3b46d4fb,0
1.2.826.0.1.3680043.8.498.68919687595587004665658610968739852899,77fb3c7a6a319b43cedb7d48fdd815a9,4
1.2.826.0.1.3680043.8.498.68931510756844060683643298583132884960,4cc3e2368fe4e13e3a63ad82e2d7a16f,4
1.2.826.0.1.3680043.8.498.68969263295435881669720950631709959471,7413a700ac39a675f9f63a116315bc9e,4
1.2.826.0.1.3680043.8.498.68971603226593154050514800137550171537,c7833eb0fdaae8b3c74b8233807ef064,4
1.2.826.0.1.3680043.8.498.69002590469755721401448924002989552840,59ad18ac8eecb5a1c480c54a45a690fa,2
1.2.826.0.1.3680043.8.498.69033651423155214548081618535669641812,9d8fd8d549f7d41acd7201006f51672a,3
1.2.826.0.1.3680043.8.498.69077351372476086930472412978307038819,0d1f159d1f4cabb9464e40021b5a0260,0
1.2.826.0.1.3680043.8.498.69131433601281694165384475765166382765,741c4dacd7e2420577e8dceb40d8f7e0,4
1.2.826.0.1.3680043.8.498.69141410772327587821159027820329185006,6dc1477ddef39e7935c686ce3bda1644,2
1.2.826.0.1.3680043.8.498.69156800026549034619316278954442147703,d2c92d0e9bf43991a742c97d7f5ba49e,0
1.2.826.0.1.3680043.8.498.69212713525853754921729012449897924087,f7bb5bd2717e04035f4a71fb3a1fba8a,3
1.2.826.0.1.3680043.8.498.69236835611860340913671698884308946455,a4c0360c9d7699b41124dba006045272,3
1.2.826.0.1.3680043.8.498.69260280362382086729793018979234418276,d0d5f2001967aea799b26ce6e6205239,3
1.2.826.0.1.3680043.8.498.69267821440055811776827497076481587198,d5082ff8818b484a8a412c8a816d8af3,1
1.2.826.0.1.3680043.8.498.69311065409015951283858403030798356475,2a7d4d222d3d7dbf7863a9bce6e2874a,4
1.2.826.0.1.3680043.8.498.69392348385274125385290015404144639002,87f0f38210c9676e91ec905acfbb1e32,2
1.2.826.0.1.3680043.8.498.69397705155385306818511499752200941968,9cdb2804ffef38c0f0030620559dfb9f,4
1.2.826.0.1.3680043.8.498.69411539430142524612470544041263824359,41bbf6c21247e58042f1a5ce0193dec6,3
1.2.826.0.1.3680043.8.498.69417319234704516520173921900954337376,07a5b073634096a6daa4d82a16b081f8,1
1.2.826.0.1.3680043.8.498.69429384137362531712760113705595820981,6141d4833cdd4bbed001ea6dfb0ebf87,1
1.2.826.0.1.3680043.8.498.69470130842235635628917024269527211321,0addf476aba17f1a788ff423e013f949,4
1.2.826.0.1.3680043.8.498.69495014653333523580255444915082056825,754a0823ea878f5c9ebebc0d4c55c0bb,2
1.2.826.0.1.3680043.8.498.69514709065182531331987458626496800737,7f9a79440a390f1f7d77fa962dd16991,1
1.2.826.0.1.3680043.8.498.69544085715595825083308172629360899339,8e37c45e1a67288b430203bad1db8065,4
1.2.826.0.1.3680043.8.498.69596668032633976121623939445795750384,78d4b1cdfe1da23973e14d73d8af67fe,1
1.2.826.0.1.3680043.8.498.69632034454628807663252084651278084839,5389539b6a4d41b461aac315219a3303,1
1.2.826.0.1.3680043.8.498.69635429172929809539574727887787303282,42fd75a067ec6d6fd8e0bfd8487ac9fa,0
1.2.826.0.1.3680043.8.498.69654898267139720912940475772303404772,5bec53eeec46899dbd11134e0e553226,4
1.2.826.0.1.3680043.8.498.69665129458102359604411189244405850661,b5c879db12c8756326c37edde002b6f9,0
1.2.826.0.1.3680043.8.498.69673283369917182409597968479300552579,664b64144925e21d1efff66756700742,3
1.2.826.0.1.3680043.8.498.69717507929047897681405659943474469018,249510e0e63fade4a12b516fa9d5f9e7,1
1.2.826.0.1.3680043.8.498.69729903409900053570304330127687235813,1589895d1e7c26732b7826db8b7b232b,2
1.2.826.0.1.3680043.8.498.69730556680449158538173708009262014812,2c351088f9f700aa869b2423465941c2,4
1.2.826.0.1.3680043.8.498.69755849784902271124335765927125722483,632241d19fec6809022cb87579e950a1,3
1.2.826.0.1.3680043.8.498.69828573582708185393942443598783108800,4ff8ca2665490c493c3cb8aa24645edf,4
1.2.826.0.1.3680043.8.498.69846596572083911408018130524077120494,c95ff9ff0701da714515bfc7d993c99b,1
1.2.826.0.1.3680043.8.498.69917156795941398965793962392683899162,42548e1426a5be0d5acee8a4256dd5dd,1
1.2.826.0.1.3680043.8.498.69930569170269472474738549886709596023,713be8b76e0669795cd02a30960318ac,1
1.2.826.0.1.3680043.8.498.69954533310505596128507234525019777805,d67258dabe3fb287f4f3806a17102043,1
1.2.826.0.1.3680043.8.498.70124572708965486791612654433965515063,983b88699db956d819054b9feed85c49,1
1.2.826.0.1.3680043.8.498.70125113032990356507120856030706104508,63fae0f404165a641f5a2a01e63c1e7d,0
1.2.826.0.1.3680043.8.498.70129413051088864999976563404818211137,2961cb99d4027c666d7860bfb9bce696,4
1.2.826.0.1.3680043.8.498.70204818275951821519024007466988533363,ba1be016976323ed495060cb4051e03b,2
1.2.826.0.1.3680043.8.498.70212141059019236877414201247791694101,f5c4d0fd68c1812df0bd05565de5cd94,1
1.2.826.0.1.3680043.8.498.70271042033022764422915852922035168712,19340d07905e7f90ed24e684400a6054,3
1.2.826.0.1.3680043.8.498.70291739279544255146458190540233023337,e62e8732607384e6ece4b4156d00d58f,2
1.2.826.0.1.3680043.8.498.70310162525433830894324495692973986063,7dad52059b744f7c21a6e03a9495c74b,3
1.2.826.0.1.3680043.8.498.70310491987092072540988486213408328865,65943ba17f2fccc5cb6f110ecb8af810,0
1.2.826.0.1.3680043.8.498.70358024114589255428192032298530338260,a33ea4f2a6fc7c9c3514690bc48342e9,4
1.2.826.0.1.3680043.8.498.70375834273924102402706635540898552043,b4303a46218a77ed136c82c78a9c3dfc,4
1.2.826.0.1.3680043.8.498.70409266114961050236894235887802126808,e897a336829a3a7b9e747b77f553f052,0
1.2.826.0.1.3680043.8.498.70427947434642957729711329062828233047,dbbfa050a57b8b1a081819e6b6838975,4
1.2.826.0.1.3680043.8.498.70435722790459313233345196619727661231,92e6eab559207fb6ee8f16eb2c24d374,3
1.2.826.0.1.3680043.8.498.70464717849928808075676221329034929056,3ec0bc4f63c4aea62fa6c59c0e3429d2,4
1.2.826.0.1.3680043.8.498.70471859687546886677145171619638581757,8fa8de1316c995ae9eac8d2b84bc644f,4
1.2.826.0.1.3680043.8.498.70478068758081824347762712452252763894,55c5f6912587ff5e7122f834d040469a,0
1.2.826.0.1.3680043.8.498.70507536279875475164400849670959748314,5477c2a1f26df64fd626b2e819bd763a,4
1.2.826.0.1.3680043.8.498.70531311408047627903498280968772932092,e40de97c77bc0af1c1e6241163558287,1
1.2.826.0.1.3680043.8.498.70532653867267627708152426358320452518,af0447e1c83fedf421fcb5f7673dc8b2,1
1.2.826.0.1.3680043.8.498.70609649448269244608860767754947143395,daffeb49d242632c0eae55c43ebdf9a7,1
1.2.826.0.1.3680043.8.498.70674155597869824035214737999044110827,4b74da81b6f3be0fa4cbaa2ea610e07e,4
1.2.826.0.1.3680043.8.498.70691305452244378255646875206864340458,dd7625fe27df8b11363392f2e00158cd,0
1.2.826.0.1.3680043.8.498.70705483212961922828901596159131697717,fd3649fdd569ab64887511e675dcf282,0
1.2.826.0.1.3680043.8.498.70796360440320543674384511859375295769,c9a108855f443f925eb3ec018aa693c4,4
1.2.826.0.1.3680043.8.498.70829434408808897601630953382239533220,5614bf3773cd34c3ed01474a3427204d,3
1.2.826.0.1.3680043.8.498.70831735578941318362881379802693293952,63dd5c1c625630fc3d55ef6c5b8e8ad5,0
1.2.826.0.1.3680043.8.498.70865607713855272648070757909359669526,93fea021abd358d3ee76907c8012501b,1
1.2.826.0.1.3680043.8.498.70873330457307886117949106432465978541,434182b2ed0ddb9baba4af5c8902db16,0
1.2.826.0.1.3680043.8.498.70877157427595288430686609728186100169,e0274f0efad8f9b77058ea6700111a3c,2
1.2.826.0.1.3680043.8.498.70880546533848103776823598726224805522,8d83ea1110ad2a6ff13f7dbacde364c0,4
1.2.826.0.1.3680043.8.498.70909154434106251910698870110315237266,ba1e1a53321905133efa2079154ba39c,2
1.2.826.0.1.3680043.8.498.70913971933753517251340687745718346828,abe2e191420da37af103e151249b447b,1
1.2.826.0.1.3680043.8.498.70918221697435256352088727172904502068,df809b9492a887ff99da99c497eb7f66,0
1.2.826.0.1.3680043.8.498.70931245733460964524244528230239226104,9b107d6611dec282e8e5f57c7ea8706b,3
1.2.826.0.1.3680043.8.498.70931968429039283348328653687636803315,ad385ac1dd504dce26a4878d547e8c33,2
1.2.826.0.1.3680043.8.498.70948162965271404678418299669321564765,4bfbd1fbed47223128da00bc8478b974,1
1.2.826.0.1.3680043.8.498.70955936086115471632446529979621948261,4ada42c05528a4e611e472456d14aec3,0
1.2.826.0.1.3680043.8.498.70966951020892708303866968206211604316,86e8e43f3ad3ff71a106612f8c3a5f54,1
1.2.826.0.1.3680043.8.498.70984418257970716669463829979819981861,029e74ed4822233d35afde4640356b5b,2
1.2.826.0.1.3680043.8.498.71001339006150287453095055802545712130,d458acbbca50157891b16d6cfc855e90,2
1.2.826.0.1.3680043.8.498.71047916312801688293181464016099792199,3cc8d3f66778032653dbfa889a0da5f7,2
1.2.826.0.1.3680043.8.498.71063550263564056105844586167361750567,ccfdc5ce949dc6b22b13fbb4f7acf4c2,1
1.2.826.0.1.3680043.8.498.71084400653875583977681616665093993652,006973347ebb9a5cae32577b6f23b1d5,1
1.2.826.0.1.3680043.8.498.71157888664602228768823145752952837565,4d858222b4700a8eebf947add701c481,2
1.2.826.0.1.3680043.8.498.71180975285730441100082825359032677931,05b5091263e753214af6ccc6a04e8bff,4
1.2.826.0.1.3680043.8.498.71262022207903748073532915013888861999,465b778486c53ce57ef103a0e38206fb,3
1.2.826.0.1.3680043.8.498.71311031275189592818091380416268522846,9547c0969979a11b8c815ed1832b20f9,3
1.2.826.0.1.3680043.8.498.71355457409240695394093233905149541215,7c6a9da3a3cc4fe1279f8157343575cb,4
1.2.826.0.1.3680043.8.498.71388532549899713881913113571627425347,89615c98632af1a1635bdc56476e476f,0
1.2.826.0.1.3680043.8.498.71405492944866967669069984757332849184,5fae0cca4a686c83818ca9ab6d92d35a,0
1.2.826.0.1.3680043.8.498.71507059468810869004142324822642900237,6456d452980ccc95f2d7301e5c7bb91d,4
1.2.826.0.1.3680043.8.498.71622107620007706778976946784787365505,e17e77fde3692019bf14b945a1551e31,4
1.2.826.0.1.3680043.8.498.71636001534145439773297498405674521629,77340692154442f9d159cc6d835552ce,4
1.2.826.0.1.3680043.8.498.71660070729774772658965427776586988585,b6c3833ec3aa12050b80a670a520270f,1
1.2.826.0.1.3680043.8.498.71671013221669628598634284971059228267,9f35aba0414532187407447b87f617d3,0
1.2.826.0.1.3680043.8.498.71686717249431292334159336816742076478,93b1e46a51fde8e38d165109e9174995,4
1.2.826.0.1.3680043.8.498.71688651674041466985305836912343513997,f8f9f01e33a94302c1f534565921393c,3
1.2.826.0.1.3680043.8.498.71701484984624141610445774249629295610,0a8cf5c482e14d61aeb6547bf987472a,3
1.2.826.0.1.3680043.8.498.71707317731065645278250956442336515504,87659c3c975f85a4ea2399f4d9d18cfe,2
1.2.826.0.1.3680043.8.498.71709477515434076105531625950744135656,6bf7ce95ee9c84d8339743b471543472,3
1.2.826.0.1.3680043.8.498.71736046309441396676679830874326797437,dac9fde9546c05ffaa4bdf112e9ac58d,0
1.2.826.0.1.3680043.8.498.71744523263023933066263506201344989825,0c3a205d591b508a9470415060cb8124,4
1.2.826.0.1.3680043.8.498.71749507378205349451480318735471291366,a5bfdb23d83f34736cd06f2e8189d081,2
1.2.826.0.1.3680043.8.498.71753603955749189961638324806586359888,c336654fd98919f456a26cd7eb062524,3
1.2.826.0.1.3680043.8.498.71766161038805688022754893134126528749,50c37168835f6494ba1680cea1e0fbe2,4
1.2.826.0.1.3680043.8.498.71792468450491064417953341293663396190,a54a728c95273c12446d085347336ae0,1
1.2.826.0.1.3680043.8.498.71814919885777053270239861047114794237,122952a8fc157136a1ea9ce954de3e6d,2
1.2.826.0.1.3680043.8.498.71830371861099586573789550797712053914,0f0c29cd527b5022957ddbe71d35965e,2
1.2.826.0.1.3680043.8.498.71836684300308056297405632410209248276,9072837211bd662110281bec72ae4673,4
1.2.826.0.1.3680043.8.498.71866327348775269043047475658220220525,c872d13c14a00c0b0999f7f9d1a7336f,4
1.2.826.0.1.3680043.8.498.71898908031968158312013185809213669768,bba302131d6b3bda0ba0c621ed40ca2d,4
1.2.826.0.1.3680043.8.498.71899370657875960028369229847153071577,2c911a8ee136d989b88032e628fa84aa,4
1.2.826.0.1.3680043.8.498.71901039762584748047172479049347609017,7331d5b492005ec64de9d3a5e67ae56b,4
1.2.826.0.1.3680043.8.498.71985417286226511458068110832784023627,6003cf6a3b0b153103cf201c1aa56a10,3
1.2.826.0.1.3680043.8.498.72008869367139958325145888733651022033,13c4c711f8d089db4ade1a9cd6fa6687,4
1.2.826.0.1.3680043.8.498.72017096768214637927798648334301077145,5b15b2d2a4fd02e1efa42907144bbdd8,2
1.2.826.0.1.3680043.8.498.72018602547183896629903902899903468287,5823a96abe9d9b0e9728313b9f16d78c,1
1.2.826.0.1.3680043.8.498.72023797276837219152365428999317131110,727317c3f692ce6ffc54c9330cf0df57,4
1.2.826.0.1.3680043.8.498.72095214441332094906401331319197122529,3192beec419914321fd6fa06cc25bc14,2
1.2.826.0.1.3680043.8.498.72159028826938094045309841541333724597,d506c30e3fe46da01823d0f828f51a39,0
1.2.826.0.1.3680043.8.498.72172265826902387784016098389863005666,4f4479c490084a6cfd38a6464aeb8c82,1
1.2.826.0.1.3680043.8.498.72182847112910012489603688436912469641,2dd6f3aae1b026b2b7cdbc1feba297bc,2
1.2.826.0.1.3680043.8.498.72185504245484151161044972024469667666,3e6a7ef994bf3376d7fe335bd90ff385,2
1.2.826.0.1.3680043.8.498.72191353854496806844040272237700346774,b8d8a36177c6a438d1ce86d37ddaf984,1
1.2.826.0.1.3680043.8.498.72237065473467452226073540784070938342,ea961d5d3903c203253b631166b431fe,2
1.2.826.0.1.3680043.8.498.72248728319398595146365363062799556637,d1b4b36e3510da31aceb2a75b38256f3,2
1.2.826.0.1.3680043.8.498.72252601583562621620422058467969183753,e3402e41aed01908ed9176b4d4b02bdf,1
1.2.826.0.1.3680043.8.498.72255181548595299889516400134053439401,5e5d6260affd29e7aa48c4d04e27a090,4
1.2.826.0.1.3680043.8.498.72270915206075693056344475438055463113,90428f8769fab3e22d5d6e60723e9e78,4
1.2.826.0.1.3680043.8.498.72276631472244076773626607623783737687,61158c13bce0cbd0c9aefa1dab8675a7,0
1.2.826.0.1.3680043.8.498.72313325634455670216423864504103231505,35472e081e7cbda89ddf09300aac65bd,1
1.2.826.0.1.3680043.8.498.72342425990274562150756501476989691572,7cc7678d37fe96d8f5da0b1951bf7869,1
1.2.826.0.1.3680043.8.498.72368645606329000923061796699431437924,4bf4788ce98d830f394cec9694543c5d,0
1.2.826.0.1.3680043.8.498.72375103774239787721371778221019402834,681f8c2730225e04554d36232d81d62b,2
1.2.826.0.1.3680043.8.498.72395496925770440630088720587484704971,bcbe8e04658d7713035342ec77b5ba76,1
1.2.826.0.1.3680043.8.498.72453426317225885428514595399496580896,cabf9c14c6b99de0d4869f0f69627de0,0
1.2.826.0.1.3680043.8.498.72494404099796908482534991590660770670,f4270ac2c433281304fd72f11a962124,1
1.2.826.0.1.3680043.8.498.72495590491484814220060275823761767516,6384b502e0eca5a19386a4f593c62aee,4
1.2.826.0.1.3680043.8.498.72495677804641720406765749568114476096,6607e21af08b95748a12c90ef9408763,2
1.2.826.0.1.3680043.8.498.72547312490317214326791189007411860203,888e56a8685e9f9a5a65f62744e8c093,1
1.2.826.0.1.3680043.8.498.72576069358772864331810785663326683534,dfdb5283d24afaf9154a4840fe6f7275,2
1.2.826.0.1.3680043.8.498.72587440202779699193620339987034971895,cba4e9e8b962180c24863e1bb12ea48a,3
1.2.826.0.1.3680043.8.498.72653666963736486779382314125782779004,32ded4a9d4ea7d267dbbcc45bc5004b6,3
1.2.826.0.1.3680043.8.498.72680485820462987585370556994612687540,684d0254bdcd11e6fcb820d7237467fb,4
1.2.826.0.1.3680043.8.498.72697172162233919540021967137047646179,9c8fa41bd0dd45b058b16328d99f1905,4
1.2.826.0.1.3680043.8.498.72740499664060575780267947543695605585,9b1ca65fd3310037bf0806bec4dd1124,2
1.2.826.0.1.3680043.8.498.72771360268592017354044657882090174639,745d01c32a534dac6fc2139a7d033cfd,2
1.2.826.0.1.3680043.8.498.72781608662300877077691853670862414309,cbe2f4fd3232d342de2af6ea59476334,1
1.2.826.0.1.3680043.8.498.72786773761211751423503785260617678955,363b824d12a466aa4ea32e3995ca8f68,2
1.2.826.0.1.3680043.8.498.72800659596099468282135738543971261904,ed0d0897288eb2ae90d42cf206d1b519,1
1.2.826.0.1.3680043.8.498.72814437733065652700292896915085936230,afc0c99a30f9d7569c9a673319e21ee9,1
1.2.826.0.1.3680043.8.498.72853333220043794904856138561095171921,03b2c6f8989377bd303b4cc13beec326,1
1.2.826.0.1.3680043.8.498.72880034930990967339546757487847803284,7682c796c2bd092756ef4554c1764313,1
1.2.826.0.1.3680043.8.498.72896348955280307080916504120667484813,873a31c5c914f251f30110edd71a0e9e,0
1.2.826.0.1.3680043.8.498.72896586188735703676995894830815493004,7a7cdd28210a2f43511006d454785cf3,4
1.2.826.0.1.3680043.8.498.72931900540220826595003388066347326492,2fc17fa8a22e4474167072bebbb454c5,0
1.2.826.0.1.3680043.8.498.72937134140407212536042212109839895294,b07af84e89e61e1aac07a0cc84aafb01,4
1.2.826.0.1.3680043.8.498.72943191222961132416678221885831944435,d4bcc2daa4073e6e4ff305a4304525a4,1
1.2.826.0.1.3680043.8.498.72977302282583186913749000016284027331,08b85807d46e5dd0cfd729ed2326e53c,1
1.2.826.0.1.3680043.8.498.73021428171736137311489171988512484948,df5ef9922b07fc83183cad5b386d05f1,1
1.2.826.0.1.3680043.8.498.73033521237848260228708170280586043408,8c9bce477590ac66edbf5218bc81c74d,4
1.2.826.0.1.3680043.8.498.73037642285055457162691486258363101398,0b2471ed081b945abe894155b1671122,0
1.2.826.0.1.3680043.8.498.73070182506490199787361298167985971577,30e94af548571d280b4a581cb1323a67,3
1.2.826.0.1.3680043.8.498.73077380963620788952030569132380549826,409a0111c3cc18b83bdb037dc4c673cf,1
1.2.826.0.1.3680043.8.498.73083786204651635096412213233334934941,400237855a358965e8d6ca43a6c69913,0
1.2.826.0.1.3680043.8.498.73101997284755549124715401557235981642,9de781321ca785b5de9cf8dcfae4b9ae,1
1.2.826.0.1.3680043.8.498.73170541731840260065335942048010387599,29ef6d3fc88d9da1bc59e12bacbeddd9,1
1.2.826.0.1.3680043.8.498.73194579460722181989151410198309642266,56ef1fdbbc93d6714b220d5966a22227,3
1.2.826.0.1.3680043.8.498.73198335328613992289471885012751338458,dd4b67a90e42acd5f3d596ac8985f070,1
1.2.826.0.1.3680043.8.498.73205916973275504240156555900460720571,73f4f3f51f2534844ba768f7f5512025,1
1.2.826.0.1.3680043.8.498.73215265387578908341609746559916587894,b71e9ad63141e079e82290176e5901ec,3
1.2.826.0.1.3680043.8.498.73231153161312542696053060380619432126,511e163197aaaae1fe9449cda937e81d,4
1.2.826.0.1.3680043.8.498.73241519025825862373621891294281253158,4bf4788ce98d830f394cec9694543c5d,0
1.2.826.0.1.3680043.8.498.73242978867957397254276973409271434573,4babbae5f033523a8f62d6ec76c8097e,2
1.2.826.0.1.3680043.8.498.73254365064404586162477089636000427751,3c69f03c03566c5bc95d86247ffb1d33,4
1.2.826.0.1.3680043.8.498.73257122462858353041066181004123253930,1aa5b736947c9f0928ad5922a14519cb,3
1.2.826.0.1.3680043.8.498.73275019425494043461771574462523171618,7a238405618c850e1ad55087e49cdd0b,2
1.2.826.0.1.3680043.8.498.73314900301724532218347713512381622074,08b0d7503f32174602dcfd822abe4691,1
1.2.826.0.1.3680043.8.498.73325959289998105909842627876607163467,3402bef69695a5c219ef0280e6dc4515,4
1.2.826.0.1.3680043.8.498.73356831368999268488355650751758108912,c51d9b84933365e03850daecf141e0b5,0
1.2.826.0.1.3680043.8.498.73394992092536626285935384324191560182,2dc1aae518831d445991e2b208cca427,2
1.2.826.0.1.3680043.8.498.73448420644251136304786298254801920284,3cd4279e8171df6d35e27cd5e34a6537,0
1.2.826.0.1.3680043.8.498.73477249559479870799427355988138990349,228a6a37620ac0bf76836f4cf52ada2a,3
1.2.826.0.1.3680043.8.498.73478948866451045346677275674140339803,fb8a84b53c5d875a1b7bc53d30d0bf9a,4
1.2.826.0.1.3680043.8.498.73480422982315825699847838826691577320,7b1db4b6dd515044e0ecdc127cf07990,1
1.2.826.0.1.3680043.8.498.73511703934549662392765328175356230615,527d133b7ca45c046a3ea86014eacaf8,1
1.2.826.0.1.3680043.8.498.73522298807198784022883320957252530465,6a7780675b0839ffc2d529d41cdbedfc,0
1.2.826.0.1.3680043.8.498.73527530686853911124431549317032662220,39b43b6e37c2b3793a9317b900a24d9f,0
1.2.826.0.1.3680043.8.498.73539750992809874106013052513162732951,da0f13c51379503aec51f75be473d3e2,4
1.2.826.0.1.3680043.8.498.73545582819102316606081606511277579853,2748832dc29c0c91e7aa809b3b6a442c,1
1.2.826.0.1.3680043.8.498.73567807253694728043552196136704821457,ca0fb6d8ae034ec5aecdf30d92910d0a,0
1.2.826.0.1.3680043.8.498.73602922823389605007702521335136347605,b814f06509a819f5007ccc9ec48299c6,1
1.2.826.0.1.3680043.8.498.73616237718955147476241731466078978343,eb831d397b1994aa02aebafe6a4f7ddc,0
1.2.826.0.1.3680043.8.498.73682608760611536443754406204042210115,d73013b6b1230134aea9544971c9a433,2
1.2.826.0.1.3680043.8.498.73716752081143767997507440278231972668,85cf487f746f43bb0885f45303ac5ebc,1
1.2.826.0.1.3680043.8.498.73748007182569068263280098473557128226,19f78fee1256d72e45e75ced8de91c35,4
1.2.826.0.1.3680043.8.498.73792361507751648386401969571717557389,89e2c7464a87d9f0ca8c8e20d3b32c8b,2
1.2.826.0.1.3680043.8.498.73825252186234755453650759159564715478,ddb9792c9be553057a694ed4de3593cd,0
1.2.826.0.1.3680043.8.498.73869775636181013203432845292462040922,4add4965a493c63daeabf87f30a3c1bd,1
1.2.826.0.1.3680043.8.498.73891117356545433634964184054304516063,82123723bbd323d1c450bf938538723d,3
1.2.826.0.1.3680043.8.498.73926443729786165628848843707532839995,4a7bc47ee4bd9f17f2288fd5b194c847,0
1.2.826.0.1.3680043.8.498.73983081622010008601849687650985260980,2f99886951fa63a886c1241757b6cc73,0
1.2.826.0.1.3680043.8.498.73988798714023285209290281409329527637,f2063dcfb8e6722f26e604d9ba8d7335,1
1.2.826.0.1.3680043.8.498.74052473719853343027548507306186291134,1ef3a86f9e6fc89fea39f8d19446c086,1
1.2.826.0.1.3680043.8.498.74078340346189210015785395961373387782,fdf0fd2cf2b141a616c4a9d49b1c42ab,2
1.2.826.0.1.3680043.8.498.74095402538454760179339842746572802563,51ecaf7076b4ecf654c0f8b952a3eed2,2
1.2.826.0.1.3680043.8.498.74127742661271965093205833471645893520,293a488de71ff81e8dacd6d6d02394ce,4
1.2.826.0.1.3680043.8.498.74140806279409854828032496578072554031,e3a2218588f3a58b482328a2007bc6bf,3
1.2.826.0.1.3680043.8.498.74160604730133050784449689952695940558,ccdff78284664a75c03766f4b73ef182,1
1.2.826.0.1.3680043.8.498.74177736542522869266952610634091628727,b8fe5e6fe64a67cd877b81f86077469a,0
1.2.826.0.1.3680043.8.498.74206939384612669977629625310277500302,5d7f97c7a0331ba0ab06b9aec5e86f0b,4
1.2.826.0.1.3680043.8.498.74214829456846525506232367308573550186,6e5cff1b04cc6fbc9cfbbb20c1e18545,0
1.2.826.0.1.3680043.8.498.74215611637606164186239511504256137871,fe2ad8d53c247a5ace2a16c637ffa17b,4
1.2.826.0.1.3680043.8.498.74222284584657051737421776919599206132,6de474c7c8209adebff01d19d1b3025e,2
1.2.826.0.1.3680043.8.498.74222294235046321147381553078000820604,8d83ea1110ad2a6ff13f7dbacde364c0,4
1.2.826.0.1.3680043.8.498.74243110959141459268838217468465880820,b2d08b54abadc4a9552ac0e608f2d9fe,1
1.2.826.0.1.3680043.8.498.74243564762473331581882860440560337725,3067cc16c9a4722611519c29e8402a6b,4
1.2.826.0.1.3680043.8.498.74247325306307303036016759070403973520,6bf7ce95ee9c84d8339743b471543472,3
1.2.826.0.1.3680043.8.498.74274855596893595390880617896069524465,b1c2d88d41ce6321a0c04d57fdd2252b,3
1.2.826.0.1.3680043.8.498.74282280145383357786409764912398881272,e5b325a8034b04ef3e30bcca76b8e99d,3
1.2.826.0.1.3680043.8.498.74332475620045145049628676751586693385,f16a101bccd55ed5adc175ab0e589f1d,3
1.2.826.0.1.3680043.8.498.74362364640190722036251935797260325860,bf368cb0bfb42cc7f2a5a88ebba6cbcc,1
1.2.826.0.1.3680043.8.498.74388661917632804671669952747214084502,6bc3092b2f3154ae81b673fb9499e380,3
1.2.826.0.1.3680043.8.498.74394784271003789564066563841806954326,59b06824f14f2e507d1da5797cc9d08a,3
1.2.826.0.1.3680043.8.498.74423888576992387013857540016155410962,e7deb9ad03a170b75500ea6627ad3545,3
1.2.826.0.1.3680043.8.498.74461421748415064477531528884191890661,8b12a0cadd2337eb35398044ac2461b7,0
1.2.826.0.1.3680043.8.498.74471396469132211069109289423495141062,442eb70da7ac4e6561014c75040a0e02,2
1.2.826.0.1.3680043.8.498.74471724874857406578316075456414902954,6fd56b7d0bc040042f22f552ce0dcf69,1
1.2.826.0.1.3680043.8.498.74622031396885197580453304563088863451,5dc310d0500e46b8f565befb81c5e3f8,0
1.2.826.0.1.3680043.8.498.74622912009754642425258484521795653023,30c51ff4d42a86d13086be3767e78eff,3
1.2.826.0.1.3680043.8.498.74688733778107958348746767768064374883,7060ae104d8ff9c8ab4800132b3cff98,0
1.2.826.0.1.3680043.8.498.74714018385278253151175853998945654373,4c754491bbfde38000b478b7c22ba3ec,1
1.2.826.0.1.3680043.8.498.74725806565437665548056410415178280121,8e1a5205b001b892a6586d21b1e6a3d5,4
1.2.826.0.1.3680043.8.498.74749071555443582954158991248361308204,162b827277783a6d481ec146d63688ab,2
1.2.826.0.1.3680043.8.498.74855168460956358728708865599401983005,05d586f43a466cabf5c7f2425397d723,1
1.2.826.0.1.3680043.8.498.74864145321761783409935288797327597738,74bee12c6834c3387135400cf14cd1ee,1
1.2.826.0.1.3680043.8.498.74872419726042767543822107291861307866,aa7a60087314fb66c9c4aaf6b5ed9c3b,0
1.2.826.0.1.3680043.8.498.74914646210033032631540802996162814268,ae6feb076c5e33796580d70028ffac9c,1
1.2.826.0.1.3680043.8.498.74939269621045823332837094516056211606,28503a704f3ddc4c858ed08a1b93e9ee,2
1.2.826.0.1.3680043.8.498.74940598515597814600837126537274199312,e2ad33e46e8fc802aef3ab0fa88f5b5a,4
1.2.826.0.1.3680043.8.498.74952769952682175467667812958859010329,008898d2c0bc270895b71ddeaeadeb5c,4
1.2.826.0.1.3680043.8.498.75067227246352035607675978826177487284,11d9944d020da84fe09e5f0a27992871,3
1.2.826.0.1.3680043.8.498.75126165133796914746114117844697263697,4694f031ca0de9cf3d6193b92f025f52,2
1.2.826.0.1.3680043.8.498.75168480371573015758963049782687952716,1d0dfce04f55a4751a1d45bc105ad9f7,1
1.2.826.0.1.3680043.8.498.75186274888329123179129240384960518861,ffb98a759237eb7517c833521d0c3801,2
1.2.826.0.1.3680043.8.498.75187434248356774277526985329346125190,e45398144d4d8959628f9f91a3f9e424,4
1.2.826.0.1.3680043.8.498.75268429892526831752484062674699274309,0a148352cf23337d4d387b97bd908a19,0
1.2.826.0.1.3680043.8.498.75276563505367629340309025030148269450,3e77285030bb002a5834d411075b20be,1
1.2.826.0.1.3680043.8.498.75282577107802752393765861202996650638,d699b35482a0282bb5af6a218e00403d,1
1.2.826.0.1.3680043.8.498.75378323910171368568360074903297446681,fb695ac32b8582b6e8f1646a5c6ce540,3
1.2.826.0.1.3680043.8.498.75384600248630012126841890313149674691,4c5459427d9ba6beb4d81258d5eaa4e8,2
1.2.826.0.1.3680043.8.498.75418637314688036152637525301534342254,d87c521962040a0e2880926a3f70612a,1
1.2.826.0.1.3680043.8.498.75419034794059601820999512200601915669,77be1a4ac70f45d958facdded25d0fab,1
1.2.826.0.1.3680043.8.498.75420186662442688955616630735303321846,8c731838de87de4d0a81be68ac4dc664,3
1.2.826.0.1.3680043.8.498.75427432788337288702609576920198810880,1634a6c39fd9755ec50bca112fa3ee1e,3
1.2.826.0.1.3680043.8.498.75518253718111135068488417046278011303,ff53a39da5fc5b6d281f69b804c4ab7d,0
1.2.826.0.1.3680043.8.498.75522002047190283617659083787085821064,2828c14f2d4cd26629bc3a217ed4bd87,3
1.2.826.0.1.3680043.8.498.75523541256169382504121567002441615798,5d0f50ebccf2febcd02fb4814cbc6094,4
1.2.826.0.1.3680043.8.498.75547515925579172661099437338637082554,2a89aabd48270f455ecd1bfa84f38794,0
1.2.826.0.1.3680043.8.498.75548650589349966221875964542604002971,dd6a491064bb88b83355cd3d832c4380,3
1.2.826.0.1.3680043.8.498.75577846246542841539613557336025271434,a1acb94fcd49159be3867a9431deb9c0,1
1.2.826.0.1.3680043.8.498.75605038901688937188489854019478082759,d38e6630c27e2fcb8e9c9289c64f7316,2
1.2.826.0.1.3680043.8.498.75627574440860942023321071382766359827,32b6e97f78ae2239cf04fd531cf25533,4
1.2.826.0.1.3680043.8.498.75639423607035582240174986752280730347,d0cff60da4e47e2405e5986a170dafbe,0
1.2.826.0.1.3680043.8.498.75670996863043899245632198549551296292,64afbd20bc21cd1647a8b92c8332f61e,4
1.2.826.0.1.3680043.8.498.75688484058613633923943882730405145535,33d8b25880083330ad0fd4c910c7a208,0
1.2.826.0.1.3680043.8.498.75739561647115166735277767560308263446,651e7697a6335ac4bbde2b6c8e91ddd6,0
1.2.826.0.1.3680043.8.498.75742195884147990442829552992649204078,5aa7db851461e3943cf01d12c4c8bd75,1
1.2.826.0.1.3680043.8.498.75746520601616488682662195284941583868,845b326172e90cf82ee1b30a2fd587a8,0
1.2.826.0.1.3680043.8.498.75751784078102748563815298069799859542,c2f3c723d2a40fafd8226875ef2f6ec8,0
1.2.826.0.1.3680043.8.498.75760698509105388883811155432691667447,dc9b078823c2e80a8240be55782cf55f,0
1.2.826.0.1.3680043.8.498.75773447415943537938555952303103557864,7fddce4cc70f5427ef97e422865696a8,3
1.2.826.0.1.3680043.8.498.75800418125597325281807386716279941068,b3740256e50225703ca1917aaeb75b38,2
1.2.826.0.1.3680043.8.498.75893915698353338311947268382839152877,9032bcd597a6e977e58d314316015e6d,1
1.2.826.0.1.3680043.8.498.75924957745868212343758911856809118662,41571c54a93a0904d3861485c5960fd2,0
1.2.826.0.1.3680043.8.498.75926011938952404257302292495731660728,af84fb7e604ae7c9e837a103ee95141d,1
1.2.826.0.1.3680043.8.498.75976388060969166980873144500539735332,3ca14bba1264ec876468fe10f7cb0df5,0
1.2.826.0.1.3680043.8.498.75980374267002793040832157122311396174,ec7513b35c60d3a7a7331f1c3cb7aefd,1
1.2.826.0.1.3680043.8.498.76012896432318288623173593280895772876,fb2727e4647ec3f985bcb3e702cdc7e3,4
1.2.826.0.1.3680043.8.498.76027799502777251766328820405966979386,14c3578b7a3e5099348ae6743ee9dde8,1
1.2.826.0.1.3680043.8.498.76065434429437758192282562351089010088,621ce183468295809525bd554464b403,0
1.2.826.0.1.3680043.8.498.76093766204928582819565636658977147523,83b128ba49d6158125570220748be739,0
1.2.826.0.1.3680043.8.498.76107330932071966465869847071480517541,cce73f431f3a7bebe651e390c174b0cc,1
1.2.826.0.1.3680043.8.498.76122127303562588545128053661609574837,a3d495206207c3fdcd249ade6aae08e7,1
1.2.826.0.1.3680043.8.498.76125027090596913549224250979076533606,7e115bc443d05f7c684cc74c5992c27a,0
1.2.826.0.1.3680043.8.498.76167153566894354739332364376483514559,545a3a834c39efbd23c79ad4c08e1fdf,3
1.2.826.0.1.3680043.8.498.76190704217737835083438638928129775625,18bfe57067027783e15d7cbe4e42cb83,3
1.2.826.0.1.3680043.8.498.76222770668660274805993655800271653712,3302b5c06dbe4d719d16ff95c7ed3103,2
1.2.826.0.1.3680043.8.498.76242245340157474968574926079920787199,25a3032ebcf8848fda7398f0e4251beb,1
1.2.826.0.1.3680043.8.498.76281930374588438789344170829280438697,2a89cb824f04fe10de80a968644abff6,2
1.2.826.0.1.3680043.8.498.76344826994380951498651448092980303697,b9de486b8009da999b93a2fa0b2fd579,0
1.2.826.0.1.3680043.8.498.76350662767360412185091180512006419379,d3648360dd16d2777a6e88b725671447,2
1.2.826.0.1.3680043.8.498.76514087677277144682713362609812138150,d7fc3a1f932a2c5577ff4458971d9fab,0
1.2.826.0.1.3680043.8.498.76514504104121634569792846980451896030,c9675f42a1fa7cd930c9521bf5520545,3
1.2.826.0.1.3680043.8.498.76525107909962775502207829870873494024,e6ed058ca1fb68398e4335868418ae8c,3
1.2.826.0.1.3680043.8.498.76538737802277241976971950690663079376,26e416806a1eb245b8eac1a8a9018cfd,3
1.2.826.0.1.3680043.8.498.76543241221133987658552440969465372120,90b3841d4e4dd095c50debfd87633f32,1
1.2.826.0.1.3680043.8.498.76545468257774231281618306952011717992,68cb67a259759cfdd5d4b7de661859fb,1
1.2.826.0.1.3680043.8.498.76620177268652814425535081607587091903,8a65a5e50edbed3e7790dcdf4669b0a7,0
1.2.826.0.1.3680043.8.498.76651080491383110752977286124044311636,3ce7f3ffcbb0af13f08c753a0898ecaa,1
1.2.826.0.1.3680043.8.498.76662146598924492573212477881527658730,fed0d95c75b0c4084cd5e98630375d87,0
1.2.826.0.1.3680043.8.498.76680092665218514711300086707222109323,0b8fcc76268e0423d11f2b6fb57a9be0,1
1.2.826.0.1.3680043.8.498.76742750470853901575934097885382242952,42f2d8d998c1f82fe45f9e694c26d130,2
1.2.826.0.1.3680043.8.498.76757251008849492985513280752011229119,d33c9c974c76e0896031b1f48ebea239,0
1.2.826.0.1.3680043.8.498.76772148369531098768751348676329945789,9e66edac0c2a0fb639974341dcb433fa,2
1.2.826.0.1.3680043.8.498.76841077743272729415666709641073096909,c7d7f07e91e9e8d79c18224c4c3f7c9b,1
1.2.826.0.1.3680043.8.498.76862911430418639277808760660745763387,aa34ca9fcf3fd6dc30e1381e2584a2b5,0
1.2.826.0.1.3680043.8.498.76903562636417038907113894538863784737,5ba1e5712a51d6f1c7bfcfb245e8614c,1
1.2.826.0.1.3680043.8.498.76909970028125318280995002129970165723,4dd774da6ae17be8cbb13aa75e34dcc6,2
1.2.826.0.1.3680043.8.498.76914908131203373740345988718674850939,4ed331bfb36ad0dcb252eed64ce60932,4
1.2.826.0.1.3680043.8.498.76950154099427419631807259601983648254,fb224235efdd370b01eaa8709a13cf15,3
1.2.826.0.1.3680043.8.498.76993922254007307143291254174266755701,1179637495e576d7797950b581a96c8f,0
1.2.826.0.1.3680043.8.498.77018355356797290743788712046815540223,75a187a79d11a5c2b4e894b7a2468def,1
1.2.826.0.1.3680043.8.498.77037121474756969001683126693104350509,b0b60aad78a4fa07e87b8bbe9405f2be,2
1.2.826.0.1.3680043.8.498.77058587552329832558354544874120592826,572c0563db1aef60a4d4d35d2fde2b92,1
1.2.826.0.1.3680043.8.498.77060858802024387619459645469871885412,d936ca3140acec9c8ed29fa1f764a32e,4
1.2.826.0.1.3680043.8.498.77061877382110597010150770981465581536,29504ed0a336758acc67b2d89ef4efaf,3
1.2.826.0.1.3680043.8.498.77150650601457686196626648868552167695,b3d0dd21a69b0e44b7de2ce0e5538876,0
1.2.826.0.1.3680043.8.498.77155817997584903787597001328868124855,55841f3dfb1874088a48bb8919ea44a6,3
1.2.826.0.1.3680043.8.498.77164129615096222757740198026718214733,ab2737d5ee092f565bbc11da144d3d22,1
1.2.826.0.1.3680043.8.498.77183368292104509335580564463404842046,4642e9bbf938d8adcadae44f20bb471f,4
1.2.826.0.1.3680043.8.498.77215476384973989055525592556183934827,3ce15ae517155c288711e8b5e24ea324,1
1.2.826.0.1.3680043.8.498.77244685031928454051409193776790348219,ec865ac5e071c09bc199e309cfa087a3,3
1.2.826.0.1.3680043.8.498.77261014467268552758826551926128217025,7183d4d2ea56ead5ce5d051a59d1370a,3
1.2.826.0.1.3680043.8.498.77274115607096351160296319533007121044,97bc5cf823c202e31e51ca6e8a39b617,1
1.2.826.0.1.3680043.8.498.77283213969268676660453937180363826917,a93b068676763f7e0f250a61440854de,3
1.2.826.0.1.3680043.8.498.77283634197289382453511269950488893300,bdd37ec49fba461b9a06644120d20269,0
1.2.826.0.1.3680043.8.498.77290477043075828139630734968573461136,2ec9be1da0bcc03ed34cd9708a6e4b22,1
1.2.826.0.1.3680043.8.498.77299727102400166279263320763707637485,390af91cbda44b0024e6c9cac39d3751,3
1.2.826.0.1.3680043.8.498.77306755058630855443644908572157134062,587038bae04e664510984c902cd20398,3
1.2.826.0.1.3680043.8.498.77319661699409997424800377883567027839,37106739dd7f25b9086dd1a7303aa88c,4
1.2.826.0.1.3680043.8.498.77362718298550276679350855963451855003,fad3e4f5c2292a17fdc482a799c39a85,1
1.2.826.0.1.3680043.8.498.77370119801633353780677378448761665685,a51b67bb3922419bc7581b0037df55ed,4
1.2.826.0.1.3680043.8.498.77378803863827312829317008636359414012,9c5424ddd3afb797dfef7c33e4ab7781,4
1.2.826.0.1.3680043.8.498.77391801789875882109036004511558148658,34d6eac88f6e3f4f18d2b651cc1e2495,0
1.2.826.0.1.3680043.8.498.77416382267531567401698555072875486512,0e147cce32f44358787322eba77efabf,3
1.2.826.0.1.3680043.8.498.77421709644087006134426085284321515809,5417f5a6fa27d453424b10b195e82ec2,4
1.2.826.0.1.3680043.8.498.77433065090757862487482575794398458402,49276c3e960d74af6a01660fe3cfb08e,4
1.2.826.0.1.3680043.8.498.77442647074650043391818472068835112806,91ae2c741a3f2b3edcc42ebc40fc27cc,4
1.2.826.0.1.3680043.8.498.77498121906981512168120474112422492971,f17e2d15fe468021de6b1862308bb48f,4
1.2.826.0.1.3680043.8.498.77508762938574470575737016745357126587,87c217bfe68697fb3a81e19ff48d7b8f,4
1.2.826.0.1.3680043.8.498.77513348456432770689938407624768928320,4a13fa856d27ef397eb319b1f238abb9,0
1.2.826.0.1.3680043.8.498.77524507552350448792970399203131998592,c7cc84cc83b4560b83b43a120d34cf8b,0
1.2.826.0.1.3680043.8.498.77541648519018799027301684184453151471,2a560c85d8ffe183ff9482069bf6d289,2
1.2.826.0.1.3680043.8.498.77546769004367585830455474984769277713,7745e1b9a60707dba623a54a265f126d,3
1.2.826.0.1.3680043.8.498.77577135626047243581253857225991426727,75ca2b46f0f0679df2fe00e1ee3aba68,1
1.2.826.0.1.3680043.8.498.77584925163022886785284486387921312146,368604708b40b6b97e8c482bd57197b9,4
1.2.826.0.1.3680043.8.498.77593859518024366170735307975173961777,0632348937b5c95c74ffb9c1c986dfb1,0
1.2.826.0.1.3680043.8.498.77611073647079414772859496272387571059,a3b03b5a0774f47fce9a79d2c30a7d73,0
1.2.826.0.1.3680043.8.498.77626578713099735143745396709359607445,5c695596fbd859368c033978b960ce66,4
1.2.826.0.1.3680043.8.498.77628479664122209492622263818114972176,e1a69eda89fad134d37ff90107837794,3
1.2.826.0.1.3680043.8.498.77716260980321491689913730053309892120,48381be85ec7dacea4e79fdf7ac931b0,4
1.2.826.0.1.3680043.8.498.77735690782343511872544703464260892488,08e5b261b21216d471dbec1a16687c8e,1
1.2.826.0.1.3680043.8.498.77740672313593763051900703940745812581,210103b4b3d615f9ec0ecaa3b1af6587,1
1.2.826.0.1.3680043.8.498.77753753872601674668756777373761660873,2182fa70fa62fb8246829117e2ec0ae0,4
1.2.826.0.1.3680043.8.498.77760453966349959552328150395676117417,c0fb6391d46235084ecada0896075152,4
1.2.826.0.1.3680043.8.498.77800740811302686332282410929816056283,ce86e519ff7fd4234c7310da9894ac51,3
1.2.826.0.1.3680043.8.498.77801860555102174958520570751272642387,a4926ba2e34dd3667a1abf89d43c5e57,1
1.2.826.0.1.3680043.8.498.77823946901144772346251781172043480398,2a556bd3853a422118d5e9cab6ded3d2,0
1.2.826.0.1.3680043.8.498.77843765997593346714211135369376676497,5e31228c1a9044442e0beb788afdae37,2
1.2.826.0.1.3680043.8.498.77889800516853576877948593628420228178,43ee152fe269025f05e7d3bb51dd4a44,2
1.2.826.0.1.3680043.8.498.77893704208186903913532950495036889026,3cc8d3f66778032653dbfa889a0da5f7,2
1.2.826.0.1.3680043.8.498.77911973519830915742655727368286737079,4b2b7c124ef28b39cc72d40b8e55b496,1
1.2.826.0.1.3680043.8.498.77933128806366660573360274958258917742,329fc7eb2d6d8803501593d17690da1a,4
1.2.826.0.1.3680043.8.498.78003548255041391467292087330671945247,a8757341a9183d6c8ecd7271b3dfb84e,0
1.2.826.0.1.3680043.8.498.78012314847102407375138809615977711653,147e87fd1227ba326fcf0f66261f0910,0
1.2.826.0.1.3680043.8.498.78072765790191594685273447833272737429,ee91f208d489057d3fd30dee1bd5021a,0
1.2.826.0.1.3680043.8.498.78079900750417018394321006978343945239,0b74793b4cb37e652c6f12a9e561a8b5,3
1.2.826.0.1.3680043.8.498.78083057157844664959843364584162587026,e10cb25b976b436528d6c01e583d7765,3
1.2.826.0.1.3680043.8.498.78084594560404633421210837175859618437,c0448fd7700b2728c8ffe4780093a87e,4
1.2.826.0.1.3680043.8.498.78119223228067919465880137763593966456,7643b59487d9cabb126ce7b1e5bbeb24,3
1.2.826.0.1.3680043.8.498.78188863861812651079751164964756388411,504d34ecc17b3bf16a5902ddd417a7da,2
1.2.826.0.1.3680043.8.498.78198993378521219839327914679211902952,4a6b48f68c9c18b7e3321491039d175b,3
1.2.826.0.1.3680043.8.498.78236036694398253902871510456985685293,75d40ca3e53c5becb25ff9320e51ee34,4
1.2.826.0.1.3680043.8.498.78238394512811614973689011297363399053,53008f088669aee55e07754f76087f6d,2
1.2.826.0.1.3680043.8.498.78282552802075313852355443512555224586,7f4d964319cdc713d57ed51aa082c556,1
1.2.826.0.1.3680043.8.498.78286395605671977872377352305890466464,9092032dacc562a562e4209f3ed9c668,2
1.2.826.0.1.3680043.8.498.78296478954955171036523274995555716268,ba6d0a22f391f5b247cfae9de967d19c,4
1.2.826.0.1.3680043.8.498.78420763928408680447797586163977368190,6a76004f5623a44bb00c47af070b8283,2
1.2.826.0.1.3680043.8.498.78465765647012043478539489340002371960,058e2c60b638618829019d61e12a0d47,0
1.2.826.0.1.3680043.8.498.78475145549489837635803968565380247517,604ef8b7903ccf1364e6179b427cc5b8,0
1.2.826.0.1.3680043.8.498.78476873086705419136436170130940915568,4086e0c2a486d1b56aaa06827e3e02da,2
1.2.826.0.1.3680043.8.498.78512215519177850923279235346968676828,e69135b82a10b8ad9cbacc1a747c7390,3
1.2.826.0.1.3680043.8.498.78521396404736679127326025240279747196,2432f5d8ebd5fbc110c1a8b09d4f59c5,2
1.2.826.0.1.3680043.8.498.78574437345603052437892513165832297960,64fb8df77eadeccb7d45412150f56b9f,0
1.2.826.0.1.3680043.8.498.78646473961447523033955716877524794707,8adb192630351997a761ed7506100957,3
1.2.826.0.1.3680043.8.498.78657055734742806687703707756153505756,39d710c518bff1a4eb83e4c369efec8d,4
1.2.826.0.1.3680043.8.498.78667999747216717251638754803697959701,d89238ae2582a6d2237913293cc38d96,1
1.2.826.0.1.3680043.8.498.78674598286586525734293563394409166190,6ddf45936a91539e63c7db778ec07881,3
1.2.826.0.1.3680043.8.498.78685661415919658264222803849222055515,24b9e50e2e2b2ab8a69581bca780fe42,2
1.2.826.0.1.3680043.8.498.78757011872917563830995996191850541453,d39ffde4bf92d0935b8c44a616ade6fe,1
1.2.826.0.1.3680043.8.498.78765525474890094481249498938657540052,fd5e433657b46bcc9ddf74b864b0cd7b,2
1.2.826.0.1.3680043.8.498.78800983923143929298359366572020370031,a31b335f38ad1b9b565c9048783509a0,3
1.2.826.0.1.3680043.8.498.78808320605816811006382053060951793555,945db9d3c80db6ef0ab54c0e3ff49506,4
1.2.826.0.1.3680043.8.498.78812661021494224637586904573732040856,64245e58c6ee2897ce9dc51b172c0342,3
1.2.826.0.1.3680043.8.498.78853931928960361455025737444267199231,ec38a5455b40cdb12931719263982ab5,2
1.2.826.0.1.3680043.8.498.78968420394708302953391711477016139949,9488c70d06225504628e2fd5bd2e5f84,1
1.2.826.0.1.3680043.8.498.78972123731732056524948076388825106061,1f22a40530a9d24a35fef07547fd7e63,4
1.2.826.0.1.3680043.8.498.79021499290691125513421477204330532755,098133e8dd9bbe392801f8a522d7908a,4
1.2.826.0.1.3680043.8.498.79038153803632889185429988483097161887,67e51ce6026d0b78929cb5bb1525e341,4
1.2.826.0.1.3680043.8.498.79077219037094025366585138112899760966,70c8b2b3538768e24639b6a8bb734b33,0
1.2.826.0.1.3680043.8.498.79080521163097116147379189510104170611,6c0fef66ddacfe5662bbc72ffa7f8df0,3
1.2.826.0.1.3680043.8.498.79087227780630716132147615846840128474,a80e41d7609b706a51bc7ee0d9fd92c1,3
1.2.826.0.1.3680043.8.498.79117047831806895544174734229992359986,261c7adab6e5117e9b444bb226abf58d,3
1.2.826.0.1.3680043.8.498.79122189963582241618519333445055548347,6eb4b30b5f471d60951e4d46d3cdcf7d,0
1.2.826.0.1.3680043.8.498.79165531588966776246377098630025444815,4e91057740585adbc7395a9eea05e3c2,1
1.2.826.0.1.3680043.8.498.79224785668205420138951103045759609475,85110491bed0cbfc5906f7ea3935fedb,1
1.2.826.0.1.3680043.8.498.79225094031423353857449795712402404317,83054728fb1fcab9f9327c75faaebb48,0
1.2.826.0.1.3680043.8.498.79245771997885598399203314109623928718,0c654589edc3cc6751980c3bdefefe0d,0
1.2.826.0.1.3680043.8.498.79247871688929479411597859576284194165,c69ac7982fdfdc885f0149c2b1af945b,3
1.2.826.0.1.3680043.8.498.79258497507223824227830886693749460348,95d6bfaac98edf8860d234482d2d8a2b,1
1.2.826.0.1.3680043.8.498.79267465462008228906382361587050826784,f3f3f30ae5a2aa5b9aa78452763ecca9,3
1.2.826.0.1.3680043.8.498.79274948549030940175536603063980168192,029cb3b4087a016d0b5e8be57ae95d19,4
1.2.826.0.1.3680043.8.498.79290157182784080975822485697879660942,c10bc3cbec1bd31b26a7f5457a1984a2,4
1.2.826.0.1.3680043.8.498.79292862882980756453890778996691993351,6a45a90d905d5031a072ae4c15c5660a,3
1.2.826.0.1.3680043.8.498.79326627674334637493320764205397279674,9ca78c84cf7b452f4405403269e61c15,1
1.2.826.0.1.3680043.8.498.79341955397030543255969676347554165142,68749014f4183f7fc7d151d61df35d7f,1
1.2.826.0.1.3680043.8.498.79505118958475739396320647697583979079,3cc8d3f66778032653dbfa889a0da5f7,2
1.2.826.0.1.3680043.8.498.79524312100988116256514335064057385347,8d83ea1110ad2a6ff13f7dbacde364c0,4
1.2.826.0.1.3680043.8.498.79551456190098389081551755482042135791,445851227c963270accb77db564655d4,0
1.2.826.0.1.3680043.8.498.79560170727391465844958390474997798803,d0359f09418c5d4e787d7de76d0320ed,1
1.2.826.0.1.3680043.8.498.79565393323323007178523850093527250842,e6cdb774f3adca68919dbb666b264964,2
1.2.826.0.1.3680043.8.498.79582457162604674356422857305405255763,ba059182e2c398c6c51daf487df74cd1,3
1.2.826.0.1.3680043.8.498.79609204436595306110253502961172135807,c975f8c98491233ba37655e4039a9cbc,0
1.2.826.0.1.3680043.8.498.79636443202100988025435536780567446582,c507d92d3f189b36b9d122b33dd3a071,2
1.2.826.0.1.3680043.8.498.79648517065511897282938523065537768426,a9fdf746ba40580d62034134f4cf2afd,0
1.2.826.0.1.3680043.8.498.79672421957132993896448375311641998688,6c824f2d5ade5ef9f0ad2da73c9aa2b0,1
1.2.826.0.1.3680043.8.498.79725520325008084984331823107016254775,353967ac0210234e477a3dc3956df49f,3
1.2.826.0.1.3680043.8.498.79741629769872115526056483024289600492,c5ee44927cac75cea20c7724b68b5cb3,2
1.2.826.0.1.3680043.8.498.79798779812052605703861699094268016306,cda17391f7e0530763a596aa3f7481e5,0
1.2.826.0.1.3680043.8.498.79829033430619597320769579608450393290,0878186202162496c381afb0f17e6b85,3
1.2.826.0.1.3680043.8.498.79977436705480715175480363175316375576,4701da23acbe48b453346eb6d98d4046,3
1.2.826.0.1.3680043.8.498.79991838737793096019496013540529642900,51da7fa78ab96d9a11066a95163a2c24,0
1.2.826.0.1.3680043.8.498.80058869639900582578987760750483296668,42c6acec94febd4c9123b61aecd1f020,3
1.2.826.0.1.3680043.8.498.80100785345864355815698147663964005920,868197d5979e955d9ae0c55d94e21726,1
1.2.826.0.1.3680043.8.498.80146250663015309456767479960653638934,49dcaad7b79606310ddf519bcf6955c1,2
1.2.826.0.1.3680043.8.498.80161127293548940216292842707683784128,2489a25b8841fc9ef2fe5bf143bad870,3
1.2.826.0.1.3680043.8.498.80180578697901833764761405542790185180,f43e9878d452e131c156b9568a0437a3,0
1.2.826.0.1.3680043.8.498.80192355832283305029770183988436644845,f15f84ea140ed202bbcd23c7a2dd4042,2
1.2.826.0.1.3680043.8.498.80207056225476761432712249807198836187,aba29a4e673dbb9804110ffcdc5baa5b,3
1.2.826.0.1.3680043.8.498.80247974926646352443043954025450139721,58c0e10a5e7c9d6bb909d5b4a9374508,3
1.2.826.0.1.3680043.8.498.80275294885165896124489476449616436102,dfb893a9200b12d80be8b82f2326d54c,1
1.2.826.0.1.3680043.8.498.80284846390295834578273590480193235798,2a560c85d8ffe183ff9482069bf6d289,2
1.2.826.0.1.3680043.8.498.80290749690597272632725356393056746299,5b69dac6f667f1702c86df877d64b1c1,4
1.2.826.0.1.3680043.8.498.80292580287849976694993628109721422478,8414d7910fef166256c998be6375d883,3
1.2.826.0.1.3680043.8.498.80312559977515578735238310472949287111,477f563366c8b8d5931e58cde9626bf8,2
1.2.826.0.1.3680043.8.498.80313580693550912024103221258669390487,8af5e06d1aba7ea73dfeb181a1084076,0
1.2.826.0.1.3680043.8.498.80319546205646617603546887163539306146,9cf5c0ea3048b76e62c2144f025ed226,3
1.2.826.0.1.3680043.8.498.80325205657974094483016625702390834774,cee53636cfaa5611af629e035328bfc7,4
1.2.826.0.1.3680043.8.498.80391378873630377472192017862302619947,b06590bf8326da4d670dc2cdaf1236a9,0
1.2.826.0.1.3680043.8.498.80433141990021472112645841723991584182,3f044eb0fbf4a5ddee63226e81d9e6aa,1
1.2.826.0.1.3680043.8.498.80458507774711142534182397228254444268,4e53ae1d84df7dd3368830113d36d312,0
1.2.826.0.1.3680043.8.498.80492324225032367918842505447056622561,0ea0ccbd7708adf5f0945434c9e45936,2
1.2.826.0.1.3680043.8.498.80514754572353458107286859773300865138,254b0696fe3f2f398fa1921f90afbdf6,2
1.2.826.0.1.3680043.8.498.80556515221794602430701573588498144286,06a174e0fc7d3f67e83b902b66455796,4
1.2.826.0.1.3680043.8.498.80557835452734362083552169469427388003,c076200d3eeae314f3ef4b2a9dca97b1,0
1.2.826.0.1.3680043.8.498.80589796918823112368758999678369292754,0d29e42f1e8627abfe06e1f38f51bb03,1
1.2.826.0.1.3680043.8.498.80612964209397056653334784776523875647,55bbe54cb1b8be836ff35a8be92d7dc0,3
1.2.826.0.1.3680043.8.498.80627605463642274852766102874822833365,51a8c6811fb741e02efc0e77e3d17672,2
1.2.826.0.1.3680043.8.498.80629565747112614845746475820152813307,8fe3011f2a312800dc3cf961cc649388,4
1.2.826.0.1.3680043.8.498.80642348849062865125509773837278900750,b2f4e20cf1f7ea5fc08e48ed4edc69d7,3
1.2.826.0.1.3680043.8.498.80643480554795312280333659144941545925,15203d9ddc275e3dd0ec6e20133f567e,3
1.2.826.0.1.3680043.8.498.80651977424179089141346174053751183506,e56376b49cd7795d9db6bafdb7739a23,0
1.2.826.0.1.3680043.8.498.80661392139668653552110941896475066204,d61d9f722a3a23df50f66a91c1af04af,1
1.2.826.0.1.3680043.8.498.80671597537348112977780954910198682272,9cbac89882a15a66f5245f958e46043c,3
1.2.826.0.1.3680043.8.498.80698510014594772882040509716764819716,255d714d1c99d7b1225f56207d03c3f2,1
1.2.826.0.1.3680043.8.498.80726797831040227285328789648680519664,48979c51fc0fb7173601f5de515f0e05,0
1.2.826.0.1.3680043.8.498.80735285867775404153100236162962472952,2dcaad2a6cce2559832fdecd8c82a015,3
1.2.826.0.1.3680043.8.498.80741358365199721720335324482078866565,342ab6205b0c3a6b4eb82378fe9784c6,4
1.2.826.0.1.3680043.8.498.80758336123908522542787716219939751704,44c412d5836c905a768dbec01fe3b753,0
1.2.826.0.1.3680043.8.498.80851365368114686105558347899990395309,9e11302b9373c3df2067a5d71c8833f2,4
1.2.826.0.1.3680043.8.498.80861108320341696163987804408524915999,723177aed8b55e4643ef75706eb295ec,2
1.2.826.0.1.3680043.8.498.80876235930771882271600826613593202364,5734bbcf5b345867e32bd024958b6e63,0
1.2.826.0.1.3680043.8.498.80878057166752747059190481131529937715,4a15ac8fabf0130a3e21cf375acf6358,3
1.2.826.0.1.3680043.8.498.80886525412417948114478368374120704834,f5fcbcff877a53ddab809f30b03212a0,4
1.2.826.0.1.3680043.8.498.80931292574057303692838531323879513417,921c72ebfdfb0c4028ec6296764c5baf,3
1.2.826.0.1.3680043.8.498.81012548926053584036386949658594985125,3a9ae436426225899d6e80b6027367ed,2
1.2.826.0.1.3680043.8.498.81018911907787774214591206085583545057,3e7c4a0613984aaf688b827377ff85e3,2
1.2.826.0.1.3680043.8.498.81024897463656728358703040759074583549,cba916fdf4622d3a244e7f4ac6f7ac0b,3
1.2.826.0.1.3680043.8.498.81031057654953109295788159826841315360,33ce08f89b669e117c2654f603e783d3,4
1.2.826.0.1.3680043.8.498.81096597169632636454986988944050298701,02c37258ac2dd54a894f6189e9cfeb7c,0
1.2.826.0.1.3680043.8.498.81103809943451790668501089584752866199,b2fa4cc5e81ffbe610768a0f3302d10d,2
1.2.826.0.1.3680043.8.498.81109405367395078564887780335570099673,4cc47cc3ea2ea747002765212617447a,2
1.2.826.0.1.3680043.8.498.81142440700884513521007992957945568924,c5428df698b96f16ffba839ecb40181e,0
1.2.826.0.1.3680043.8.498.81248820934296461385324385812581970340,5c111eafebec36000caf5d35fcf32ad6,4
1.2.826.0.1.3680043.8.498.81269884425000228604280521306949721859,c8beb8a523fafa9f6ebbc1791894b350,4
1.2.826.0.1.3680043.8.498.81327951282145199298572980264557740321,770b36993fe6cad3b5e4fe8a54a00c07,0
1.2.826.0.1.3680043.8.498.81342416992724702402763591633702802359,cb227ae3f67857157912f92df2a254cc,0
1.2.826.0.1.3680043.8.498.81347841116019279082226143308588516787,eee72821b5ce512567da20bb654c177f,2
1.2.826.0.1.3680043.8.498.81351574724227319632426427855692606694,8dfb07b711ae58c1a9515ad860acd017,1
1.2.826.0.1.3680043.8.498.81407504276375197122586620633759174421,d08e2d36773f584e2e7d2e6a59c8ba2e,3
1.2.826.0.1.3680043.8.498.81462603621780919719466264356289554669,8d83ea1110ad2a6ff13f7dbacde364c0,4
1.2.826.0.1.3680043.8.498.81464322239381998685473520085495957135,f4735131c999439c0f7bff0d9980aeb1,0
1.2.826.0.1.3680043.8.498.81466575994184158172641823163654418018,c3cae77745684493308f63ccdf01e8c1,4
1.2.826.0.1.3680043.8.498.81475058647553697318837239968139077272,d97f990775f4572576540ad6f6ed4661,2
1.2.826.0.1.3680043.8.498.81495303185504163367736663647489556517,955d3b6e72abeec1a6eb64dd439527df,1
1.2.826.0.1.3680043.8.498.81540134120507822899514611863725372563,902594c7f0680e12c4a9f91f8f66136d,2
1.2.826.0.1.3680043.8.498.81567030584250750745410094870790052181,7f4b4343a6533b34ec7790c08b0956bd,1
1.2.826.0.1.3680043.8.498.81590494282169434250974061642267472166,eaec7e87f10a40d2c0de842f065ae297,2
1.2.826.0.1.3680043.8.498.81629704995225424568187579791704967233,0a56c4816d3f79e483e9dafd96de0492,2
1.2.826.0.1.3680043.8.498.81631925197682464058124413934958934086,2b594f1d61bb9477db975781c2c24b9d,0
1.2.826.0.1.3680043.8.498.81651132686162360431299931833372141617,f7ffdec397a077224e09173aa08d373d,0
1.2.826.0.1.3680043.8.498.81651455914141365028015556083080638757,a93b068676763f7e0f250a61440854de,3
1.2.826.0.1.3680043.8.498.81692996137620934043276253858381812472,79b80bd1fc965b52370441bf812ca670,1
1.2.826.0.1.3680043.8.498.81698411330214788362326470979160431674,d743d68406afb2e07543cff3968a0dd0,3
1.2.826.0.1.3680043.8.498.81738571920712657790861120957086010772,251a2e526bb3005d2f5d77dd5ebb7c04,1
1.2.826.0.1.3680043.8.498.81740348974208459068937862799489495782,ce4974bdd218a4a84835417f3d0a55db,3
1.2.826.0.1.3680043.8.498.81790990482142045640192729399175106255,94a65997e63605c73a2e573be3be30e8,4
1.2.826.0.1.3680043.8.498.81793454171031578492222004629265937656,0ea6197f024c5b392fa5f330b1f4e2c9,2
1.2.826.0.1.3680043.8.498.81796385087779065457668769443782458844,3b6415231b0be2d0ac449bec554e5200,0
1.2.826.0.1.3680043.8.498.81797437102217585216278133168092577952,c8e9a494e32996d23a29180486f5fa03,0
1.2.826.0.1.3680043.8.498.81819209302731920404237374320026807282,3ade71564fc1356fa19666d976c2f633,4
1.2.826.0.1.3680043.8.498.81822709772232914298414700148454511661,4bf4788ce98d830f394cec9694543c5d,0
1.2.826.0.1.3680043.8.498.81832287065207835637503039077685315236,5b61359e3bafcabc40d585a5c3654e26,2
1.2.826.0.1.3680043.8.498.81892104897856100357169774214718573167,22c9ec349a08eef45ba3f22750d3816a,1
1.2.826.0.1.3680043.8.498.81927409938015158663782061022054347955,d77e284792fe029ffe9f577abb49e384,2
1.2.826.0.1.3680043.8.498.81957447654112577010261210572986132211,5993ea60c548e7c3356cd633b8170741,1
1.2.826.0.1.3680043.8.498.81964000393640770822199916465038759069,364dec9090d88fde5f5dac3c97209af5,4
1.2.826.0.1.3680043.8.498.81974732979506931694079719601760393277,f0e59d38b03d2e1f42b951b3b0311c5a,3
1.2.826.0.1.3680043.8.498.81981151447274200345866874172324295172,1afd02088ca569d45765fc134ea4c861,4
1.2.826.0.1.3680043.8.498.81984200870681776955493738987078746894,b17f369e11134cbd1f9371e552d21d0b,0
1.2.826.0.1.3680043.8.498.82012532783011843175172575198326783678,a249b46a4449af33b00a642cb4767714,0
1.2.826.0.1.3680043.8.498.82053853036886620816821481139413594407,da2c67e55feebb642940aaa949122655,4
1.2.826.0.1.3680043.8.498.82074883987134049971242727164506046476,4cb8535fa1cbb981393cb152ad963e6b,2
1.2.826.0.1.3680043.8.498.82143276307898132314496735515204481508,460890b6a076005a0b9240fb09906e3b,0
1.2.826.0.1.3680043.8.498.82144602300666174450721045102799681426,4f9f9d6324ba0197fb1fdadc88c1e31c,2
1.2.826.0.1.3680043.8.498.82157293611630605740641187215639204974,e7b5fbd54eba94bf66825916720c30ac,1
1.2.826.0.1.3680043.8.498.82166943552764439138333504456139890254,56e9b62c484883484b43bc8419d49859,2
1.2.826.0.1.3680043.8.498.82169173362972793731001247413129649263,ac2f9991684bef5487476e14c45751be,3
1.2.826.0.1.3680043.8.498.82272793832748838882752586678639564181,c7b89fb561f635e3c5c5c7f7b4397971,4
1.2.826.0.1.3680043.8.498.82355456395534835058857499033494900716,583c1ba51a0d9b6186691feca2a8bb7f,0
1.2.826.0.1.3680043.8.498.82414828460683289235183375457850096746,972f869529610d4b929f3339f181f134,1
1.2.826.0.1.3680043.8.498.82440268452598207215458064865523988222,9cf2a5d3a2182e435ee92d67d1d1a370,1
1.2.826.0.1.3680043.8.498.82447100001417065190678617013741085481,c6a97ac9077b3804df678abbea05764a,1
1.2.826.0.1.3680043.8.498.82481056562260046738834822905709207128,3a2569a7925ce51fc12e3f60b02cefa8,1
1.2.826.0.1.3680043.8.498.82498616123349854719801627024073383874,53d47c649fae4266a19caa7b3b3a4713,0
1.2.826.0.1.3680043.8.498.82523073559792523830827952754346276051,cfb46b2a9292a790176d6a78551b50be,2
1.2.826.0.1.3680043.8.498.82548251499640077572026404183402934330,6d2231ce65816e3ce87fb1635ccc4071,0
1.2.826.0.1.3680043.8.498.82548952153746644951736669119607083230,aec486d62aa70e2956c53a4cf77637dd,1
1.2.826.0.1.3680043.8.498.82579118531566493365068788437906656162,1f33e40cddca1f649499ee9d87fe7ce2,3
1.2.826.0.1.3680043.8.498.82582558624896662901163827145277490232,03f535b00ba63cc1335d295310b37be5,4
1.2.826.0.1.3680043.8.498.82587763533601760002619014353812074700,cc4c5805482e954e8ea7c6335abc9245,3
1.2.826.0.1.3680043.8.498.82591599611540849522609405219902904134,adaec3cfdbadf1017736b7470d581543,3
1.2.826.0.1.3680043.8.498.82655005222804459605894403147145992714,77f26800ced692603062f114c057e806,1
1.2.826.0.1.3680043.8.498.82731606763525898032678680051515732914,8588b5750dc3b5c0b2727867ed343063,1
1.2.826.0.1.3680043.8.498.82744514729782879778828512295184306538,42c48d9204a4edce24473e2076483eb2,0
1.2.826.0.1.3680043.8.498.82757616216788919181323176147396770758,fa87d57612d3ab240cd58e548edb49eb,2
1.2.826.0.1.3680043.8.498.82858981777405241601610241542173548956,917f60a5db03364714df96f57e0ecbe2,1
1.2.826.0.1.3680043.8.498.82902769135373284012762237744774967400,6b49bc3273514b1dd0d093528ee9d11e,2
1.2.826.0.1.3680043.8.498.82925474533853765570570726554869886925,bcab7cc0920e01c1f90f0bfc18302f57,2
1.2.826.0.1.3680043.8.498.82967086493280898295669930903240677729,6fd3109d40d317d262efcf62dc15b06c,3
1.2.826.0.1.3680043.8.498.83000639623679673469640458882929412717,5f87081995b49a9c66579bdf6167b8af,3
1.2.826.0.1.3680043.8.498.83028939839767027342482365275441078777,5a0ba2e3994f19c6143f7686434e617c,2
1.2.826.0.1.3680043.8.498.83030371526667747898709613600825477966,3dda92a5fd83a8a3aeadaa9c4559b442,2
1.2.826.0.1.3680043.8.498.83054899303871276184985881638619543362,7c277098b5f1a36ed0a99bca1ed8581a,3
1.2.826.0.1.3680043.8.498.83055401642066749019091368358783700783,6f68959a7e4e1f633b28b973830e2cf5,1
1.2.826.0.1.3680043.8.498.83061811791652434833797599835671351097,3b06dd817f7d52600642639ad822805d,3
1.2.826.0.1.3680043.8.498.83108474538388106770920972885900596508,be2c4305f51e1ab847fe2a8c791ae919,3
1.2.826.0.1.3680043.8.498.83121378128521985713113311344685112825,0ac7bf3e95685403090b23842bdc03e9,4
1.2.826.0.1.3680043.8.498.83152040259754415849193046299744699239,1e4ed7ec38b63dc169970b4e03bf6708,0
1.2.826.0.1.3680043.8.498.83220896521302064187926748035734200732,b707f39f920ddfd2935f705e469e0a04,1
1.2.826.0.1.3680043.8.498.83235374118671754689663732057314083332,0bc84272a97e436308e2ef699e916fc3,2
1.2.826.0.1.3680043.8.498.83237706274929081175032033288272528919,a71c4e60ffa0f445c0d199a758aa8928,3
1.2.826.0.1.3680043.8.498.83253778356746892201320443660102495790,0a7fd8f80624202f1a89ebf9dd06cb18,0
1.2.826.0.1.3680043.8.498.83271280040777227673434567660749430744,4949ed6ab43cc55cadc2c48cff41933f,3
1.2.826.0.1.3680043.8.498.83376388091077619281568190257019735638,c5f392e3dfdbe4e4558da443d8dc0c74,0
1.2.826.0.1.3680043.8.498.83384018761005700404957421316476952190,267095d9b34686cbd9ed4a06dcd0b12c,2
1.2.826.0.1.3680043.8.498.83456649088980869429062498344457162631,72e43afb6f7d88385d37c74876f42ac5,1
1.2.826.0.1.3680043.8.498.83465081013175989426506371406463660936,6e0e63c32340892b7ece14ff32695078,4
1.2.826.0.1.3680043.8.498.83495448827553002152296206085110883602,4e9858ed8fb59565bf65739e49c0de0a,3
1.2.826.0.1.3680043.8.498.83509478059288902959149676250911654986,b9de486b8009da999b93a2fa0b2fd579,0
1.2.826.0.1.3680043.8.498.83569065014916050100714967945484998462,6925a0737a4fac78d800727d602b089c,2
1.2.826.0.1.3680043.8.498.83602205818477323486169938182117122488,d295631f412c5eb9d237bcbd908332c3,3
1.2.826.0.1.3680043.8.498.83691358175810149975084604975065122220,c4c50c5339fdfd4ed8bb5c841aa89cbf,1
1.2.826.0.1.3680043.8.498.83740112248863750162633901687556705057,125e2c417b90cb49b83bd6a60f075b85,3
1.2.826.0.1.3680043.8.498.83747418172021065605877274971789603771,ef4d9806fc19aa9904d966a086e128b9,4
1.2.826.0.1.3680043.8.498.83847285247209768917850605454140194088,2eb7f2ca2f8621b2763bb2389f3ff5b8,0
1.2.826.0.1.3680043.8.498.83956129905762530953192730040209719910,8a108723248886ca01ceb17b9a4371f0,0
1.2.826.0.1.3680043.8.498.84007436672323587547274248257117331532,9887345f9c90f11304e1d609ef8c82c7,2
1.2.826.0.1.3680043.8.498.84047134932018909998648460546980598926,1194d3c7fc86824f10096bbfdb2d6bc8,4
1.2.826.0.1.3680043.8.498.84059077072076289248966490696872414783,7d78d635d098debf56a0b2cf91b6719c,4
1.2.826.0.1.3680043.8.498.84062602050757262792437893691591415560,9fb3af41afb6cc3077aaf368b94c0267,1
1.2.826.0.1.3680043.8.498.84062980592611347665739105270731842220,46b5f3e531bae39804ae44ebfe7168b7,1
1.2.826.0.1.3680043.8.498.84069767112794890061709127671908414399,ba7042f91675bd2b9069cdaa3173a557,4
1.2.826.0.1.3680043.8.498.84123495463663584148839831457665741488,15b3a6b504a0f01ff04f1ef9c2838437,4
1.2.826.0.1.3680043.8.498.84230432137191939390680841389370206819,7637375c33eaf24f05c16230e586c8f2,4
1.2.826.0.1.3680043.8.498.84238814030979264404768702945290704724,7a90952ce05fe639e393ee23d5590a63,4
1.2.826.0.1.3680043.8.498.84292569246911697141902796190329671261,1cc94a14d713580e90f756d1d15c0979,2
1.2.826.0.1.3680043.8.498.84347051904829814300575579670995018991,304be68a1b0ecd22845f4e455d3e3c90,2
1.2.826.0.1.3680043.8.498.84419297518873367123595080276985526259,31e13dfa87ca93875172acb16363a74d,1
1.2.826.0.1.3680043.8.498.84477198486144701928775090913243250655,96f7d0299a9e2fb6ae11fcba49b7c72d,1
1.2.826.0.1.3680043.8.498.84483080389344581106129884869678629612,d72a97944805a24063249512eee3f7b8,2
1.2.826.0.1.3680043.8.498.84486787871353595019134028899317143475,5783995bacfb0fa146ee8ddd285b07d2,3
1.2.826.0.1.3680043.8.498.84612593835203397696029057940345763682,9d1c4c061794b3651d9a75340e47bae6,2
1.2.826.0.1.3680043.8.498.84630493975910180537831353884518764364,042b65ab8aadcf0349f4dad256e4bc38,3
1.2.826.0.1.3680043.8.498.84646554968523210021448483220679710652,effac0746d9acff3a64deb16418a0992,3
1.2.826.0.1.3680043.8.498.84661341697154104963062177064495044195,946f7b3af9b27b4208fc7744929bec53,0
1.2.826.0.1.3680043.8.498.84709539128629951937294117586370340042,343a634fd4fe90bbb993829cbc21a923,0
1.2.826.0.1.3680043.8.498.84720476187201404764508451536959273676,2c84a1369e5914cfc43c0aab5122e848,3
1.2.826.0.1.3680043.8.498.84748479740284893375192048321707057482,88b2cea4bf76cd0062c408e1a0c41938,3
1.2.826.0.1.3680043.8.498.84827027113422423894439539536275453132,703004675287b502634693a1924d734e,4
1.2.826.0.1.3680043.8.498.84855341377363129926967387137216814518,5d28c93d09f75d271f800e2b7ea0a948,0
1.2.826.0.1.3680043.8.498.84857368518703570476541203284655412396,c46f80d83ec6303051646fe56a70dba0,2
1.2.826.0.1.3680043.8.498.84896756080952941537556818257863912066,bcff021406b919c60484db7fe7f4347d,0
1.2.826.0.1.3680043.8.498.84982310626395569925821771375535259394,10947a762e59498212a6144497f939d4,2
1.2.826.0.1.3680043.8.498.85004373913191467860228868467924401547,67a5010042bc59be06006eaae921f0bb,2
1.2.826.0.1.3680043.8.498.85031127696558971105465423134104223548,da81fd6c281993236705291ac59e01dc,3
1.2.826.0.1.3680043.8.498.85036616529391787087213173897728060798,22156bcabd7d67be133397b21794e20a,0
1.2.826.0.1.3680043.8.498.85095389649021071892478435298763928925,ed899c82adecd5a090994978f4f08390,3
1.2.826.0.1.3680043.8.498.85108719393967663738580518985514195538,b3b892eeb71d169dd6b7e5ef8b265ba8,3
1.2.826.0.1.3680043.8.498.85137704768728261642637391657270006448,1e54616ffc506e18396edbc0c84810d4,0
1.2.826.0.1.3680043.8.498.85194002080793317087210934629814349622,679a77b24166622c9255488f0ef29d4f,3
1.2.826.0.1.3680043.8.498.85212353344613461454490252928274988058,a5e5b1313cd945b705510d6809b5e6a4,4
1.2.826.0.1.3680043.8.498.85294435004325211584698794441083866921,06f89bf869c59eea6955d0427879e125,1
1.2.826.0.1.3680043.8.498.85326542895076582985200613540648336047,e58e466feebf0536bd7427f78caf8f9d,0
1.2.826.0.1.3680043.8.498.85333821516157983299252782678788406019,c09243ced7467a0d251f925464688017,0
1.2.826.0.1.3680043.8.498.85341019006931436802294963713199308935,35f80fd63706b5ef3f26eec54f6d5669,0
1.2.826.0.1.3680043.8.498.85347263026430684291021533170619978114,8492e181d537cc22819631e7f5f70465,2
1.2.826.0.1.3680043.8.498.85391052076760686301971262244561025345,b05a03d0ce3a26f69f770b5c5b1ef243,1
1.2.826.0.1.3680043.8.498.85397267100597758920280635204297906286,03f03cba13ae8d8a441bec5ee792b3ad,2
1.2.826.0.1.3680043.8.498.85416107585703628549041626609272707431,ce3be074c063ed6121c04fbc2b38fc72,0
1.2.826.0.1.3680043.8.498.85431902914673414035492907270636012892,7d54578a20b3032d77dc6f3baa059fd5,1
1.2.826.0.1.3680043.8.498.85454884397223412543050876117416146750,580c35df99c9b73419ef75940017f3ba,2
1.2.826.0.1.3680043.8.498.85464150757448712711832350617010924327,5f362a7805f992da0295d487eebf57d8,2
1.2.826.0.1.3680043.8.498.85475892602877115812059264719695919613,645f4140bfe6604b74ea583c4a39c426,3
1.2.826.0.1.3680043.8.498.85499036441349866810703945289793057098,7c167f8f6f82e44a1bed116efabaaa8f,4
1.2.826.0.1.3680043.8.498.85545102350084131396266710667808696561,5f285d96547cee6ee4726aa10916f725,2
1.2.826.0.1.3680043.8.498.85566900782101872452970957532250214590,54ef1cf5da8f6948fae4be80778ab0ab,4
1.2.826.0.1.3680043.8.498.85602291032341007550376696695283794665,d2d9ba6d2b1fd756cec3f22606fd62ed,1
1.2.826.0.1.3680043.8.498.85624441072689653093363046226467141762,d236d86b01a4e1a8adf05f8ef4ff447e,2
1.2.826.0.1.3680043.8.498.85646781189339988389190891868001374533,823072d3efacf085107724ba42b1a973,3
1.2.826.0.1.3680043.8.498.85649172620970194090967653766415467836,f0b43ef0995b8917d435f646bcf4ceff,1
1.2.826.0.1.3680043.8.498.85663162480758065951465617999516770647,d4a7afca30d9c38cc543c2e3cfd81b41,3
1.2.826.0.1.3680043.8.498.85687351346612079711706269264454944647,26b6c388342354c0e1b1f8c153f69f75,3
1.2.826.0.1.3680043.8.498.85715956158218184426400151797364834203,d2975cbeee10b64cef792ba5aafdb312,3
1.2.826.0.1.3680043.8.498.85719235937472088594405415004352845221,de1154c0f7c2fea9bce00a589828960d,2
1.2.826.0.1.3680043.8.498.85728170022176096748897349447671687164,c94427b444c8fd266a2f29ad9178290b,0
1.2.826.0.1.3680043.8.498.85735729179216019275685564112535593988,0e7271d05a5a040f2b5d3c01a0c38aad,1
1.2.826.0.1.3680043.8.498.85748882309364598407865143890978767674,b49fa1b3ed68abe4e647a077d42a320f,3
1.2.826.0.1.3680043.8.498.85760360279564672425828346507309104394,dae62274746d3d719ab39fca2e8e7688,0
1.2.826.0.1.3680043.8.498.85849908712977285006159496192673293501,87180afea0042263235b3d294d21cd98,3
1.2.826.0.1.3680043.8.498.85870577082315172424837183881210532800,890921208a45421668e9a15109b334a2,2
1.2.826.0.1.3680043.8.498.85879572979834912642178551098379145607,265098687bc1142732554aed420eb5ab,4
1.2.826.0.1.3680043.8.498.85882078780717905717989373451578844863,5704ef238166f68dc9f3bb8bded536c1,3
1.2.826.0.1.3680043.8.498.85883562680953255833567595509408888410,ae1b2b91b63741929574b4866cc98a0a,3
1.2.826.0.1.3680043.8.498.85890890545815190189345870912381925290,fae20a0c7b62e2a3c5a2b8a34d0b1d9f,3
1.2.826.0.1.3680043.8.498.85932495800565018166769303205378781707,2414ffd9d84305ca143b45be521f798b,1
1.2.826.0.1.3680043.8.498.85943737587102032370951456635167782343,c5dd1b502140fb64d400c7061b0a5ceb,0
1.2.826.0.1.3680043.8.498.85970222049966384156120176704985355996,7dfe4c871016e05a21e3b69b0a01795d,0
1.2.826.0.1.3680043.8.498.85976668143927055109184433855426232055,06b8f41a48d2d3d6a777eab0662c4e9b,4
1.2.826.0.1.3680043.8.498.85992037603186775437749979929724514304,2803c1681268c5de84c2826f6ab374c3,1
1.2.826.0.1.3680043.8.498.85992651772359515416050249463715355943,cf830dd00d63cd303e118e7f88ca4cee,1
1.2.826.0.1.3680043.8.498.86020966816754359840982061252012700091,6a8af61de8418df0022b767b158587a0,3
1.2.826.0.1.3680043.8.498.86029947807373604003071651721618330827,5ffca60539d50cdb30bc01705055afeb,4
1.2.826.0.1.3680043.8.498.86042942187650835661744645315369706668,b3e4961fc7b2bc561e8f6ada8d86b763,1
1.2.826.0.1.3680043.8.498.86067849233330188988240710585112183308,f18f15472b108a5d17baeabf3fa048fd,1
1.2.826.0.1.3680043.8.498.86082522186055358984181640226529351801,303165a49453b9a1c6ee6a9cb0947720,4
1.2.826.0.1.3680043.8.498.86117639434986594266345773277419881144,a778eed7fc19ab2d6f963ff33cb2127c,4
1.2.826.0.1.3680043.8.498.86142930956005716169649168306759482915,187575648834893e59d3f9ec0c99be06,4
1.2.826.0.1.3680043.8.498.86216155858324761845740646421500394797,e392d2fbc75f2c06f7a2d20b697cfd1e,3
1.2.826.0.1.3680043.8.498.86239793008693746155478763153154040128,e3008e7cd3d01895c7e43cd881efdd8a,3
1.2.826.0.1.3680043.8.498.86251314013737658351649446042801810374,a99276ea14f6141f2fb3e422c4c3049f,1
1.2.826.0.1.3680043.8.498.86263264208309369957750915520115390972,c59922adaf0c9cd3734271ca135c0bfc,2
1.2.826.0.1.3680043.8.498.86273853115722509980053190345047859057,be604fbbe8bf71dd0a69efc566d86c5c,3
1.2.826.0.1.3680043.8.498.86280033511814602594654628677479528508,19fa7d418ee88f90e18f4e7e55ee35f9,1
1.2.826.0.1.3680043.8.498.86285715293767810771609523819042157072,0529fb7a9d42ab6267b290aa07577321,3
1.2.826.0.1.3680043.8.498.86315835011470465506843590014408831373,fa56605f21821b3f34f9686278f7a707,0
1.2.826.0.1.3680043.8.498.86332035495941070455209594003499488889,71335b73aed6fba37a2e4fe439609df3,2
1.2.826.0.1.3680043.8.498.86341139705884690862568425859303870601,6908b56bcffb2008ce0196d47f73b1f1,3
1.2.826.0.1.3680043.8.498.86351141114604781108401133410934252655,25710d170a5dba27766831336128eeca,2
1.2.826.0.1.3680043.8.498.86405969333062807387894608315897106350,5c4f3f6629cb009487c076d8d4d9aea8,0
1.2.826.0.1.3680043.8.498.86409878732405036646840908998274047391,2807d9d93fe46db68cc71639c80ee231,0
1.2.826.0.1.3680043.8.498.86416984885007871128151024515780322767,e57df92eda261206b624c07dc2a83206,0
1.2.826.0.1.3680043.8.498.86422343639522250286002195622435564347,c07a08bec8cdfa7af2bef70e348a3b7d,4
1.2.826.0.1.3680043.8.498.86435271359723045834079326733478538148,d0c65469f801f1b3903655a474e3e330,0
1.2.826.0.1.3680043.8.498.86435890312227285216810145658548164773,b1477e5810a248b39e4e4c2b6f20b1cb,3
1.2.826.0.1.3680043.8.498.86516555757334047240474191101770683543,a625f2d044c7a633bba78df2fdbe44e7,4
1.2.826.0.1.3680043.8.498.86532643576908316499388520854820002133,a7f5880d69a1f8873000a08c86164fa6,4
1.2.826.0.1.3680043.8.498.86566584776908143877603164704838586097,2c368fa701cadfbf0f7af9c3869620bd,0
1.2.826.0.1.3680043.8.498.86583531066383395270546012510184348251,8d83ea1110ad2a6ff13f7dbacde364c0,4
1.2.826.0.1.3680043.8.498.86625876521226465945114246972542881955,cfe9419c79b9dca3cee049de9d92a618,2
1.2.826.0.1.3680043.8.498.86651345701812229172985086531423369421,9891e019d66b96ab77c7d683145e9de5,1
1.2.826.0.1.3680043.8.498.86715997235054599024919893656486735623,46a5dba7381a99a27c441a2da2cb9cdc,2
1.2.826.0.1.3680043.8.498.86733565200815744326667230375642936291,f1b428a4491681d6507234d384a1e8c7,1
1.2.826.0.1.3680043.8.498.86876540394528304678398111135600894869,ba34539c8da9d757970a9058b84c9c5a,3
1.2.826.0.1.3680043.8.498.86881633316011036335786865282908198831,4e89f86590377a740849984b302fbe3b,2
1.2.826.0.1.3680043.8.498.86968600239724310678905311244945464037,81df426f4034cae157b926c0d0b1fb18,1
1.2.826.0.1.3680043.8.498.86974853023888933977090539174537083409,23e64b017cabc8f54d32d569106938fe,4
1.2.826.0.1.3680043.8.498.87009029107490862793898457518597022930,cbe2f4fd3232d342de2af6ea59476334,1
1.2.826.0.1.3680043.8.498.87018440624359538250658207994111333051,11a0eded91c427c65242b9fb84d1d7e6,2
1.2.826.0.1.3680043.8.498.87046380372347615219261898797043742937,72566b72db1863a6668a9b1e28f40c2d,3
1.2.826.0.1.3680043.8.498.87064372531225943854092598173945043861,56f7805465f93db0a8587b0a7c69d8b4,0
1.2.826.0.1.3680043.8.498.87101276883427329522365304528449003589,4816b9c0a627f3890d8203cfbe06ddb0,1
1.2.826.0.1.3680043.8.498.87102698749288269439517333660896096520,e983936b4d7b359642ce5d02fe6a3ca3,0
1.2.826.0.1.3680043.8.498.87185817772180109135714642184874643715,e9d1ae6163c84af8475818726d4d22b7,4
1.2.826.0.1.3680043.8.498.87198191797585172912979594638355685739,76054a9b76dd20a7140dbfde99a12a1c,0
1.2.826.0.1.3680043.8.498.87208714421237491643915928765740747633,4e96aaf524e0561250a37f03703e2f22,3
1.2.826.0.1.3680043.8.498.87214831397290763080243320084625847148,2894d6224fedb811fb3a7b23f773f703,3
1.2.826.0.1.3680043.8.498.87222653734797522858506220026427900177,5d3c6b27d40efd33898346463c2b8be8,1
1.2.826.0.1.3680043.8.498.87223930502803944549504594723314220105,5486ef3763f8a0a79d275f664660b98d,3
1.2.826.0.1.3680043.8.498.87241650441242408799533998101943024283,06fe09bb9d1a8e356a21d339d9d158c9,1
1.2.826.0.1.3680043.8.498.87253761427012478584873622994909841751,4a962e82d055d868815c79bd05e54ebf,2
1.2.826.0.1.3680043.8.498.87262205711949358943515326577886508585,40d5aef8fcb2e9451c7623588def5b58,2
1.2.826.0.1.3680043.8.498.87267658933515453963224923798100651549,b4611b96235bfbaa162e9c6f95ff4313,2
1.2.826.0.1.3680043.8.498.87338030934656808032044071206920470285,50672c8c64f1d506b0ab26a0e6e19969,2
1.2.826.0.1.3680043.8.498.87404730020015145302086817782843205171,700c42350624ab47a57f8b49eb2fbd3a,2
1.2.826.0.1.3680043.8.498.87413924318793242918916384453755054267,e1dbce26e93dd7629256c4bd666f9407,4
1.2.826.0.1.3680043.8.498.87415625824966124550466651648244553892,57c4470234cb56c995b7887428e38254,2
1.2.826.0.1.3680043.8.498.87465202523430400780596885230492167155,6ea677afabf7cce44acdb9e4e6c5f92f,3
1.2.826.0.1.3680043.8.498.87476514600989622078259281213313867927,a4be0c4e8e218ae853c990c01065d868,3
1.2.826.0.1.3680043.8.498.87516159856486535118712846576943170757,7dfcfa2dfa812db433697d5a4b4872b1,0
1.2.826.0.1.3680043.8.498.87550037046735743504446944390018580426,bb2af048253d0d127f0b3dadaa852c43,4
1.2.826.0.1.3680043.8.498.87560916423885591029120178291827033868,177a224893a720c3c9a07bc45ebe3e39,1
1.2.826.0.1.3680043.8.498.87563449504927531224663601218159863518,40bfb0b84dc6d7cafabfcbf9f09a0e4c,0
1.2.826.0.1.3680043.8.498.87645071186049036230936726742129446188,72487b5f1799fc06b363104402aa07eb,3
1.2.826.0.1.3680043.8.498.87650297321648368205324227429768256110,fb18ca9503944180da667045063fb78e,1
1.2.826.0.1.3680043.8.498.87679606849449562627719676100773778015,377d01633bdf655d922c074f7b415b64,4
1.2.826.0.1.3680043.8.498.87680825247567493080163504511649789348,fcff4152808d255cc22c7edcfc152cfa,1
1.2.826.0.1.3680043.8.498.87742737485142445536023876862256284839,b8968452fd1d7bbb20f3624c96921faf,2
1.2.826.0.1.3680043.8.498.87761573479019057997334508266888503487,54216535a8a51a852aa03ba9544d0306,2
1.2.826.0.1.3680043.8.498.87769640167791104899516835133527936885,36930cebba8c3d4db19b412faaf84313,0
1.2.826.0.1.3680043.8.498.87797202230328868466634480198668365648,0ff12e2fc8ae242f629ca0f3ef1399e0,3
1.2.826.0.1.3680043.8.498.87799106106199445436621174506197684035,745c1b6d50ea27ab2f5fe78d23d34116,2
1.2.826.0.1.3680043.8.498.87845297884497964690686366000533570840,abc59dd0efe8c1740962ca397e1632a6,4
1.2.826.0.1.3680043.8.498.87876800169766592603600598167358214111,2600268e19bb83ed7699a64b1810a584,3
1.2.826.0.1.3680043.8.498.87900330305833722536121052961334699743,0fb397e58454b110ab787eafd6abb5d4,2
1.2.826.0.1.3680043.8.498.87998832540756872371878613339628615880,671f9b839c99a0f44039e22a83228047,3
1.2.826.0.1.3680043.8.498.88022456207467042544403752144674777523,7609ebcd26b03c0e4a6c9df53c6c8143,2
1.2.826.0.1.3680043.8.498.88064086448060280325724227239585797761,7cb85f3de01df1159447080cb915626e,4
1.2.826.0.1.3680043.8.498.88070896604159829163161019117970440189,8b24cae8dba566eb25ae4259f7ab9041,0
1.2.826.0.1.3680043.8.498.88074618626471004030644935418777151905,62f7409c0ae481e79596edb6ee25ab4a,1
1.2.826.0.1.3680043.8.498.88077418639301174409926781329613570435,f1793fe224c1cfd3428898e1e5d4bd41,1
1.2.826.0.1.3680043.8.498.88114918358665488269761388157480523350,6311a9bfbe0fca636bd55ebc37d6441d,0
1.2.826.0.1.3680043.8.498.88189503151202366936330411627291827689,8d83ea1110ad2a6ff13f7dbacde364c0,4
1.2.826.0.1.3680043.8.498.88211355128040927831407007101167868685,8d83ea1110ad2a6ff13f7dbacde364c0,4
1.2.826.0.1.3680043.8.498.88274753211076645976496220746740420894,ca4e5236a53100d623315bb3ec652f3f,3
1.2.826.0.1.3680043.8.498.88368930449171804348215887291291274615,2624c7a4dada78d2cf87df8e8acad994,0
1.2.826.0.1.3680043.8.498.88439732365857773633852840383740478214,9ffc5d47c2654d42270ae8f8f7ac1cd1,4
1.2.826.0.1.3680043.8.498.88457076333783710706782784856816112502,de0d5812f35ec65b3fd958f1394141e5,1
1.2.826.0.1.3680043.8.498.88466268868654468582661984391239692466,3e15867cb14aa28e4e81e956a3d4ded4,4
1.2.826.0.1.3680043.8.498.88480827968231439729532202780922145132,c9229a82f475ae37f3227996896657cc,0
1.2.826.0.1.3680043.8.498.88505044370271842163477475980178015566,16159c0151978baab2c2dfe90cccb7e8,1
1.2.826.0.1.3680043.8.498.88523737187772411911621088333701306485,6a300f4891ece09b5bdd759b08a664e5,2
1.2.826.0.1.3680043.8.498.88565389747258713872180859306907392080,d8d4ce9806d3d6b03554be285a1b5b52,1
1.2.826.0.1.3680043.8.498.88570871026022705696415758052703394453,dde2228293ddefb32bae6682550566a5,3
1.2.826.0.1.3680043.8.498.88571985843649843469694556575325271560,b4633bbcce8b5d02d57f987342687982,4
1.2.826.0.1.3680043.8.498.88574487918084130981335189023288704909,b668ea508697e06407692d1c6d86e517,4
1.2.826.0.1.3680043.8.498.88609906210780568637209291182572648571,f5e876a483b44285d66e663614031bcc,3
1.2.826.0.1.3680043.8.498.88620225126852321191690360547272730103,4103903c6bb7f222c7b49faa15daf3d7,0
1.2.826.0.1.3680043.8.498.88653085234639096911379842849193874077,653bc1e80b6f82dd46720bf04bfbdb69,1
1.2.826.0.1.3680043.8.498.88655485247489827200671636011965281184,ace3fd23ce035074c0c2e5db33dae894,2
1.2.826.0.1.3680043.8.498.88679328523895187500714090963655363787,660a4d4298b98e1467c9b0cb92ae37b8,1
1.2.826.0.1.3680043.8.498.88682169866098509464628948503453852928,efa6c42dad6cd053e26fa2b228de1352,3
1.2.826.0.1.3680043.8.498.88687994744258163246685527273559741656,de48a308c490f10dd380c042de92b2cb,2
1.2.826.0.1.3680043.8.498.88711356400820562340756013729440417015,e826bd1438194c09dce275eec51230ac,3
1.2.826.0.1.3680043.8.498.88726804476694411363564819498296119763,866d627139f6c21d2e9986de86bc4243,1
1.2.826.0.1.3680043.8.498.88752039058074948027322975455607258941,0e761e3562f7a3e7ba636d703ffd30cf,0
1.2.826.0.1.3680043.8.498.88753415430913291809543943690942744997,9becc534b435e3331f77f61b5ec87d86,3
1.2.826.0.1.3680043.8.498.88801151487634957068752641200383474212,d6ced8e522ab8a58c71b4d51c24dea35,0
1.2.826.0.1.3680043.8.498.88827276474694165071267273766912871459,f210e76a8aeff375008f959e1bf1ce5e,4
1.2.826.0.1.3680043.8.498.88845193477394064535233691626377077328,725af9d0ced62fc988c09ca2b5426e88,2
1.2.826.0.1.3680043.8.498.88872155446935518174304990308380906112,b932b0091b681d26577f811448d04617,1
1.2.826.0.1.3680043.8.498.88874647535130028956725641820977918615,0247f80d39ee6956dd523fefbde574b4,4
1.2.826.0.1.3680043.8.498.88896246957673838955012057210098034177,fb724280294ee879a1e9b708dbbd97c6,2
1.2.826.0.1.3680043.8.498.88899519473612920868099376939780201067,0e63412df75bda99d1db2da3e0e00942,1
1.2.826.0.1.3680043.8.498.88962401400598535739494671683916272476,351d54f1c784787c7ffca5ec07aa6bf1,0
1.2.826.0.1.3680043.8.498.88964371740619947193957393682095448256,5fe457bd2e26152e781800d9e11b4244,2
1.2.826.0.1.3680043.8.498.89026102874017923932934673207699042800,dbb065cfe0c9050e751318c0c5ab6876,0
1.2.826.0.1.3680043.8.498.89045629523485194086986785222960864883,324c4f160eeaebd5f103c8e22bf8540a,2
1.2.826.0.1.3680043.8.498.89048907638162719840222508855779172366,3dbace126b03ff935c0be98a6fff51a9,3
1.2.826.0.1.3680043.8.498.89074359486713340585710357399403393294,b5c17b4a80f0645ea383e979aedd4946,3
1.2.826.0.1.3680043.8.498.89110271437785174288044757208973128908,37dc4760fd9a5c818a71174668fe9c84,1
1.2.826.0.1.3680043.8.498.89123035099342878362576960682354791116,8d83ea1110ad2a6ff13f7dbacde364c0,4
1.2.826.0.1.3680043.8.498.89190511197564127079697151213577962649,30d9b5007d73a8bc07772efcf6375225,3
1.2.826.0.1.3680043.8.498.89204062904097086723738217311755833877,4e2633e950999dba41a945531ce143d7,2
1.2.826.0.1.3680043.8.498.89240184178186399632216878563608101260,f429a5d5e643871bf8fa31048d0f9b50,1
1.2.826.0.1.3680043.8.498.89247482662611898098489676481780144186,aabce2db62e833453447f8e7e30ca4d7,2
1.2.826.0.1.3680043.8.498.89302191571937190529967168726521003428,5b6284e99802edbd3e84b30b13674a7a,0
1.2.826.0.1.3680043.8.498.89307235192406983202868051697765144920,0fec6867884534bb4923917095272e21,3
1.2.826.0.1.3680043.8.498.89326347774248795083360112232993521530,688e890ed84d5b79d3290508a345ccd0,3
1.2.826.0.1.3680043.8.498.89332108074590559691047812196991368746,d4ddf7991c673415ac780b16c2a4f012,2
1.2.826.0.1.3680043.8.498.89346975863478164334871204856160071946,d558e64221e8286d1611117406755c54,3
1.2.826.0.1.3680043.8.498.89350648596674998203116057439419132072,c2beff25a26947d8edbe74296ef4f60b,4
1.2.826.0.1.3680043.8.498.89357823844365374776758395347764601030,2a56e9ee83d735e09f0617a19625953c,0
1.2.826.0.1.3680043.8.498.89416235692252764852783739140428958560,8334f22ab13fbd4596ca48018ed9a895,1
1.2.826.0.1.3680043.8.498.89423600201830685256510321877396547497,f61fe355ec8adb679fcd2e1796728c13,3
1.2.826.0.1.3680043.8.498.89445342796957655182687412965056270903,10112fd4e207ba91d017fcdec20ad6ed,1
1.2.826.0.1.3680043.8.498.89464179959474561696319051639748844244,455c75d36af9f52d95a58d28fecd18ba,2
1.2.826.0.1.3680043.8.498.89569762088162031469299314053759758927,5f2722284f693495e499f1a966ab4364,3
1.2.826.0.1.3680043.8.498.89576499383950909889665633610791093334,d54e7f550cb639a64f981da8c920297a,4
1.2.826.0.1.3680043.8.498.89584627944947813918297925813120247226,426aaa867b81903845a1fc2df0e4f785,3
1.2.826.0.1.3680043.8.498.89590880980421560369495600204866789646,9f9137a165fa0987222b7b52fe4b981e,1
1.2.826.0.1.3680043.8.498.89720428711655200442262503508409163392,f2a4e52d2a3ed980795c3733d9d2c336,4
1.2.826.0.1.3680043.8.498.89729486637365590877469535082675069395,8c7900e0d94474703012bf0a5f0b5aa2,1
1.2.826.0.1.3680043.8.498.89746004948304570186940283501211828475,9fd83424b662877438e562bc355e2c4f,1
1.2.826.0.1.3680043.8.498.89829843399218627892046362324057240535,008195d2a1617739e17c33a758948881,4
1.2.826.0.1.3680043.8.498.89842390998700046088751402253903762827,115809593ecbad350eef70d298468931,0
1.2.826.0.1.3680043.8.498.89857801102910604766959864464865910585,ba0060f64335c32f8447a6d9c90bbea0,2
1.2.826.0.1.3680043.8.498.89935384074170571164295050203650829722,a142899e611764c730f50c1d2af0a134,1
1.2.826.0.1.3680043.8.498.89943815722422273305517145510644432987,2839dbe4602aaa3bcadea1946bc1ce52,1
1.2.826.0.1.3680043.8.498.89953731420879076053772747816096629231,575ffee498edb9f0e1bc76fc3c22ce8a,4
1.2.826.0.1.3680043.8.498.89967772422936726289461201791871771011,5735fd1ab78921fb94268ca34478aadd,4
1.2.826.0.1.3680043.8.498.89987866402625167201267936974120824712,32bca1878ef5a0747fa206711c47ba9c,3
1.2.826.0.1.3680043.8.498.90003472003278237920648198243464374280,f197efd057d631ce53c277781ae7d8a8,2
1.2.826.0.1.3680043.8.498.90037507233074511524602897439257102032,49aac6a49e96a8c1eb9f02177d0f29bc,1
1.2.826.0.1.3680043.8.498.90057130466053377217652879986591534745,b051660b05e8eed9f66996acea46c5ad,0
1.2.826.0.1.3680043.8.498.90103210546658057701715546323552886913,4f21f7aa7330f083d42e5cb3c22b1dd4,0
1.2.826.0.1.3680043.8.498.90159195278632080234412316065469499332,e7ba0da3d81415ee3d8cd2b5be61e888,3
1.2.826.0.1.3680043.8.498.90170179734833731758923964833173536172,96922b4c959d3f32544bf04410083d24,4
1.2.826.0.1.3680043.8.498.90172333170788218623219231170360850947,63cd15b4c53d419df6ddeb9a2958b4c2,2
1.2.826.0.1.3680043.8.498.90193654806390401129887447441469319421,b134ff0a1f2325fcf3ece8417a838ec6,3
1.2.826.0.1.3680043.8.498.90206716031776606956011363950625953310,7be0cd1dd7b667b325acf653d33dbd7b,4
1.2.826.0.1.3680043.8.498.90223492515368389331845681759355261030,fd017a206daa8c1fd8b8b81fa0b21863,1
1.2.826.0.1.3680043.8.498.90227414485305096825508911050013279704,f1621e3b5711144aabaa117653e8329d,4
1.2.826.0.1.3680043.8.498.90251533154603802045666102095577144628,353124167f1f14df05dd8d0db529fa7e,4
1.2.826.0.1.3680043.8.498.90264300606047579088362539636050224478,bf568b72a70090ec55899069bc2efc4d,0
1.2.826.0.1.3680043.8.498.90268709354762000249148795667759483876,936d08e020f3d3bf09be9695162accba,3
1.2.826.0.1.3680043.8.498.90274711315692820326973277297753398634,3fc462c9ec045d1b3981fb0b58ca1bae,3
1.2.826.0.1.3680043.8.498.90283565381042081768587894596970552767,ad89f2e22de099a62db1f16785c2e159,1
1.2.826.0.1.3680043.8.498.90288598546566291188788375261370919222,c4db9d6c835427786306e0c3df39cbd6,3
1.2.826.0.1.3680043.8.498.90299615112155255774026824400461236845,ad9873dc6be93012244a2f6bd21f50b5,2
1.2.826.0.1.3680043.8.498.90313529150165069133283531436628039942,2590fa73f8754478754683202816d942,1
1.2.826.0.1.3680043.8.498.90331082101665002495739626395247831768,089bbb2ebd01cb2b4f1890b8a4a32ea4,4
1.2.826.0.1.3680043.8.498.90340114291852810896219650388952790164,5c527bee86d5481111488648069a4b89,1
1.2.826.0.1.3680043.8.498.90342120331229511020327052213821820086,875e29c7034b8abb2bb333f31f89fa6f,0
1.2.826.0.1.3680043.8.498.90433488790413321102007716267340900056,210506a4460c777b35505e0ebd777a52,2
1.2.826.0.1.3680043.8.498.90446842983860370183814559926724769347,f0ef1ceb6e892965f5bf5a52b07a76c5,1
1.2.826.0.1.3680043.8.498.90466423642678253933409966898120881010,0b1cd988bd1c992dd3e20c0184158f44,2
1.2.826.0.1.3680043.8.498.90483774039833567637730989859822082272,4d96f7e98c168e9157a035dfa4474406,1
1.2.826.0.1.3680043.8.498.90490891782778285565462083536468192410,f0d3ecd04f328905eaf0aa27cef34848,3
1.2.826.0.1.3680043.8.498.90508461713737190527021531642732695353,1c52e6dea569a5d5d7b6c81f603c3c89,3
1.2.826.0.1.3680043.8.498.90514150380296346197442897381548735293,e2ea5e8c203d115fe9b3be6c5786511e,2
1.2.826.0.1.3680043.8.498.90551187439998209641370107095424494085,09cc3023a71f0ad6b15aa0423f7c66ee,1
1.2.826.0.1.3680043.8.498.90573769367031841574114648773801425781,2dae7ed367b4f4899cb376dfc7b5038a,0
1.2.826.0.1.3680043.8.498.90629760164319310375909187696899268080,f4a41d19a6987ef0bfa00682d72fd5c6,4
1.2.826.0.1.3680043.8.498.90668646188784648688693620159738574680,6ecfccb81e7d9e1f805e401191f6287d,2
1.2.826.0.1.3680043.8.498.90679199017361780574384378857945322240,4f92eb54da884b4d22c3ee591c1e0ad4,1
1.2.826.0.1.3680043.8.498.90751504670572401790063555695835439317,64a882660ccc0dba9fe2bbc982233b7f,3
1.2.826.0.1.3680043.8.498.90758414832541790868268922794274257839,16c7d3ffafae3032b46cbbd57fd352da,3
1.2.826.0.1.3680043.8.498.90764713690393618577990540005126771712,7201a38a38f940f70050788a8fdd5f76,4
1.2.826.0.1.3680043.8.498.90771070773751767226565553195436971014,12982c2c72adc5be02d1a48113c60053,1
1.2.826.0.1.3680043.8.498.90858397443821905121918628339486070979,b6c608092ad3b4c074dd986469609e21,2
1.2.826.0.1.3680043.8.498.90893882071188409362296099956462540506,00e15782955e2a25bfb165082530905c,4
1.2.826.0.1.3680043.8.498.90976227335921831531105845602655777296,694fd2d82dd224ce8fe930808e03f936,1
1.2.826.0.1.3680043.8.498.90985037792656682958281230441654772668,18199ed13eba21376b00d45ec4ad2569,4
1.2.826.0.1.3680043.8.498.91064647744940506223536204418057554573,07decfebb14c7872066b7418c46b517e,2
1.2.826.0.1.3680043.8.498.91106275065657355304239097295699332135,f187b576263b6de2572bffa0517ff614,2
1.2.826.0.1.3680043.8.498.91122873808284731048016330734204992698,8879358a2782d230313ae249870e477d,3
1.2.826.0.1.3680043.8.498.91124979914013108948829704350601987380,48606567081891504bde679c0c2c0dde,1
1.2.826.0.1.3680043.8.498.91125742927944703615970502025043944089,aba8b23b807d836a3e5dfbb648828374,3
1.2.826.0.1.3680043.8.498.91139126799820974665417903552066103454,21038c5e331db102a6f61b576f674060,4
1.2.826.0.1.3680043.8.498.91168270990167204047014161851340054645,3381cda7e7553d5dc2e87f72e35e5dfc,2
1.2.826.0.1.3680043.8.498.91206973544724011503639050238118945528,0a795432d83c532d79d292ebe43c26f7,3
1.2.826.0.1.3680043.8.498.91220255464004258635083940797356822178,ec99c3cbc77492ce73a4278b07ab5b34,2
1.2.826.0.1.3680043.8.498.91230059913252604666971822137553690811,c85fd543ba18fe30da6007b8fbfe56ec,4
1.2.826.0.1.3680043.8.498.91237082716839283641165609666644466929,bada330754cf3559525926ee27466f82,0
1.2.826.0.1.3680043.8.498.91262503278090288446189575519187653125,420dfed2855301c4b1cc6f915a2dd173,0
1.2.826.0.1.3680043.8.498.91323765268136520804399328350809179765,c1160fe634fff7bd2f49a14cc24ab59b,0
1.2.826.0.1.3680043.8.498.91328985601265188961626433080766431089,d9fcb33fee7782d00ecdbe0ace44c689,3
1.2.826.0.1.3680043.8.498.91346221361264140052760282748336176394,cc9adc41faadc641d0edd310227efe96,3
1.2.826.0.1.3680043.8.498.91361379904133499492465873800011777365,4168d848825590922ff6f436725e0cb6,4
1.2.826.0.1.3680043.8.498.91380337141071062166571333367919885984,4369fb30a1d5e6fc30c066bf63529ebe,0
1.2.826.0.1.3680043.8.498.91385694666101904780012335954322545042,22f396ab5b50089d916e84b6c1af9218,3
1.2.826.0.1.3680043.8.498.91391446167553025113367459399831345295,35081311870d2fba75b196f3e4a83292,1
1.2.826.0.1.3680043.8.498.91431012289716035498822977054491790785,730d15cf6187e8b3d0798a24de5c2bbd,0
1.2.826.0.1.3680043.8.498.91468214041781427810665883790357021637,6c0f91b559a90c4868d5984e3aceaad9,0
1.2.826.0.1.3680043.8.498.91497176426480836856097456438014037999,77f26800ced692603062f114c057e806,1
1.2.826.0.1.3680043.8.498.91499489440453244654238202136675083579,cc17a87095f6e5a8377faa64bf7603a2,4
1.2.826.0.1.3680043.8.498.91581717063042044543371480238854954692,9107de1735d57f466ac7cc27f0981f35,3
1.2.826.0.1.3680043.8.498.91606395836371290680039618164703651751,d980e9456a684a81118cd70094097fa5,2
1.2.826.0.1.3680043.8.498.91611403539216247154562810076063878924,fe769c016459415074b8651e97acb202,1
1.2.826.0.1.3680043.8.498.91660278231317256353374962767408532443,9bb03cc0f4e53870d9efc5032b5e8700,2
1.2.826.0.1.3680043.8.498.91686669332744972709173289374472094988,e35cf78abafc4d43fabf965ed204b2a3,0
1.2.826.0.1.3680043.8.498.91727248305411866145131034915485728037,b4549f3b133f2853f3af1271fe3e7dbf,2
1.2.826.0.1.3680043.8.498.91742054227008690570256869200116133922,c88723a056681eb8d991fd6b86df81f0,3
1.2.826.0.1.3680043.8.498.91744384920314309659802891351055961910,053cc85ae6a4a85e1bc035db2eb2393f,2
1.2.826.0.1.3680043.8.498.91839696756303525362262251587171486273,f9248aadf63ff88eb23c761618772cfc,4
1.2.826.0.1.3680043.8.498.91860013313252950044036077977399321593,704b41783e0da76c4dd3e232f83b81e8,2
1.2.826.0.1.3680043.8.498.91883829404782805058767342767479130421,dc476d1b91e09763882e1b8a19ace13c,3
1.2.826.0.1.3680043.8.498.91897419008563027309752122760214275182,ed4618388cdd1f420ede03112590c056,0
1.2.826.0.1.3680043.8.498.91910585599088493175245713843727208369,aa32796e567161291dae62271f309034,4
1.2.826.0.1.3680043.8.498.91913894091933783677568170210064807665,3cc8d3f66778032653dbfa889a0da5f7,2
1.2.826.0.1.3680043.8.498.91940000162714863613139612302783091395,491150edaff2be7da27e0bfc43a63188,3
1.2.826.0.1.3680043.8.498.91979363712708769014277114061159398016,af8fe7c1370d0a086724870dcb41f119,1
1.2.826.0.1.3680043.8.498.91991985280680856830060431668414014465,5c8aac3bb1854fe2ca05c0fb417ea55c,3
1.2.826.0.1.3680043.8.498.92030581934838097812004394123949263069,7cc34f419e4164394be4dd7fe585e7e2,2
1.2.826.0.1.3680043.8.498.92063841381005962285592592672311044745,0ba749dc67303ac42345ca7f3609b393,3
1.2.826.0.1.3680043.8.498.92071199603599654827155753204585082303,590de0b86ce25ef7d46a2a6833633dba,4
1.2.826.0.1.3680043.8.498.92126358259118823397932994812520542494,a8120d12d714ecc3e17bb66f721c3778,2
1.2.826.0.1.3680043.8.498.92127426417720107708158713612888411025,e202607f7fbe5ea304cc3ba15f704771,2
1.2.826.0.1.3680043.8.498.92222956609345084635188178384706987675,c244fd87588fb01e794490bdfa4426d1,3
1.2.826.0.1.3680043.8.498.92249560662718438332916289759028859881,74e3b925490b96663f65b40ec733cf0d,2
1.2.826.0.1.3680043.8.498.92285140961160393284537044926797259671,bb91f99c11cabc3cd7f01a777deae228,0
1.2.826.0.1.3680043.8.498.92301915122994899889226415477164044164,6d844ad6239d227435f440e4c5626b36,0
1.2.826.0.1.3680043.8.498.92326467051364762529119362944559591665,f95956ffc76b5cdb595017f00a8c32da,2
1.2.826.0.1.3680043.8.498.92386519544130078776672685639580497728,02f62c44beb812529cc4c8d82f314e14,3
1.2.826.0.1.3680043.8.498.92407834172018110142589158281575319154,6bb9cfd3ce691e22c4d5bb1ef51040f3,2
1.2.826.0.1.3680043.8.498.92410537691481397330646029810090178745,88d876fa9cadcee1fe98c5d2aa841f4a,1
1.2.826.0.1.3680043.8.498.92445779773398371452908052305534240654,bd49dee8003e76520777104258d291a4,2
1.2.826.0.1.3680043.8.498.92449204325697143336618138322280397765,900db0f064400b599688b8387c68452d,4
1.2.826.0.1.3680043.8.498.92455257597708674644536154732642099964,144fb4c6c4cf62a45229aabc1722808d,4
1.2.826.0.1.3680043.8.498.92581137608969847756039955144478716506,f4d542fe4cf46834c073b2820b0fa789,3
1.2.826.0.1.3680043.8.498.92597065276819676534178545455668171085,aecb071eef8f12e82ec78652aa8de91b,2
1.2.826.0.1.3680043.8.498.92602515666185999130675702469977883616,4c7a1248ecedd2c089dc4fb09c9ea402,4
1.2.826.0.1.3680043.8.498.92621720172216795135762712303124932801,7595a8c13aaf6e96620fc679d2710684,1
1.2.826.0.1.3680043.8.498.92626490033376759309712417622692944095,654de3be921435452a26376a20601a10,3
1.2.826.0.1.3680043.8.498.92650426727723557280117118587545413917,58c594dbf06bb791c14cd759307c0603,0
1.2.826.0.1.3680043.8.498.92655291659311409459093330375014445330,85e06b0a9ea0175b70fa2a075fe55cc8,2
1.2.826.0.1.3680043.8.498.92682287574388138675492893420192905780,683a391c2ae59763c18c754c5f238033,2
1.2.826.0.1.3680043.8.498.92715232057122971236003034574127234433,03dcde00b3d1180219ed0a33c652291f,0
1.2.826.0.1.3680043.8.498.92722393862174380736027353110424417588,ec23efecfd929de81d89d74a786bdd3d,4
1.2.826.0.1.3680043.8.498.92758635328468215409701857842011454608,b397c4a705401f29fd81f853e948390d,3
1.2.826.0.1.3680043.8.498.92839397144213404004277739877191283401,c0033ad9a0e152090ea2603e85795950,4
1.2.826.0.1.3680043.8.498.92854445271746966212168817610305595078,c3f892df61284c0b219543f55977540d,1
1.2.826.0.1.3680043.8.498.92902692647544828045768164058889405369,818bf0bb1f8a3779066a4519d91aae21,4
1.2.826.0.1.3680043.8.498.92925901047699000727725798824992891055,36930cebba8c3d4db19b412faaf84313,0
1.2.826.0.1.3680043.8.498.93026010065162534828966791702007067882,53ff638dffa1bc1f40b1b1b53732034e,4
1.2.826.0.1.3680043.8.498.93054327536380380487760790221613186305,0cb41e4d0edc6a67af450ec9d4ca6798,0
1.2.826.0.1.3680043.8.498.93062749017302143105207135454940053142,bf803fc9cd6a6d001160d9bcf8d6b1f8,1
1.2.826.0.1.3680043.8.498.93096918345463865518663434763610016449,c8a1e464a07573025d4145e77e1e8297,1
1.2.826.0.1.3680043.8.498.93104685852024334015651558514195715956,40038baf49cfa86a845bd324ebb22f72,4
1.2.826.0.1.3680043.8.498.93141871723058796160969424330424882014,5999403be638b47eeb92f42d0c5ce5f5,0
1.2.826.0.1.3680043.8.498.93177444420568709574758402836371200945,d5bc1809abb4ac3753728a44098c90f5,2
1.2.826.0.1.3680043.8.498.93182602591865019295859776146674822677,052c816c2d504001db094a4a28a39740,3
1.2.826.0.1.3680043.8.498.93188773180403601524488403580611534053,446f7d07e1e918d1a1a196444cf2a114,4
1.2.826.0.1.3680043.8.498.93222021909191248270818335069738080963,1709e02648e0c05d52a58576734ac737,2
1.2.826.0.1.3680043.8.498.93230313557251171119475173996942942855,8767a5f34c35d93ad31992bca7ba50c9,3
1.2.826.0.1.3680043.8.498.93301337627536436086612556500687157032,0c08f4574427f9d096d6a86c0cca7dc6,1
1.2.826.0.1.3680043.8.498.93318293884671598055223778443354732793,da82e7df5d185d988aa2e5e8777b796b,3
1.2.826.0.1.3680043.8.498.93344237572402384894445814841725878706,e422bc626c27d33e94f1acbe2adddaa5,0
1.2.826.0.1.3680043.8.498.93359387652821116106937882388838959209,f851031d562286d88f3c5542b216d096,3
1.2.826.0.1.3680043.8.498.93385433312281352893457225415812880948,037d963070a95c9640ed4377a402827b,3
1.2.826.0.1.3680043.8.498.93478919245462741704531324128061533679,3176ff7199e6e70c0d3d6556b0a762d7,1
1.2.826.0.1.3680043.8.498.93555726419626687118723083838655757151,4c16d19146581163ec4edbd8499f0843,1
1.2.826.0.1.3680043.8.498.93623421864452751381778712192879121271,20835af0df892059564ccc10cfc270a6,3
1.2.826.0.1.3680043.8.498.93653421810951484288813767943453706233,76db0b4016a76972a47f96d0689a65ff,3
1.2.826.0.1.3680043.8.498.93655619137163635289231840294252859840,0a5e692bbf0cdcdbc0269b5e74a23489,0
1.2.826.0.1.3680043.8.498.93718451128867963123946970296603639068,c238e421129a9494bc8b009ff537c019,0
1.2.826.0.1.3680043.8.498.93719148934772792523193842156217224487,2360b0268be433efb91170d5202c65c6,3
1.2.826.0.1.3680043.8.498.93722352425168280299901366261374293722,f2ececec11b343142625dab45468b106,2
1.2.826.0.1.3680043.8.498.93728117237268000947508816107096388086,d15ab3e0fb79ad0dda92a4c17afa7a26,2
1.2.826.0.1.3680043.8.498.93747304211180517979657679136059719120,4f9f9d6324ba0197fb1fdadc88c1e31c,2
1.2.826.0.1.3680043.8.498.93774667493652492119129601342627338680,720b1fe12ff3d726d095ac2c471f2a31,3
1.2.826.0.1.3680043.8.498.93848205752465320137433228658870667418,99c97c4f48981ec4742c76c35ac50768,0
1.2.826.0.1.3680043.8.498.93902628119199416703899320994283313812,07271732e3baf566fd3b5bda36b1f948,4
1.2.826.0.1.3680043.8.498.93921993164883084178408030385007465064,853af336e9d787c850ad34afffca0ff9,3
1.2.826.0.1.3680043.8.498.93976819306514730278115540117878688308,89d1ef69692478075e916b110fcd13b6,4
1.2.826.0.1.3680043.8.498.93985093305024344873337249433396141838,692feca5a52e8b88a2e0bfd79fe7f5d9,0
1.2.826.0.1.3680043.8.498.94002633501154835018549300667479350401,ac3126d851dc7da4737e9a4f85f349d9,1
1.2.826.0.1.3680043.8.498.94027547274004055924993074754507802303,9e20b348da32cd3f5872a6f0b5712790,3
1.2.826.0.1.3680043.8.498.94030816415316308210133175314873817171,43e3928800f258e704f1611e8e805196,3
1.2.826.0.1.3680043.8.498.94069670011071682445520414370532541612,2a52ee937338f401929c0e0449c1199c,0
1.2.826.0.1.3680043.8.498.94117540970936035429846288243624086693,a7a4daf821655f86ad39701d71ff2078,2
1.2.826.0.1.3680043.8.498.94244885518758327449236878653096161475,d2d26775e754c020cefb9f2a21a9e80a,0
1.2.826.0.1.3680043.8.498.94252884278314596961426629318911909075,eeefcf0e5e301badd2acf2e221afadea,4
1.2.826.0.1.3680043.8.498.94255124739558547668304022649099251744,e7ba0da3d81415ee3d8cd2b5be61e888,3
1.2.826.0.1.3680043.8.498.94274898137310893945218731717226819541,64be0c7655d1ce28df51920818127cb1,1
1.2.826.0.1.3680043.8.498.94296943940827583101208235208463322140,4b999443eb7ed3e707e5afa733bfd8e5,0
1.2.826.0.1.3680043.8.498.94328216642444410827846344286227627425,7085f066cae8c7c8b9414b6bb326d073,2
1.2.826.0.1.3680043.8.498.94335780236370744781443631231792792083,2bbd16946e2015bc6c48d44af1df04e6,0
1.2.826.0.1.3680043.8.498.94381282809153270156987123429739805206,1362a009f130738c847fa24494ab4497,3
1.2.826.0.1.3680043.8.498.94393348753936295687030819683853459606,ef6fca2ee8dd89f39818232639fbfc0f,1
1.2.826.0.1.3680043.8.498.94433753471890306108089557761231739312,9aeec5d000e637533defd2e85ac8d3ca,0
1.2.826.0.1.3680043.8.498.94447683257072169359896104855962933413,c010c2d08b6e62d56bd46c219736440a,1
1.2.826.0.1.3680043.8.498.94448720962054029575571654250994769402,d6138c3345640537408ce0fa164a76ed,1
1.2.826.0.1.3680043.8.498.94553664348118184200007654265863262684,440e05b2b603c98a5868fec777b0462a,0
1.2.826.0.1.3680043.8.498.94590838906158914501563687877014778914,cae2c37a3cd097e0fb26bda784277ecb,2
1.2.826.0.1.3680043.8.498.94594009911808653224418094594012527944,8067fcee9812bed0b73555cdf8351fa7,1
1.2.826.0.1.3680043.8.498.94601583997736688762302974573903982304,3f29171d1714e4dfc58728ae7f88d89e,3
1.2.826.0.1.3680043.8.498.94607524665407029611795868588964734480,fa782de3daa8e4bd1ed06568890760e5,1
1.2.826.0.1.3680043.8.498.94625454484290996254750481989036812516,3e0a761eead288ec472ce4bbb5feab6d,2
1.2.826.0.1.3680043.8.498.94635110520016467882028406590905441740,ba9e8df09194ece7ff2135af7b0f2543,3
1.2.826.0.1.3680043.8.498.94658317716039594639343437780115140531,48ae28de01a3d711d23342b2108b751e,1
1.2.826.0.1.3680043.8.498.94677297888135961827159679484207792618,b100c583d05a68ebc13a5cfcdce2778e,1
1.2.826.0.1.3680043.8.498.94722363227977785887442194094888460046,e1290fdfbaf15e2e90b788c9656904a8,4
1.2.826.0.1.3680043.8.498.94729634553835820944505159643192054175,9b31895883e82b81a3efa45f7086edf2,0
1.2.826.0.1.3680043.8.498.94747403767627336827372096100476526821,5e3541429bae92f716140529f72ed603,1
1.2.826.0.1.3680043.8.498.94753144127920558221268610279343359449,078696806cf157126af4b6c37e69e5f3,2
1.2.826.0.1.3680043.8.498.94761755148413531477206243804832613511,d90623afeea0bfa8c71a6003dd2edf15,2
1.2.826.0.1.3680043.8.498.94774472240035721003264951868030913589,b7c10b5274ebf457377cab0d993cdc0c,1
1.2.826.0.1.3680043.8.498.94798723424795346945893598929864335472,30d8d5f88133e14d22f02b8084718e11,4
1.2.826.0.1.3680043.8.498.94822220672465914426995315295921716764,ec3d41e4fabc8cd48d3759441662d9fb,3
1.2.826.0.1.3680043.8.498.94921929374845793599006362190119159537,6ce752af73bb2bc6998670fafd1fbb92,1
1.2.826.0.1.3680043.8.498.94944218313788305917509271079443871442,34412262a3ba028befa5fcfc5a3f6136,3
1.2.826.0.1.3680043.8.498.94945670991495145462605178471390637325,baa143b54bed581f0cd39b1229282427,1
1.2.826.0.1.3680043.8.498.94954489705497211843190734684710878341,e66b3865dbdcba98bc800239cef738c9,1
1.2.826.0.1.3680043.8.498.94955017957653373798729896600270551224,6e222b42cc650a26477b746765f376f2,3
1.2.826.0.1.3680043.8.498.95026524886584356226576936309513335214,fe1e0988159aac8ab108abf391bc1f69,1
1.2.826.0.1.3680043.8.498.95030266788619257057351879256576338162,21753de6390f30091c03127bde344d5b,3
1.2.826.0.1.3680043.8.498.95060380238431209646600378585422128745,9986043e881b6624b24c2c7260e0381a,0
1.2.826.0.1.3680043.8.498.95080449640993916851075185393444497308,800a5370c4c473a505735f620699a473,1
1.2.826.0.1.3680043.8.498.95091624999382167943525022414631622532,5e3541429bae92f716140529f72ed603,1
1.2.826.0.1.3680043.8.498.95113114010658169441709314948308683982,6c8e0ce4fcec942eb1a315802b7db6e5,4
1.2.826.0.1.3680043.8.498.95142886737239438773421088967802136318,f9e8a30a9fd16f7cf78fb3b468fd75ac,4
1.2.826.0.1.3680043.8.498.95193282490279394602564266574551123732,945db9d3c80db6ef0ab54c0e3ff49506,4
1.2.826.0.1.3680043.8.498.95196756237527666678816095708949563380,93630a9b7a5596cb713e8380400ba668,4
1.2.826.0.1.3680043.8.498.95223549428749744711279985897241419512,0506bcc47402c38172fd77ee673b5bf9,4
1.2.826.0.1.3680043.8.498.95256518245659249144569318023469597946,a9f758c93293736604b7b72c4da23a30,4
1.2.826.0.1.3680043.8.498.95262231945171099723559613554350591139,b460871d89c91adf265ce03d2adeefa4,4
1.2.826.0.1.3680043.8.498.95321750682026667237717880394536750835,08dfda9e2a3eafdff612cc6d2a0290b2,0
1.2.826.0.1.3680043.8.498.95324318295506605557933083155792587297,d4dbe9dab18120377fe507f5d44516ba,2
1.2.826.0.1.3680043.8.498.95334149193711661424105715330320414755,a8e57a01c54820843d70d5a8fcd4b5d7,2
1.2.826.0.1.3680043.8.498.95351925765761617117057799846763403963,87d261c964449c50b037a9fd5efbd8c2,1
1.2.826.0.1.3680043.8.498.95376417067109020835342111882595126109,1df9ebd231af8cc3411cbe7bb2683584,4
1.2.826.0.1.3680043.8.498.95433650759419050864053270236035947981,9b84306de88193a229ce046dec18e0b4,4
1.2.826.0.1.3680043.8.498.95464807346156547985763374990661923815,860253fbb3e58dd7dbfedf2200328267,3
1.2.826.0.1.3680043.8.498.95490888360439852685783476266753304657,7b0205f71e715a30b72d3448f3db9dab,4
1.2.826.0.1.3680043.8.498.95497572581157858069692837655072209020,0a4e362a9516613d3d8559146aace9f0,4
1.2.826.0.1.3680043.8.498.95500234888498554736637315199668317948,f9145eb5471c7a2c24ec7ed0d354a44d,3
1.2.826.0.1.3680043.8.498.95555755747044090477918262640906805885,2419e67c8a9195e652d8105cb94c00bc,4
1.2.826.0.1.3680043.8.498.95560861705581165570145459410262387310,312172bae9157ffe0e25f0b48c460512,1
1.2.826.0.1.3680043.8.498.95570207430778332247200880037915693375,278ba9168dd6c2bb350d59508c391df6,1
1.2.826.0.1.3680043.8.498.95586477246200285088746818821808017494,48fa9c786a418607b2262689f6a15174,1
1.2.826.0.1.3680043.8.498.95588576819758266413765165887081039863,4c9673bbb1faff949de35d7c7a158468,4
1.2.826.0.1.3680043.8.498.95601371640669355936785637162110963091,99b2839848e3e49c881ce3b9c7f6c7be,4
1.2.826.0.1.3680043.8.498.95621693348567815920675804584086926261,7eff8421db2aeaa3d272e07579aa2db5,0
1.2.826.0.1.3680043.8.498.95638601079527306640829424921455011698,052b534627967495752555dc6c510cda,4
1.2.826.0.1.3680043.8.498.95653228095828585867177997067051877351,4a8667a79cd79c410edcc01fdd50b8b6,1
1.2.826.0.1.3680043.8.498.95694598580744163428934772566469311180,92e09aaeb7796d7c3b341fe69c285c49,1
1.2.826.0.1.3680043.8.498.95705755527332814775935856896567782522,d9ddf05fe649628de7b326b36629fdc0,0
1.2.826.0.1.3680043.8.498.95720534093121754146413060811354489247,73d2a6242cbf0b141a22b41a33938623,4
1.2.826.0.1.3680043.8.498.95727100148189624148200652225439854460,eaba5360f338af9e0fd5268d6327702a,4
1.2.826.0.1.3680043.8.498.95728724960383464194568391302477328450,a0174ee96b8c7a4f9bc971d1a5eb6386,3
1.2.826.0.1.3680043.8.498.95777611643095956714301310992151723603,715f4c2815c36e9a3fad82568e78448b,2
1.2.826.0.1.3680043.8.498.95796009319232592137564145023096016872,4c857504230a5ad22fe4a19db4ed48ea,1
1.2.826.0.1.3680043.8.498.95850844945129153291759207212815927078,8031e1cf9cb6fc8e37221d04faeac32e,4
1.2.826.0.1.3680043.8.498.95864678405973312042815189771902289608,691e992ec7c587f772282c21aabdcf12,0
1.2.826.0.1.3680043.8.498.95882731821729917461275694847968503951,f46b335b22f7fc033d3bac3fee3df74f,4
1.2.826.0.1.3680043.8.498.95912798959818676102590029534562878721,cf03a716c6d7caf2906670247e96bd36,1
1.2.826.0.1.3680043.8.498.95918254432056542701730614049432316728,00e27f587b7b4decc634f5fb74c5cf97,4
1.2.826.0.1.3680043.8.498.95984406324600336713471618620285270466,2a1ee0694281f3bd1a89a394a5c0b957,3
1.2.826.0.1.3680043.8.498.96051765028927322365509303222455708654,4b167bdcfe87cb78792b0cd0c5c1c199,3
1.2.826.0.1.3680043.8.498.96054287426681123062488435620352206601,f15e7c92f413f70b05f8b5ccc28be24a,4
1.2.826.0.1.3680043.8.498.96094001324999448553107805455529187871,c79fd3c95f9a61f7e791c616a427dda5,1
1.2.826.0.1.3680043.8.498.96117880374445894729658092255088269716,5654c25300980ca597101b76894d0c27,3
1.2.826.0.1.3680043.8.498.96146854841734718524530740965296119916,5dab6c0c4126dfe71d66019c35cadec6,0
1.2.826.0.1.3680043.8.498.96152894373838410779390571000523933753,36930cebba8c3d4db19b412faaf84313,0
1.2.826.0.1.3680043.8.498.96158169859491339496094295508194547199,8f526afa1c72b008e8c673ec4aa6425e,4
1.2.826.0.1.3680043.8.498.96174494699876332875347380499122120925,f5fd07e8c180563618524b42167ac27a,0
1.2.826.0.1.3680043.8.498.96293531288862652713666056362328893428,aa6aea2261231f8d996a87bb6d75efc4,2
1.2.826.0.1.3680043.8.498.96316229168827165128604998083731481211,1c37488151fb6983f252e59314977130,4
1.2.826.0.1.3680043.8.498.96323485839061204012967074568679195142,7c94fd0fb1f4ea50a32afefa23b9c5b0,0
1.2.826.0.1.3680043.8.498.96425049974772570897047688166336162674,402695472cf0fd9d1b351784fda2460a,1
1.2.826.0.1.3680043.8.498.96448229695053562621553132798380456420,99cfa0a3fa5ddec900e21896488bc594,3
1.2.826.0.1.3680043.8.498.96483513352751590579274577125356217169,a079675972181985b49f6457308ca0dd,1
1.2.826.0.1.3680043.8.498.96510621665552630060821422211995212854,9a57814961696a7157aa7f4f71f306c2,2
1.2.826.0.1.3680043.8.498.96559819562317669526803257835398470484,404ec06fdf73c12e2323ced3f67e1591,2
1.2.826.0.1.3680043.8.498.96561978771090020509310535265236331946,986083093dc4886fa613daea9271499b,3
1.2.826.0.1.3680043.8.498.96562865861483086790615358719391771217,0ee67454725421f3f8157a14d458fc5a,1
1.2.826.0.1.3680043.8.498.96564709711765982786409987515735443801,0275bcc2b610a077a5d51995d3f78eef,3
1.2.826.0.1.3680043.8.498.96587029379314618196381307882235433083,b9c3c2d3f31dd2098820a0a0d6daf130,2
1.2.826.0.1.3680043.8.498.96614828054790815108190478795539254570,7af6f0495cb1193b70246b01e5e7e107,2
1.2.826.0.1.3680043.8.498.96621557839848412555023112236627663339,9531f1ba3494d6907877a7678cb72069,1
1.2.826.0.1.3680043.8.498.96657465815875587552665111166265086308,8c236a35d87d27b5660bf9efeae6fb77,0
1.2.826.0.1.3680043.8.498.96791010280967772394523567484937888186,5a037be65eaa03be30c15f1ad7bac5ae,1
1.2.826.0.1.3680043.8.498.96818533353374094273022322108861564926,a59d63286afe07cc21149a99f5ded30a,4
1.2.826.0.1.3680043.8.498.96846796615932368166905347054245013501,3f2291d25f87f5feacd3a372b69116b8,3
1.2.826.0.1.3680043.8.498.96859317329616917022799512740280754327,f7ba959969223f0906df764ab0603303,0
1.2.826.0.1.3680043.8.498.96943946564115188893954628924857155670,6eb0feb0b10cc2cea12ba2b0f5be5ee5,2
1.2.826.0.1.3680043.8.498.96944926470854551064948200936284887742,6a6a6ad4e1758ac16a75c3cfb1573e7d,2
1.2.826.0.1.3680043.8.498.96947237995559790704304892745226362883,3e4b1d4f445f6f816bb027621e65baa0,3
1.2.826.0.1.3680043.8.498.96950011369238410949579095568317214261,ba3ae818bddf6bb0f488c15581a13057,4
1.2.826.0.1.3680043.8.498.97003157807630958179276831877591411623,5bd06f036c23fd4b794c0886edc885d3,0
1.2.826.0.1.3680043.8.498.97004483591331502283638578516018997228,a3696cacf85969d1376bd473e9a37044,4
1.2.826.0.1.3680043.8.498.97020520267554584684160936968569132254,c15b8e7a8a13f06ed8f66d8b856a13c7,0
1.2.826.0.1.3680043.8.498.97042446513400958172996637321308032556,8ff14c9abe4b91975b3699ef9cd938cb,4
1.2.826.0.1.3680043.8.498.97055845147740306780908051236353219644,6e0759e3d8cc26604ebdb7ab997d4815,2
1.2.826.0.1.3680043.8.498.97087958215554026148585108910609248523,6630580c8b59bea7d47b29b5c3e31f7d,0
1.2.826.0.1.3680043.8.498.97107472223824971578324157203273471706,ba6b88cfc5cc6b5bc7312990df774ee2,3
1.2.826.0.1.3680043.8.498.97135552871905937467775630206570358085,396efd5e7d40ac3f9842a8b151879436,3
1.2.826.0.1.3680043.8.498.97156518925820521351080132062400795929,c64dca86b66b4f4635e4171eaf399c5d,4
1.2.826.0.1.3680043.8.498.97220604868276521004168045790587997687,b33efef1befe16065fb0febd0dc32beb,0
1.2.826.0.1.3680043.8.498.97234348688223610934999923021953923903,d7362459c17263db4840fa03853a26ec,2
1.2.826.0.1.3680043.8.498.97248397528214121944398119979516268902,7bac79c681a3735e60f2845143376522,1
1.2.826.0.1.3680043.8.498.97259766233250760343109933426776941754,442cd7f1bd28dd0783996128b3f4a98d,0
1.2.826.0.1.3680043.8.498.97259977321685658337087695233264517545,b97f7d9862751db2696e6aebe74ca338,0
1.2.826.0.1.3680043.8.498.97269744864161337523188705262974234442,24fac6c87fefb49ed3b6f9d24ca91671,2
1.2.826.0.1.3680043.8.498.97274720257634584071500649275217521662,ae6644c3597dab1a74be1ce15dee26e9,4
1.2.826.0.1.3680043.8.498.97274847570547462056218828853253311223,b4e25e7cf7bef89d7ae8f9263916f472,2
1.2.826.0.1.3680043.8.498.97296323335289879687414244774227160450,e7ba0da3d81415ee3d8cd2b5be61e888,3
1.2.826.0.1.3680043.8.498.97303893645051596044169857585815133097,c7030ba2a21b6db3eca6266d0ecf594c,3
1.2.826.0.1.3680043.8.498.97348112008590316355392924312704081684,c7b5c6deea573057a1a2207542df9656,4
1.2.826.0.1.3680043.8.498.97353980946516912216109392482235435606,76600c145020dd9726d8bfd7a1b80dcd,0
1.2.826.0.1.3680043.8.498.97400307568415006244714024769069514497,582a35ecd700abbbf5cdeba74ca712ba,1
1.2.826.0.1.3680043.8.498.97464332941382646555656038793589898504,4d8ac3761a7350aa7f9888444af6fd3a,2
1.2.826.0.1.3680043.8.498.97485476951995325021464683747847126869,43f7595aceeb385b60e0449f5fe738ac,2
1.2.826.0.1.3680043.8.498.97488501634729541923597957717971376373,6a431dcf907ed78d9363f851061c2ac3,1
1.2.826.0.1.3680043.8.498.97496319463700021339637597270948309369,521e069035fb14b223b126ff7d0c0585,2
1.2.826.0.1.3680043.8.498.97500632594529766269369977508352975364,118d18557733897b4dfab4e77bc04bfd,1
1.2.826.0.1.3680043.8.498.97520184067825971918316082134210579391,b080b3dc5eb3718f2486e13b3bb601da,3
1.2.826.0.1.3680043.8.498.97536230315600409983600607358927775480,4c2c6986d7d0dc4a73f58c9d8e73531b,3
1.2.826.0.1.3680043.8.498.97564564380731258764291146761742841527,c0211b6d825f3beae5084986c9d7eceb,2
1.2.826.0.1.3680043.8.498.97579738268290461886850261405719501384,226f4aaa7ebc41244cd21f98d5559c46,1
1.2.826.0.1.3680043.8.498.97600121574703193898619052529830275028,b0136a391f57adc1c13a71ba9e144480,2
1.2.826.0.1.3680043.8.498.97658595748192892503053963872409769829,72566b72db1863a6668a9b1e28f40c2d,3
1.2.826.0.1.3680043.8.498.97689748704772735695349883980413529091,689706b73558d12e306fc58efad1b85c,1
1.2.826.0.1.3680043.8.498.97694479664965569386338738579573728752,ae94b238ed5922cff6586182290c6740,2
1.2.826.0.1.3680043.8.498.97696436660690920809826140686268769509,9589c4e8c4108dd3f29c2842dc19e663,3
1.2.826.0.1.3680043.8.498.97705920250069816684861966612302390614,18bf35d854741b78359139eb8cb1c019,4
1.2.826.0.1.3680043.8.498.97731968872354496470096174559789586056,70f2c4ee19c992dd13666064deecd508,0
1.2.826.0.1.3680043.8.498.97759980486481979519068526243106370997,e13bb1d5c37b79a54b44f6ba28a8908f,1
1.2.826.0.1.3680043.8.498.97797693721516872008302328638374252668,24e88d4dda13be54adfaebb26fed7688,4
1.2.826.0.1.3680043.8.498.97830923192341890652952842494018952920,29b6d983b0783842cc1aab743280095f,3
1.2.826.0.1.3680043.8.498.97849030682292314880463675622456900933,754ccfc850d7838aae6408c2aa399f95,4
1.2.826.0.1.3680043.8.498.97909881548577311929907613359449243075,b4235fc99e34cf98099009268720f06f,3
1.2.826.0.1.3680043.8.498.97944261713902372188894456162512065499,c144d5e4ab425928b4bf904c72a5dfe2,2
1.2.826.0.1.3680043.8.498.97964867333695657200856428936254426086,36930cebba8c3d4db19b412faaf84313,0
1.2.826.0.1.3680043.8.498.98022738778461179495257509215244053198,59018c9dbc5c9f3d22611fe28dc124d3,3
1.2.826.0.1.3680043.8.498.98027050915885651900992366068887550187,2e774e290642dfc282ae2a7fe26d9128,0
1.2.826.0.1.3680043.8.498.98028018520101798863795620289151810642,3355ec78d04c6c5f514572a594fa1c84,2
1.2.826.0.1.3680043.8.498.98039072306618106705944452906395982381,1a691fc54a42f158e88b26153603a87d,4
1.2.826.0.1.3680043.8.498.98064941971367073978404461105852658265,d3db9bc1a53c40c0823da8b19bc1e4cd,0
1.2.826.0.1.3680043.8.498.98081486779628580946589119341754353354,9e9974b0b3350bbf2f670024214e277a,3
1.2.826.0.1.3680043.8.498.98102475310924339032647376491442498974,f2dffd969ce61174c80d372d7be00f21,2
1.2.826.0.1.3680043.8.498.98107112397588450345153336193341117589,617b35674d7da4be6572662d5dbaa632,4
1.2.826.0.1.3680043.8.498.98112373403331748422888362310572528002,b5c4c65dfda83b36ec32acd018c6358a,1
1.2.826.0.1.3680043.8.498.98143909986671737130865120569673002676,9cc5e59acf35144852638ce5a89aed7d,0
1.2.826.0.1.3680043.8.498.98146155044178593810385943365143374814,142582625e88a34036b5ea382a257d13,0
1.2.826.0.1.3680043.8.498.98151095279541278201351784048265686573,85537c42a1ed1b2c919cf00140bd1a6e,3
1.2.826.0.1.3680043.8.498.98181040478767526925214101502401448074,e4787b3bae73fcc65957933f780b2add,4
1.2.826.0.1.3680043.8.498.98239758242192048511912905088391835938,32be03d95e13b183cdf4d4c7dc7f73dc,0
1.2.826.0.1.3680043.8.498.98255454187594895604610283922744869720,bdb96f1fc3ca6f98ea913d522be6cb3d,2
1.2.826.0.1.3680043.8.498.98315778542448798493600485116505234132,c0718405f06600f3572719f2f9a4d33a,1
1.2.826.0.1.3680043.8.498.98333658788330318335997032513277632526,88d6875d0dc425dd69dd40060548fbcc,2
1.2.826.0.1.3680043.8.498.98343185597651455245996667389303915779,ec0d5e605e76b67b7b8129298d2682f9,1
1.2.826.0.1.3680043.8.498.98351891935507349137982199658103205287,8eeecbdec22f766001ab2765fafe94bc,3
1.2.826.0.1.3680043.8.498.98400072082366198211931728015692551635,5486b955e786043e687b9721b46c5690,3
1.2.826.0.1.3680043.8.498.98454206323401382140655387224146512225,e30a01497ab14e6a39ef737dcdd3c20b,0
1.2.826.0.1.3680043.8.498.98541661035340329000785741171799559104,cbefb4ba11c08ea161eb1985081d8ec6,2
1.2.826.0.1.3680043.8.498.98581537941208552065033680853629122764,9818a57d7745be86d7e38f92df17e0ca,0
1.2.826.0.1.3680043.8.498.98599322992880180540967962062521615070,9b50fbcd6fe6cdfc6a43d57be0006211,0
1.2.826.0.1.3680043.8.498.98676079331571304021387833410440136393,720e4837330ada73bddb5f7ad9c7b39e,0
1.2.826.0.1.3680043.8.498.98752901295449528283322564256444025625,7a954d9ed1db0ab14e46f0e79add0687,4
1.2.826.0.1.3680043.8.498.98781117432577714521231232440503778261,1d7ec3ada8900249fe4945054a5bf4c0,2
1.2.826.0.1.3680043.8.498.98795677271204502833293873138219040186,52de9f7cc793897fea130e3d53ee1f39,4
1.2.826.0.1.3680043.8.498.98824066826946884510314135448574304233,3c7ff3a88c55691d04f217e42b10de59,4
1.2.826.0.1.3680043.8.498.98828753472895685940998888332947119084,8fe0004cf95d7130a4286f65cb3af021,4
1.2.826.0.1.3680043.8.498.98871650330162988912501872031191530068,8ab311f7d160bf6ef78b8291117f14c0,4
1.2.826.0.1.3680043.8.498.98883718766501717651651876978607853803,108bd804153cee885d434a67605dd92f,0
1.2.826.0.1.3680043.8.498.98890851347757949328159691828768030366,bc969d31a9a61e247aa100a73d0fc2f4,4
1.2.826.0.1.3680043.8.498.98914528123216365374152816424181510781,a9a5a2ed5baf10ddbf31bba243821c57,4
1.2.826.0.1.3680043.8.498.98958651320983196982606333548522846934,91cf2913ae180b3899e7d6d9415f92bb,1
1.2.826.0.1.3680043.8.498.99052905406751383674032587504235261874,dbc0e6c78e9c1de9d1dd04cd40a1d982,0
1.2.826.0.1.3680043.8.498.99077241529686301278201179461896593659,f1d2439cbe517e51737d006edaac25b5,2
1.2.826.0.1.3680043.8.498.99088247184917460283293617180083591028,65edb661b42a1a22494d9a9408c17454,0
1.2.826.0.1.3680043.8.498.99108147913292332418681050058312852494,683939e86408fbb292d316c92a158835,2
1.2.826.0.1.3680043.8.498.99155175553749543768821558247962844052,1d1d5560a33a87428cbfaecd86b61fb2,4
1.2.826.0.1.3680043.8.498.99178010550062268668346041362629896201,3339b20dd08ea92a73de9b4eb31faabe,3
1.2.826.0.1.3680043.8.498.99237666579371266866432031468578336182,41a293580859db64514e8ea8dc6f9545,3
1.2.826.0.1.3680043.8.498.99243902497374852166139435719549686908,36930cebba8c3d4db19b412faaf84313,0
1.2.826.0.1.3680043.8.498.99257151613846084492342083136797222759,c32b83a737bcd564a07c49e30e70dc85,1
1.2.826.0.1.3680043.8.498.99303079292320085374389086609761974820,5ec239f048bad1b65379b95362fcd5b8,0
1.2.826.0.1.3680043.8.498.99309981642816644502709148844743995902,289bbde782dca386f56200e5527a6d30,3
1.2.826.0.1.3680043.8.498.99413398303724030328059886749330413303,330623c6b930eff82598575884ad0be4,1
1.2.826.0.1.3680043.8.498.99414163787650487720542840540379270468,6ee566cc60593d4e96347e83205a67bd,1
1.2.826.0.1.3680043.8.498.99438805806853675793560604625783460513,1357ea28c78bf197717eb0c5cbd4afe5,0
1.2.826.0.1.3680043.8.498.99441773159476751698123795913150660766,9779bb5a73bb8a97e82829b3871c8b5b,0
1.2.826.0.1.3680043.8.498.99444110025206148999881196086066868280,e3187f3496a9222b4aa238bedc71df56,4
1.2.826.0.1.3680043.8.498.99448612525108835020450967944392129536,72a287b4f8edab8bb31693e52c88cbea,1
1.2.826.0.1.3680043.8.498.99454657594216441037514296544803013407,7045284dc326805be2c43633ea6ff61f,1
1.2.826.0.1.3680043.8.498.99458163491875066451936719024359566928,4a6218fe55486269f204ab551cafef7c,3
1.2.826.0.1.3680043.8.498.99493257395588095270208592176887619190,369897649f5005aeced4f59a862cc824,0
1.2.826.0.1.3680043.8.498.99526998617163591447503530185291775961,706b68f3dbaa546afadccb638d2e40b4,4
1.2.826.0.1.3680043.8.498.99577045720075471058329330051900767206,bd99d8cf86bc0f546ebbdc0b2446280c,4
1.2.826.0.1.3680043.8.498.99578894341571394220300473118855007095,c354b4e2787c6fe6b3c0beb917936910,0
1.2.826.0.1.3680043.8.498.99635784824711754116112241806442235135,e698fcb5085daa7a995ebefb4cee8796,2
1.2.826.0.1.3680043.8.498.99651725851820083142440965238449655973,2e59a4749a007a1949eb17a840bb5a4d,4
1.2.826.0.1.3680043.8.498.99708702196778120583644711299950439036,98c29fff0963ea3c874335936db8a9a3,2
1.2.826.0.1.3680043.8.498.99710592666731203419714499168506345263,b0afdc07dca00d204a0b0d0ac32f18d0,2
1.2.826.0.1.3680043.8.498.99725523560254732094432244556623376711,b874555ea986e0365b15d865dd329cea,1
1.2.826.0.1.3680043.8.498.99726731706411379395165830480890405115,fa6fbe4d7c7905dcdd32e4e3657d57e5,0
1.2.826.0.1.3680043.8.498.99768154649604643975127490783989114506,7ebb923ecf69f2b92aa61a9e6dd2cea9,1
1.2.826.0.1.3680043.8.498.99813269006669714758887909212386431934,2542f771ad759f74198034e1f0d6ba4d,0
1.2.826.0.1.3680043.8.498.99826037216341310731701527407057049820,1c8c84a5edcee4521e5c4c88e7e9cf58,1
1.2.826.0.1.3680043.8.498.99827460918477409069820779642161448917,9fe507e1865bc064a94dba0fd59f85b7,3
1.2.826.0.1.3680043.8.498.99864345386635409953374818045984558970,60884564f886adac526186a55bfa17d7,3
1.2.826.0.1.3680043.8.498.99864558747514747686151806909794288262,6f31e946b93a1ab14e966c011b236fc3,2
1.2.826.0.1.3680043.8.498.99880021280666757817587834481314366555,c04eeccb60d15c927650607363c21100,1
1.2.826.0.1.3680043.8.498.99881620336512626242732899010111041290,751ef6ee49b747f393b5e34bbb7e156b,1
1.2.826.0.1.3680043.8.498.99926624968240681772735102303531613209,f543135cd7eb0d98e3b258ea919717fd,1
1.2.826.0.1.3680043.8.498.99939100657291954890286900729983287973,63824c953324c7355666eeb3f5befa14,2
1.2.826.0.1.3680043.8.498.99957611207313098696146908027229590966,bac853688a0b0660347c090d6dc0d286,0
